seed,p,n,k_star,p_edge,noise_scale,mu_scale,q_source,K_multiplier,K,criterion,mu_star,mu_star_relative,log_loss_star,auc_star,stability_star,support,k_actual,S_recall,S_precision,C_inclusion,causal_precision,correlate_inclusion,fit_seconds
5,30,300,5,0.4,1.0,500.49327816584224,oracle,2.0,10,log_loss,5.004932781658423,0.01,0.021649358614632776,1.0,0.6944444444444444,"[2, 3, 4, 15, 20, 21, 22]",7,0.8,0.5714285714285714,0.42857142857142855,1.0,0.0,300.8553719520569
5,30,300,5,0.4,1.0,500.49327816584224,uniform,2.0,10,log_loss,0.0,0.0,0.02160953498376631,1.0,0.5123015873015874,"[1, 2, 3, 14, 15, 21, 22]",7,0.4,0.2857142857142857,0.7142857142857143,1.0,0.0,348.31956791877747
5,30,300,5,0.4,1.0,500.49327816584224,adversarial,2.0,10,log_loss,0.0,0.0,0.19191160200856472,0.9857777777777776,0.4425,"[1, 2, 3, 14, 15, 21, 22]",7,0.4,0.2857142857142857,0.7142857142857143,1.0,0.0,336.3087160587311
5,30,300,5,0.4,1.0,500.49327816584224,pc,2.0,10,log_loss,0.0,0.0,0.023844228059544267,1.0,0.606547619047619,"[1, 2, 3, 14, 15, 21, 22]",7,0.4,0.2857142857142857,0.7142857142857143,1.0,0.0,323.1029942035675
5,30,300,5,0.4,1.0,500.49327816584224,ges,2.0,10,log_loss,5.004932781658423,0.01,0.021821455402417998,0.9997777777777778,0.7101190476190476,"[2, 4, 7, 20, 21, 22]",6,0.8,0.6666666666666666,0.3333333333333333,1.0,0.0,345.41418981552124
5,30,300,5,0.4,1.0,500.49327816584224,iamb,2.0,10,log_loss,0.0,0.0,0.02646439967513317,1.0,0.5661904761904762,"[1, 2, 3, 14, 15, 21, 22]",7,0.4,0.2857142857142857,0.7142857142857143,1.0,0.0,327.77812099456787
5,30,300,5,0.4,1.0,500.49327816584224,bootstrap_l1,2.0,10,log_loss,32.92911564230897,0.0657933224657568,0.04629938945693872,0.9997777777777778,0.5275793650793651,"[1, 2, 3, 14, 15, 20, 21, 22]",8,0.6,0.375,0.625,1.0,0.0,352.8628418445587
