seed,p,n,k_star,p_edge,noise_scale,mu_scale,q_source,K_multiplier,K,criterion,mu_star,mu_star_relative,log_loss_star,auc_star,stability_star,support,k_actual,S_recall,S_precision,C_inclusion,causal_precision,correlate_inclusion,fit_seconds
14,30,300,5,0.2,1.0,370.2134502222028,oracle,2.0,10,log_loss,3.7021345022220284,0.01,0.0791993919452067,0.9968888888888889,0.4144444444444444,"[3, 4, 12, 16, 17]",5,1.0,1.0,0.0,1.0,0.0,253.15614485740662
14,30,300,5,0.2,1.0,370.2134502222028,uniform,2.0,10,log_loss,0.0,0.0,0.08452977979516652,0.9964444444444445,0.45938311688311695,"[2, 3, 4, 12, 13, 17, 18, 22, 25, 26]",10,0.8,0.4,0.5,0.6,0.3,268.11108684539795
14,30,300,5,0.2,1.0,370.2134502222028,adversarial,2.0,10,log_loss,0.0,0.0,0.09580640120983328,0.998,0.45332167832167836,"[2, 3, 4, 12, 13, 17, 18, 22, 25, 26]",10,0.8,0.4,0.5,0.6,0.3,236.33991384506226
14,30,300,5,0.2,1.0,370.2134502222028,pc,2.0,10,log_loss,160.25656490580414,0.4328761281083057,0.09098933317361123,0.9955555555555555,0.5771561771561772,"[2, 3, 4, 12, 13, 17, 18, 22, 25, 26]",10,0.8,0.4,0.5,0.6,0.3,235.48565864562988
14,30,300,5,0.2,1.0,370.2134502222028,ges,2.0,10,log_loss,24.35757291162979,0.0657933224657568,0.05354103933170871,0.9973333333333333,0.5453030303030303,"[3, 4, 6, 12, 17, 26, 27, 29]",8,0.8,0.5,0.5,0.75,0.25,283.87910985946655
14,30,300,5,0.2,1.0,370.2134502222028,iamb,2.0,10,log_loss,45.64164450040403,0.12328467394420657,0.046043230653793954,0.9993333333333332,0.6493939393939394,"[3, 4, 6, 12, 16, 17, 29]",7,1.0,0.7142857142857143,0.2857142857142857,1.0,0.0,260.8655729293823
14,30,300,5,0.2,1.0,370.2134502222028,bootstrap_l1,2.0,10,log_loss,300.29154344825173,0.8111308307896868,0.058710290624633274,0.9995555555555555,0.6843939393939393,"[2, 3, 4, 6, 12, 13, 18, 22, 25, 26]",10,0.6,0.3,0.6,0.6,0.3,274.49406003952026
