seed,p,n,k_star,p_edge,noise_scale,mu_scale,q_source,K_multiplier,K,criterion,mu_star,mu_star_relative,log_loss_star,auc_star,stability_star,support,k_actual,S_recall,S_precision,C_inclusion,causal_precision,correlate_inclusion,fit_seconds
17,30,300,5,0.5,1.0,3650.7073670150035,oracle,2.0,10,log_loss,36.507073670150035,0.01,0.14555024485598067,0.9953333333333333,0.37857142857142856,"[4, 6]",2,0.4,1.0,0.0,1.0,0.0,371.29512310028076
17,30,300,5,0.5,1.0,3650.7073670150035,uniform,2.0,10,log_loss,0.0,0.0,0.12586443551849305,0.9931111111111111,0.23500000000000001,"[6, 7, 8]",3,0.2,0.3333333333333333,0.6666666666666666,1.0,0.0,383.1140670776367
17,30,300,5,0.5,1.0,3650.7073670150035,adversarial,2.0,10,log_loss,36.507073670150035,0.01,0.1225623266870945,0.9913333333333334,0.2667857142857143,"[7, 8]",2,0.0,0.0,1.0,1.0,0.0,336.48853302001953
17,30,300,5,0.5,1.0,3650.7073670150035,pc,2.0,10,log_loss,68.40759070077472,0.01873817422860384,0.0418101586630867,1.0,0.35202380952380946,"[1, 3, 8, 17, 28, 29]",6,0.0,0.0,1.0,1.0,0.0,263.0778429508209
17,30,300,5,0.5,1.0,3650.7073670150035,ges,2.0,10,log_loss,36.507073670150035,0.01,0.052351588293399275,0.9993333333333334,0.44416666666666665,"[4, 6, 10, 22, 26, 27, 28]",7,1.0,0.7142857142857143,0.2857142857142857,1.0,0.0,339.70839190483093
17,30,300,5,0.5,1.0,3650.7073670150035,iamb,2.0,10,log_loss,0.0,0.0,0.07572190151780114,0.9973333333333334,0.24801587301587297,"[6, 7, 8]",3,0.2,0.3333333333333333,0.6666666666666666,1.0,0.0,309.74333691596985
17,30,300,5,0.5,1.0,3650.7073670150035,bootstrap_l1,2.0,10,log_loss,36.507073670150035,0.01,0.03182591866422179,0.9997777777777778,0.8285714285714285,"[1, 3, 5, 10, 27]",5,0.2,0.2,0.8,0.8,0.2,348.96391201019287
