seed,p,n,k_star,p_edge,noise_scale,mu_scale,q_source,K_multiplier,K,criterion,mu_star,mu_star_relative,log_loss_star,auc_star,stability_star,support,k_actual,S_recall,S_precision,C_inclusion,causal_precision,correlate_inclusion,fit_seconds
17,30,300,5,0.4,1.0,2043.0558077223436,oracle,2.0,10,log_loss,0.0,0.0,0.15542543362453376,0.9884444444444445,0.2511507936507936,"[3, 6, 15, 17, 25]",5,0.2,0.2,0.8,1.0,0.0,333.08563780784607
17,30,300,5,0.4,1.0,2043.0558077223436,uniform,2.0,10,log_loss,0.0,0.0,0.047409080664315914,0.9977777777777778,0.4119047619047619,"[3, 6, 15, 17, 25]",5,0.2,0.2,0.8,1.0,0.0,336.17437171936035
17,30,300,5,0.4,1.0,2043.0558077223436,adversarial,2.0,10,log_loss,20.430558077223438,0.01,0.05120703960164428,0.9968888888888889,0.22436507936507938,"[3, 17, 20, 25]",4,0.0,0.0,1.0,1.0,0.0,359.63503313064575
17,30,300,5,0.4,1.0,2043.0558077223436,pc,2.0,10,log_loss,71.73560664614911,0.03511191734215131,0.09435892084407549,0.9915555555555556,0.41587301587301584,"[6, 7, 13, 17, 25, 27]",6,0.4,0.3333333333333333,0.6666666666666666,1.0,0.0,319.09248089790344
17,30,300,5,0.4,1.0,2043.0558077223436,ges,2.0,10,log_loss,38.28313568386222,0.01873817422860384,0.049228700341542364,0.9964444444444445,0.4523809523809524,"[4, 6, 13, 22, 25, 27]",6,0.8,0.6666666666666666,0.3333333333333333,1.0,0.0,289.64032316207886
17,30,300,5,0.4,1.0,2043.0558077223436,iamb,2.0,10,log_loss,0.0,0.0,0.06478836433631506,0.9942222222222222,0.4015079365079365,"[3, 6, 15, 17, 25]",5,0.2,0.2,0.8,1.0,0.0,284.07185411453247
17,30,300,5,0.4,1.0,2043.0558077223436,bootstrap_l1,2.0,10,log_loss,0.0,0.0,0.07606954258359641,0.9913333333333334,0.29107142857142854,"[3, 6, 15, 17, 25]",5,0.2,0.2,0.8,1.0,0.0,320.93302297592163
