seed,p,n,k_star,p_edge,noise_scale,mu_scale,q_source,K_multiplier,K,criterion,mu_star,mu_star_relative,log_loss_star,auc_star,stability_star,support,k_actual,S_recall,S_precision,C_inclusion,causal_precision,correlate_inclusion,fit_seconds
5,30,300,5,0.2,2.0,256.0399388238618,oracle,2.0,10,log_loss,2.560399388238618,0.01,0.08054021023278597,0.9975555555555555,0.6098556998556998,"[2, 4, 7, 12, 14, 20, 22, 27]",8,1.0,0.625,0.375,1.0,0.0,260.67289304733276
5,30,300,5,0.2,2.0,256.0399388238618,uniform,2.0,10,log_loss,0.0,0.0,0.08920441871914138,0.9948888888888888,0.42496336996337,"[2, 4, 6, 7, 9, 11, 12, 14, 22, 26]",10,0.6,0.3,0.7,0.8,0.2,288.8689570426941
5,30,300,5,0.2,2.0,256.0399388238618,adversarial,2.0,10,log_loss,2.560399388238618,0.01,0.17864405547190182,0.9884444444444445,0.49810606060606066,"[2, 7, 8, 9, 11, 12, 14, 22, 26]",9,0.4,0.2222222222222222,0.7777777777777778,0.7777777777777778,0.2222222222222222,308.21822023391724
5,30,300,5,0.2,2.0,256.0399388238618,pc,2.0,10,log_loss,16.84571825915098,0.0657933224657568,0.09162592108483994,0.9957777777777779,0.6436363636363636,"[1, 2, 4, 7, 9, 12, 14, 18, 20, 24]",10,0.6,0.3,0.7,0.8,0.2,293.1089222431183
5,30,300,5,0.2,2.0,256.0399388238618,ges,2.0,10,log_loss,729.2109295224661,2.848035868435799,0.09130445757401037,0.994,0.7583333333333333,"[0, 2, 4, 7, 8, 9, 14, 24]",8,0.4,0.25,0.75,0.875,0.125,296.9557259082794
5,30,300,5,0.2,2.0,256.0399388238618,iamb,2.0,10,log_loss,16.84571825915098,0.0657933224657568,0.07156160826217042,0.9968888888888889,0.6710101010101008,"[2, 4, 6, 14, 20, 22, 27]",7,1.0,0.7142857142857143,0.2857142857142857,1.0,0.0,297.7647109031677
5,30,300,5,0.2,2.0,256.0399388238618,bootstrap_l1,2.0,10,log_loss,729.2109295224661,2.848035868435799,0.07773704345318641,0.9973333333333333,0.6765151515151515,"[1, 2, 4, 7, 9, 14, 16, 18, 20, 24]",10,0.6,0.3,0.7,0.8,0.2,297.78013491630554
