seed,p,n,k_star,p_edge,noise_scale,mu_scale,q_source,K_multiplier,K,criterion,mu_star,mu_star_relative,log_loss_star,auc_star,stability_star,support,k_actual,S_recall,S_precision,C_inclusion,causal_precision,correlate_inclusion,fit_seconds
4,30,300,5,0.5,1.0,5058.61641312879,oracle,2.0,10,log_loss,94.78923570488229,0.01873817422860384,0.07178973144883583,0.9973333333333333,0.3712301587301587,"[5, 8, 9, 14, 20, 26, 27, 29]",8,0.8,0.5,0.5,1.0,0.0,605.1480419635773
4,30,300,5,0.5,1.0,5058.61641312879,uniform,2.0,10,log_loss,0.0,0.0,0.0682710775244928,0.9986666666666666,0.3375,"[2, 5, 8, 9, 14, 20, 26]",7,0.4,0.2857142857142857,0.7142857142857143,1.0,0.0,32936.055082798004
4,30,300,5,0.5,1.0,5058.61641312879,adversarial,2.0,10,log_loss,0.0,0.0,0.12032281277128835,0.9935555555555556,0.44761904761904764,"[2, 5, 8, 9, 14, 20, 26]",7,0.4,0.2857142857142857,0.7142857142857143,1.0,0.0,249.90243911743164
4,30,300,5,0.5,1.0,5058.61641312879,pc,2.0,10,log_loss,50.586164131287894,0.01,0.05729082241191348,0.9975555555555555,0.4280952380952381,"[5, 9, 20, 24, 26]",5,0.2,0.2,0.8,1.0,0.0,359.7696361541748
4,30,300,5,0.5,1.0,5058.61641312879,ges,2.0,10,log_loss,0.0,0.0,0.13534924240314253,0.9966666666666667,0.42559523809523814,"[2, 5, 8, 9, 14, 20, 26]",7,0.4,0.2857142857142857,0.7142857142857143,1.0,0.0,401.8751320838928
4,30,300,5,0.5,1.0,5058.61641312879,iamb,2.0,10,log_loss,50.586164131287894,0.01,0.07148133001622389,0.9968888888888889,0.46428571428571425,"[20, 23, 27, 29]",4,0.6,0.75,0.25,1.0,0.0,388.6146230697632
4,30,300,5,0.5,1.0,5058.61641312879,bootstrap_l1,2.0,10,log_loss,50.586164131287894,0.01,0.051745843212497825,0.998,0.7142857142857142,"[5, 9, 14, 20, 26, 29]",6,0.4,0.3333333333333333,0.6666666666666666,1.0,0.0,384.19406294822693
