seed,p,n,k_star,p_edge,noise_scale,mu_scale,q_source,K_multiplier,K,criterion,mu_star,mu_star_relative,log_loss_star,auc_star,stability_star,support,k_actual,S_recall,S_precision,C_inclusion,causal_precision,correlate_inclusion,fit_seconds
1,30,300,5,0.3,1.0,550.5462465281106,oracle,2.0,10,log_loss,0.0,0.0,0.05147616849944784,0.9986666666666666,0.5790909090909091,"[0, 1, 5, 7, 11, 12, 13, 15, 27, 28]",10,1.0,0.5,0.4,0.8,0.1,297.79063725471497
1,30,300,5,0.3,1.0,550.5462465281106,uniform,2.0,10,log_loss,0.0,0.0,0.07794577717519498,0.9973333333333333,0.5518803418803419,"[0, 1, 5, 7, 11, 12, 13, 15, 27, 28]",10,1.0,0.5,0.4,0.8,0.1,285.50462198257446
1,30,300,5,0.3,1.0,550.5462465281106,adversarial,2.0,10,log_loss,0.0,0.0,0.06381757276043562,0.9977777777777778,0.6552447552447553,"[0, 1, 5, 7, 11, 12, 13, 15, 27, 28]",10,1.0,0.5,0.4,0.8,0.1,303.81611919403076
1,30,300,5,0.3,1.0,550.5462465281106,pc,2.0,10,log_loss,36.22226673013602,0.0657933224657568,0.07926054338086673,0.9975555555555555,0.3989010989010989,"[0, 1, 5, 7, 11, 13, 15, 27, 28]",9,1.0,0.5555555555555556,0.3333333333333333,0.7777777777777778,0.1111111111111111,311.99827003479004
1,30,300,5,0.3,1.0,550.5462465281106,ges,2.0,10,log_loss,67.8739144944249,0.12328467394420659,0.045322490701263284,0.9991111111111112,0.6712301587301588,"[1, 7, 13, 15, 27, 28]",6,1.0,0.8333333333333334,0.16666666666666666,0.8333333333333334,0.16666666666666666,403.94625782966614
1,30,300,5,0.3,1.0,550.5462465281106,iamb,2.0,10,log_loss,5.505462465281106,0.01,0.05702744393883097,0.9988888888888889,0.7527777777777778,"[0, 1, 7, 11, 13, 15, 27, 28]",8,1.0,0.625,0.25,0.75,0.125,385.05679988861084
1,30,300,5,0.3,1.0,550.5462465281106,bootstrap_l1,2.0,10,log_loss,5.505462465281106,0.01,0.06347550726452401,0.9982222222222221,0.6577777777777778,"[0, 1, 4, 7, 12, 15, 22, 27, 28]",9,0.8,0.4444444444444444,0.4444444444444444,0.5555555555555556,0.3333333333333333,337.08991169929504
