seed,p,n,k_star,p_edge,noise_scale,mu_scale,q_source,K_multiplier,K,criterion,mu_star,mu_star_relative,log_loss_star,auc_star,stability_star,support,k_actual,S_recall,S_precision,C_inclusion,causal_precision,correlate_inclusion,fit_seconds
0,10,300,5,0.2,1.0,49.95097031248598,oracle,2.0,10,log_loss,0.0,0.0,0.16907051965810643,0.9864444444444445,0.768452380952381,"[0, 1, 2, 3, 5, 6, 8]",7,1.0,0.7142857142857143,0.2857142857142857,0.8571428571428571,0.14285714285714285,35.8304078578949
0,10,300,5,0.2,1.0,49.95097031248598,uniform,2.0,10,log_loss,0.0,0.0,0.1550172241766134,0.9871111111111113,0.7523809523809524,"[0, 1, 2, 3, 5, 6, 8]",7,1.0,0.7142857142857143,0.2857142857142857,0.8571428571428571,0.14285714285714285,38.85394310951233
0,10,300,5,0.2,1.0,49.95097031248598,adversarial,2.0,10,log_loss,11.539322006684602,0.23101297000831592,0.1385390543136229,0.9893333333333333,0.8392857142857142,"[0, 1, 2, 3, 5, 6, 8]",7,1.0,0.7142857142857143,0.2857142857142857,0.8571428571428571,0.14285714285714285,41.436546087265015
0,10,300,5,0.2,1.0,49.95097031248598,pc,2.0,10,log_loss,40.51677204831773,0.8111308307896868,0.16452996919738,0.9868888888888889,0.9111111111111111,"[0, 1, 2, 3, 5, 6, 8]",7,1.0,0.7142857142857143,0.2857142857142857,0.8571428571428571,0.14285714285714285,40.910566329956055
0,10,300,5,0.2,1.0,49.95097031248598,ges,2.0,10,log_loss,0.9359899846031803,0.01873817422860384,0.1568567577688476,0.9875555555555555,0.7767857142857144,"[0, 1, 2, 3, 5, 6, 8]",7,1.0,0.7142857142857143,0.2857142857142857,0.8571428571428571,0.14285714285714285,46.265427112579346
0,10,300,5,0.2,1.0,49.95097031248598,iamb,2.0,10,log_loss,0.9359899846031803,0.01873817422860384,0.1772593173896342,0.9857777777777776,0.7956349206349207,"[0, 1, 2, 3, 5, 6, 8]",7,1.0,0.7142857142857143,0.2857142857142857,0.8571428571428571,0.14285714285714285,51.99794316291809
0,10,300,5,0.2,1.0,49.95097031248598,bootstrap_l1,2.0,10,log_loss,40.51677204831773,0.8111308307896868,0.15438794802337621,0.9893333333333334,0.8392857142857142,"[0, 1, 2, 3, 5, 6, 8]",7,1.0,0.7142857142857143,0.2857142857142857,0.8571428571428571,0.14285714285714285,51.30318903923035
