seed,p,n,k_star,p_edge,noise_scale,mu_scale,q_source,K_multiplier,K,criterion,mu_star,mu_star_relative,log_loss_star,auc_star,stability_star,support,k_actual,S_recall,S_precision,C_inclusion,causal_precision,correlate_inclusion,fit_seconds
15,30,300,5,0.3,1.0,1169.7358001082403,oracle,2.0,10,log_loss,11.697358001082403,0.01,0.05243766690671377,0.9991111111111112,0.41373348873348875,"[0, 6, 10, 17, 20, 21, 28]",7,1.0,0.7142857142857143,0.2857142857142857,0.8571428571428571,0.14285714285714285,261.94433212280273
15,30,300,5,0.3,1.0,1169.7358001082403,uniform,2.0,10,log_loss,0.0,0.0,0.09466909860547372,0.9975555555555555,0.3408474858474858,"[10, 12, 20, 21]",4,0.2,0.25,0.75,0.75,0.25,269.9303150177002
15,30,300,5,0.3,1.0,1169.7358001082403,adversarial,2.0,10,log_loss,0.0,0.0,0.06536057539654205,0.9984444444444446,0.35705710955710956,"[10, 12, 20, 21]",4,0.2,0.25,0.75,0.75,0.25,267.4024250507355
15,30,300,5,0.3,1.0,1169.7358001082403,pc,2.0,10,log_loss,11.697358001082403,0.01,0.07194469324609229,0.9982222222222223,0.4471794871794872,"[3, 6, 7, 9, 10, 16, 20, 21, 28]",9,0.6,0.3333333333333333,0.6666666666666666,0.5555555555555556,0.4444444444444444,263.77396178245544
15,30,300,5,0.3,1.0,1169.7358001082403,ges,2.0,10,log_loss,11.697358001082403,0.01,0.053489585169830066,0.9986666666666666,0.4908369408369409,"[0, 6, 10, 15, 17, 21, 24]",7,0.8,0.5714285714285714,0.42857142857142855,1.0,0.0,276.4602310657501
15,30,300,5,0.3,1.0,1169.7358001082403,iamb,2.0,10,log_loss,11.697358001082403,0.01,0.05039098479368701,0.9982222222222223,0.6603030303030304,"[3, 6, 7, 9, 10, 11, 16, 28]",8,0.6,0.375,0.625,0.625,0.375,303.31061005592346
15,30,300,5,0.3,1.0,1169.7358001082403,bootstrap_l1,2.0,10,log_loss,41.07166672555576,0.03511191734215131,0.05997598230521375,0.9982222222222221,0.6125,"[5, 10, 12, 20, 21]",5,0.2,0.2,0.8,0.6,0.4,315.56776332855225
