seed,p,n,k_star,p_edge,noise_scale,mu_scale,q_source,K_multiplier,K,criterion,mu_star,mu_star_relative,log_loss_star,auc_star,stability_star,support,k_actual,S_recall,S_precision,C_inclusion,causal_precision,correlate_inclusion,fit_seconds
3,15,300,5,0.2,1.0,127.85589487008755,oracle,2.0,10,log_loss,1.2785589487008755,0.01,0.12162909729244564,0.9942222222222222,0.5162626262626262,"[0, 5, 6, 8, 9]",5,1.0,1.0,0.0,1.0,0.0,170.42887592315674
3,15,300,5,0.2,1.0,127.85589487008755,uniform,2.0,10,log_loss,0.0,0.0,0.12865833382126537,0.9953333333333333,0.5769047619047619,"[0, 5, 6, 8, 9]",5,1.0,1.0,0.0,1.0,0.0,185.36712002754211
3,15,300,5,0.2,1.0,127.85589487008755,adversarial,2.0,10,log_loss,1.2785589487008755,0.01,0.05769473892699378,0.9975555555555555,0.7301587301587301,"[0, 5, 6, 8, 9]",5,1.0,1.0,0.0,1.0,0.0,239.4403269290924
3,15,300,5,0.2,1.0,127.85589487008755,pc,2.0,10,log_loss,8.41206412033557,0.0657933224657568,0.08449202187580104,0.9966666666666667,0.6886904761904761,"[0, 5, 6, 8, 9, 10]",6,1.0,0.8333333333333334,0.16666666666666666,1.0,0.0,211.25492310523987
3,15,300,5,0.2,1.0,127.85589487008755,ges,2.0,10,log_loss,15.762672310903499,0.12328467394420659,0.07619257027982448,0.9962222222222221,0.7335714285714285,"[0, 5, 6, 8, 9, 10]",6,1.0,0.8333333333333334,0.16666666666666666,1.0,0.0,399.4540750980377
3,15,300,5,0.2,1.0,127.85589487008755,iamb,2.0,10,log_loss,15.762672310903499,0.12328467394420659,0.06661330456548034,0.9977777777777778,0.8714285714285716,"[0, 5, 6, 8, 9]",5,1.0,1.0,0.0,1.0,0.0,394.7870206832886
3,15,300,5,0.2,1.0,127.85589487008755,bootstrap_l1,2.0,10,log_loss,1.2785589487008755,0.01,0.06388398551692989,0.9975555555555555,0.8266666666666665,"[0, 5, 6, 8, 9, 10]",6,1.0,0.8333333333333334,0.16666666666666666,1.0,0.0,467.8948678970337
