seed,p,n,k_star,p_edge,noise_scale,mu_scale,q_source,K_multiplier,K,criterion,mu_star,mu_star_relative,log_loss_star,auc_star,stability_star,support,k_actual,S_recall,S_precision,C_inclusion,causal_precision,correlate_inclusion,fit_seconds
6,30,75,5,0.2,1.0,102.56294767201507,oracle,2.0,10,log_loss,1.0256294767201508,0.01,0.15110590642985086,0.9857142857142858,0.5052525252525252,"[3, 9, 11, 15, 19, 21, 23, 29]",8,0.8,0.5,0.5,0.875,0.125,232.73900485038757
6,30,75,5,0.2,1.0,102.56294767201507,uniform,2.0,10,log_loss,0.0,0.0,0.18082730800524568,0.9928571428571429,0.43370129870129875,"[3, 9, 21, 23, 25]",5,0.4,0.4,0.6,1.0,0.0,255.65694165229797
6,30,75,5,0.2,1.0,102.56294767201507,adversarial,2.0,10,log_loss,0.0,0.0,0.32414916654259446,0.975,0.30767676767676766,"[3, 9, 21, 23, 25]",5,0.4,0.4,0.6,1.0,0.0,245.61782503128052
6,30,75,5,0.2,1.0,102.56294767201507,pc,2.0,10,log_loss,3.601181741027183,0.03511191734215131,0.09747201246781016,1.0,0.5980808080808081,"[1, 3, 9, 14, 21, 23, 24, 25]",8,0.4,0.25,0.75,1.0,0.0,240.6919686794281
6,30,75,5,0.2,1.0,102.56294767201507,ges,2.0,10,log_loss,44.397051675636654,0.4328761281083057,0.3093319258162279,0.9892857142857142,0.6148809523809524,"[1, 3, 8, 9, 13, 23, 25]",7,0.2,0.14285714285714285,0.8571428571428571,0.8571428571428571,0.14285714285714285,245.78288221359253
6,30,75,5,0.2,1.0,102.56294767201507,iamb,2.0,10,log_loss,6.747957089223428,0.0657933224657568,0.1602566620902816,0.9857142857142858,0.6726587301587302,"[8, 13, 15, 19, 21, 23, 29]",7,0.8,0.5714285714285714,0.42857142857142855,0.8571428571428571,0.14285714285714285,227.30204701423645
6,30,75,5,0.2,1.0,102.56294767201507,bootstrap_l1,2.0,10,log_loss,1.0256294767201508,0.01,0.05056499245335776,0.9964285714285716,0.6654545454545455,"[3, 8, 9, 11, 13, 15, 19, 21, 23, 25]",10,0.6,0.3,0.7,0.8,0.2,255.36084628105164
