seed,p,n,k_star,p_edge,noise_scale,mu_scale,q_source,K_multiplier,K,criterion,mu_star,mu_star_relative,log_loss_star,auc_star,stability_star,support,k_actual,S_recall,S_precision,C_inclusion,causal_precision,correlate_inclusion,fit_seconds
8,30,150,5,0.2,1.0,275.7277743098428,oracle,2.0,10,log_loss,0.0,0.0,0.0327384685185621,0.9991111111111112,0.5001981351981353,"[4, 5, 6, 8, 9, 13, 22, 25]",8,0.6,0.375,0.625,0.75,0.25,233.84510397911072
8,30,150,5,0.2,1.0,275.7277743098428,uniform,2.0,10,log_loss,0.0,0.0,0.038686300136940126,1.0,0.46073232323232316,"[4, 5, 6, 8, 9, 13, 22, 25]",8,0.6,0.375,0.625,0.75,0.25,247.44276189804077
8,30,150,5,0.2,1.0,275.7277743098428,adversarial,2.0,10,log_loss,0.0,0.0,0.020011631884935946,0.9991111111111112,0.4955944055944056,"[4, 5, 6, 8, 9, 13, 22, 25]",8,0.6,0.375,0.625,0.75,0.25,248.62105584144592
8,30,150,5,0.2,1.0,275.7277743098428,pc,2.0,10,log_loss,2.757277743098428,0.01,0.034929230605214474,0.9991111111111112,0.5324358974358975,"[4, 5, 6, 8, 13, 17, 22, 25]",8,0.6,0.375,0.625,0.75,0.25,260.65185809135437
8,30,150,5,0.2,1.0,275.7277743098428,ges,2.0,10,log_loss,33.993008753150754,0.1232846739442066,0.021633670394814036,1.0,0.7233333333333333,"[5, 6, 9, 20, 25]",5,0.8,0.8,0.2,1.0,0.0,271.3395960330963
8,30,150,5,0.2,1.0,275.7277743098428,iamb,2.0,10,log_loss,5.1666350746829925,0.01873817422860384,0.012483279411740624,1.0,0.9333333333333333,"[3, 5, 6, 9, 20, 25]",6,0.8,0.6666666666666666,0.3333333333333333,1.0,0.0,267.88228392601013
8,30,150,5,0.2,1.0,275.7277743098428,bootstrap_l1,2.0,10,log_loss,0.0,0.0,0.02209152950912041,1.0,0.500042735042735,"[4, 5, 6, 8, 9, 13, 22, 25]",8,0.6,0.375,0.625,0.75,0.25,245.355712890625
