seed,p,n,k_star,p_edge,noise_scale,mu_scale,q_source,K_multiplier,K,criterion,mu_star,mu_star_relative,log_loss_star,auc_star,stability_star,support,k_actual,S_recall,S_precision,C_inclusion,causal_precision,correlate_inclusion,fit_seconds
7,30,300,5,0.1,1.0,46.25712817191146,oracle,2.0,10,log_loss,0.0,0.0,0.09199858733518862,0.9968888888888889,0.4271978021978022,"[3, 6, 9, 13, 17, 18, 20, 25]",8,0.8,0.5,0.5,0.875,0.125,282.2861750125885
7,30,300,5,0.1,1.0,46.25712817191146,uniform,2.0,10,log_loss,0.0,0.0,0.08651684078768716,0.9953333333333333,0.470999000999001,"[3, 6, 9, 13, 17, 18, 20, 25]",8,0.8,0.5,0.5,0.875,0.125,273.2501149177551
7,30,300,5,0.1,1.0,46.25712817191146,adversarial,2.0,10,log_loss,0.0,0.0,0.05906753679271228,0.998,0.5337079587079587,"[3, 6, 9, 13, 17, 18, 20, 25]",8,0.8,0.5,0.5,0.875,0.125,269.540931224823
7,30,300,5,0.1,1.0,46.25712817191146,pc,2.0,10,log_loss,462.5712817191146,10.0,0.07401579703138315,0.9971111111111112,0.5802014652014652,"[3, 6, 9, 10, 17, 18, 20, 21, 23, 25]",10,1.0,0.5,0.4,0.9,0.0,274.350270986557
7,30,300,5,0.1,1.0,46.25712817191146,ges,2.0,10,log_loss,0.4625712817191146,0.01,0.06506948030497264,0.9962222222222221,0.7532323232323231,"[3, 6, 9, 10, 17, 18, 20, 23, 25]",9,1.0,0.5555555555555556,0.3333333333333333,0.8888888888888888,0.0,302.0389840602875
7,30,300,5,0.1,1.0,46.25712817191146,iamb,2.0,10,log_loss,70.30672177406258,1.5199110829529332,0.07599674295132747,0.9988888888888889,0.6928571428571428,"[6, 9, 17, 18, 25]",5,0.8,0.8,0.2,1.0,0.0,313.43001103401184
7,30,300,5,0.1,1.0,46.25712817191146,bootstrap_l1,2.0,10,log_loss,70.30672177406258,1.5199110829529332,0.06168210163975598,0.9973333333333333,0.7483333333333333,"[3, 6, 9, 17, 18, 20, 21, 23, 25]",9,1.0,0.5555555555555556,0.4444444444444444,1.0,0.0,285.77174186706543
