seed,p,n,k_star,p_edge,noise_scale,mu_scale,q_source,K_multiplier,K,criterion,mu_star,mu_star_relative,log_loss_star,auc_star,stability_star,support,k_actual,S_recall,S_precision,C_inclusion,causal_precision,correlate_inclusion,fit_seconds
15,30,300,5,0.1,1.0,194.05258255806424,oracle,2.0,10,log_loss,0.0,0.0,0.11087322014152501,0.9968888888888889,0.6924242424242424,"[0, 6, 8, 10, 17, 21, 28, 29]",8,1.0,0.625,0.25,0.875,0.0,224.1502721309662
15,30,300,5,0.1,1.0,194.05258255806424,uniform,2.0,10,log_loss,0.0,0.0,0.1417812838699007,0.9933333333333334,0.654083139083139,"[0, 6, 8, 10, 17, 21, 28, 29]",8,1.0,0.625,0.25,0.875,0.0,249.85043382644653
15,30,300,5,0.1,1.0,194.05258255806424,adversarial,2.0,10,log_loss,0.0,0.0,0.14406935655505992,0.9928888888888888,0.6115692640692642,"[0, 6, 8, 10, 17, 21, 28, 29]",8,1.0,0.625,0.25,0.875,0.0,253.11275696754456
15,30,300,5,0.1,1.0,194.05258255806424,pc,2.0,10,log_loss,157.40203250720694,0.8111308307896868,0.11948301075643222,0.9920000000000002,0.7638888888888888,"[0, 6, 8, 10, 11, 17, 21, 28]",8,1.0,0.625,0.25,0.875,0.0,252.27941989898682
15,30,300,5,0.1,1.0,194.05258255806424,ges,2.0,10,log_loss,84.00073058715219,0.4328761281083057,0.10313437668834782,0.9951111111111111,0.8678571428571429,"[0, 6, 8, 10, 17, 21, 28]",7,1.0,0.7142857142857143,0.2857142857142857,1.0,0.0,272.69284415245056
15,30,300,5,0.1,1.0,194.05258255806424,iamb,2.0,10,log_loss,0.0,0.0,0.10043975132104732,0.994,0.7963888888888888,"[0, 6, 8, 10, 17, 21, 28, 29]",8,1.0,0.625,0.25,0.875,0.0,263.76194405555725
15,30,300,5,0.1,1.0,194.05258255806424,bootstrap_l1,2.0,10,log_loss,12.767364139555614,0.0657933224657568,0.11422282949035774,0.9951111111111111,0.7441666666666665,"[0, 6, 8, 10, 11, 17, 21, 28]",8,1.0,0.625,0.25,0.875,0.0,263.20623207092285
