seed,p,n,k_star,p_edge,noise_scale,mu_scale,q_source,K_multiplier,K,criterion,mu_star,mu_star_relative,log_loss_star,auc_star,stability_star,support,k_actual,S_recall,S_precision,C_inclusion,causal_precision,correlate_inclusion,fit_seconds
17,30,300,5,0.3,1.0,417.99301002391536,oracle,2.0,10,log_loss,4.179930100239154,0.01,0.058250637065058286,0.9993333333333332,0.6056565656565656,"[4, 6, 7, 13, 22, 26, 27, 29]",8,1.0,0.625,0.375,1.0,0.0,338.8669466972351
17,30,300,5,0.3,1.0,417.99301002391536,uniform,2.0,10,log_loss,0.0,0.0,0.0545347170545308,0.9975555555555555,0.5738095238095238,"[1, 4, 6, 7, 13, 22, 26, 27]",8,1.0,0.625,0.375,1.0,0.0,323.13132405281067
17,30,300,5,0.3,1.0,417.99301002391536,adversarial,2.0,10,log_loss,0.0,0.0,0.0817850888749895,0.9966666666666667,0.46252525252525256,"[1, 4, 6, 7, 13, 22, 26, 27]",8,1.0,0.625,0.375,1.0,0.0,334.7513017654419
17,30,300,5,0.3,1.0,417.99301002391536,pc,2.0,10,log_loss,14.676536017556739,0.03511191734215131,0.05163609387429309,0.9986666666666666,0.4183297258297258,"[6, 7, 13, 15, 26, 27]",6,0.6,0.5,0.5,1.0,0.0,345.57536792755127
17,30,300,5,0.3,1.0,417.99301002391536,ges,2.0,10,log_loss,51.53213195175588,0.12328467394420659,0.036214788915464605,0.9995555555555555,0.730952380952381,"[4, 6, 19, 22, 26, 27, 29]",7,1.0,0.7142857142857143,0.2857142857142857,0.8571428571428571,0.14285714285714285,320.62299394607544
17,30,300,5,0.3,1.0,417.99301002391536,iamb,2.0,10,log_loss,27.501148896935774,0.0657933224657568,0.03887104522700777,0.9993333333333332,0.85,"[4, 6, 12, 13, 17, 20, 22, 26, 27]",9,1.0,0.5555555555555556,0.4444444444444444,1.0,0.0,246.9953589439392
17,30,300,5,0.3,1.0,417.99301002391536,bootstrap_l1,2.0,10,log_loss,4.179930100239154,0.01,0.04362869634551749,0.9984444444444444,0.6383982683982684,"[4, 6, 7, 13, 17, 26, 27]",7,0.8,0.5714285714285714,0.42857142857142855,1.0,0.0,304.21868109703064
