seed,p,n,k_star,p_edge,noise_scale,mu_scale,q_source,K_multiplier,K,criterion,mu_star,mu_star_relative,log_loss_star,auc_star,stability_star,support,k_actual,S_recall,S_precision,C_inclusion,causal_precision,correlate_inclusion,fit_seconds
4,30,300,7,0.2,1.0,187.92575975308145,oracle,2.0,14,log_loss,1.8792575975308146,0.01,0.08712095840945616,0.9957777777777779,0.7957692307692307,"[1, 6, 7, 8, 14, 20, 22, 23, 27, 29]",10,1.0,0.7,0.3,1.0,0.0,524.7454779148102
4,30,300,7,0.2,1.0,187.92575975308145,uniform,2.0,14,log_loss,0.0,0.0,0.15216588335018488,0.9913333333333332,0.5511155511155511,"[1, 6, 7, 8, 14, 20, 22, 23, 27, 29]",10,1.0,0.7,0.3,1.0,0.0,601.74187707901
4,30,300,7,0.2,1.0,187.92575975308145,adversarial,2.0,14,log_loss,0.0,0.0,0.11392725685783142,0.9951111111111113,0.6371411921411921,"[1, 6, 7, 8, 14, 20, 22, 23, 27, 29]",10,1.0,0.7,0.3,1.0,0.0,629.8961782455444
4,30,300,7,0.2,1.0,187.92575975308145,pc,2.0,14,log_loss,535.2193043798247,2.8480358684357996,0.07891233394826383,0.9968888888888889,0.8692307692307694,"[1, 7, 8, 9, 13, 14, 20, 23, 27, 28, 29]",11,0.7142857142857143,0.45454545454545453,0.5454545454545454,0.9090909090909091,0.09090909090909091,617.6611452102661
4,30,300,7,0.2,1.0,187.92575975308145,ges,2.0,14,log_loss,1.8792575975308146,0.01,0.07156038791074418,0.9973333333333334,0.7216083916083916,"[6, 7, 8, 14, 20, 22, 23, 27, 29]",9,1.0,0.7777777777777778,0.2222222222222222,1.0,0.0,588.650120973587
4,30,300,7,0.2,1.0,187.92575975308145,iamb,2.0,14,log_loss,81.34857525372557,0.4328761281083057,0.05841732898159774,0.9982222222222223,0.7833333333333334,"[4, 6, 7, 8, 13, 14, 20, 22, 23, 27, 29]",11,1.0,0.6363636363636364,0.36363636363636365,1.0,0.0,517.9589989185333
4,30,300,7,0.2,1.0,187.92575975308145,bootstrap_l1,2.0,14,log_loss,6.598433742911181,0.03511191734215131,0.07831136477394218,0.9960000000000001,0.8868298368298368,"[1, 4, 6, 7, 8, 9, 14, 20, 23, 26, 27, 29]",12,0.8571428571428571,0.5,0.5,1.0,0.0,562.6050951480865
