seed,p,n,k_star,p_edge,noise_scale,mu_scale,q_source,K_multiplier,K,criterion,mu_star,mu_star_relative,log_loss_star,auc_star,stability_star,support,k_actual,S_recall,S_precision,C_inclusion,causal_precision,correlate_inclusion,fit_seconds
18,30,300,5,0.3,1.0,320.33089000759503,oracle,2.0,10,log_loss,0.0,0.0,0.04842048718372151,0.9982222222222223,0.38345238095238093,"[13, 17, 18, 19, 29]",5,0.2,0.2,0.8,1.0,0.0,289.7161340713501
18,30,300,5,0.3,1.0,320.33089000759503,uniform,2.0,10,log_loss,0.0,0.0,0.13483521124026482,0.9946666666666667,0.3061111111111111,"[13, 17, 18, 19, 29]",5,0.2,0.2,0.8,1.0,0.0,290.27217411994934
18,30,300,5,0.3,1.0,320.33089000759503,adversarial,2.0,10,log_loss,3.2033089000759505,0.01,0.08107031695925135,0.9962222222222223,0.43138888888888893,"[1, 9, 15, 17, 18, 19, 29]",7,0.0,0.0,1.0,0.8571428571428571,0.14285714285714285,284.0135712623596
18,30,300,5,0.3,1.0,320.33089000759503,pc,2.0,10,log_loss,3.2033089000759505,0.01,0.04111055717190208,0.9997777777777778,0.3148989898989899,"[1, 5, 9, 11, 17, 18, 26]",7,0.2,0.14285714285714285,0.8571428571428571,0.8571428571428571,0.14285714285714285,287.3616030216217
18,30,300,5,0.3,1.0,320.33089000759503,ges,2.0,10,log_loss,138.6635953799753,0.4328761281083057,0.04361990164778255,0.9986666666666666,0.6519841269841269,"[1, 4, 10, 11, 13, 21, 24, 27]",8,1.0,0.625,0.375,1.0,0.0,328.72169613838196
18,30,300,5,0.3,1.0,320.33089000759503,iamb,2.0,10,log_loss,3.2033089000759505,0.01,0.03664716705490596,0.9991111111111112,0.584963924963925,"[1, 4, 9, 10, 11, 13, 15, 24, 27]",9,1.0,0.5555555555555556,0.4444444444444444,0.8888888888888888,0.1111111111111111,302.01699113845825
18,30,300,5,0.3,1.0,320.33089000759503,bootstrap_l1,2.0,10,log_loss,21.07563354201257,0.0657933224657568,0.060461935659808265,0.9973333333333333,0.6232142857142857,"[5, 13, 18, 19, 24, 26]",6,0.4,0.3333333333333333,0.6666666666666666,1.0,0.0,315.9260699748993
