seed,p,n,k_star,p_edge,noise_scale,mu_scale,q_source,K_multiplier,K,criterion,mu_star,mu_star_relative,log_loss_star,auc_star,stability_star,support,k_actual,S_recall,S_precision,C_inclusion,causal_precision,correlate_inclusion,fit_seconds
18,30,300,5,0.4,1.0,699.7111336602387,oracle,2.0,10,log_loss,0.0,0.0,0.30126706893213023,0.9662222222222223,0.38710678210678207,"[1, 8, 19, 24]",4,0.2,0.25,0.75,1.0,0.0,284.4886419773102
18,30,300,5,0.4,1.0,699.7111336602387,uniform,2.0,10,log_loss,0.0,0.0,0.2419708727494308,0.9035555555555556,0.29619047619047617,"[1, 8, 19, 24]",4,0.2,0.25,0.75,1.0,0.0,297.7923471927643
18,30,300,5,0.4,1.0,699.7111336602387,adversarial,2.0,10,log_loss,6.997111336602387,0.01,0.14657772167991986,0.9879999999999999,0.4363095238095238,"[1, 8, 24]",3,0.2,0.3333333333333333,0.6666666666666666,1.0,0.0,303.1678819656372
18,30,300,5,0.4,1.0,699.7111336602387,pc,2.0,10,log_loss,0.0,0.0,0.21196440710245806,0.9817777777777777,0.34785714285714286,"[1, 8, 19, 24]",4,0.2,0.25,0.75,1.0,0.0,284.9294111728668
18,30,300,5,0.4,1.0,699.7111336602387,ges,2.0,10,log_loss,86.26365896843369,0.1232846739442066,0.15490029966141705,0.9144444444444444,0.48999999999999994,"[4, 10, 13, 17, 24]",5,0.8,0.8,0.2,1.0,0.0,343.3261020183563
18,30,300,5,0.4,1.0,699.7111336602387,iamb,2.0,10,log_loss,0.0,0.0,0.20301633637757596,0.9588888888888889,0.3904761904761904,"[1, 8, 19, 24]",4,0.2,0.25,0.75,1.0,0.0,319.31275606155396
18,30,300,5,0.4,1.0,699.7111336602387,bootstrap_l1,2.0,10,log_loss,6.997111336602387,0.01,0.17576793793374562,0.9826666666666668,0.2981060606060606,"[1, 8, 24]",3,0.2,0.3333333333333333,0.6666666666666666,1.0,0.0,316.90095496177673
