seed,p,n,k_star,p_edge,noise_scale,mu_scale,q_source,K_multiplier,K,criterion,mu_star,mu_star_relative,log_loss_star,auc_star,stability_star,support,k_actual,S_recall,S_precision,C_inclusion,causal_precision,correlate_inclusion,fit_seconds
11,30,300,5,0.4,1.0,839.9724338333376,oracle,2.0,10,log_loss,0.0,0.0,0.1136816093045196,0.9962222222222223,0.3192784992784993,"[1, 9, 11, 16, 24, 26]",6,0.2,0.16666666666666666,0.8333333333333334,1.0,0.0,280.69178795814514
11,30,300,5,0.4,1.0,839.9724338333376,uniform,2.0,10,log_loss,0.0,0.0,0.13883692627223504,0.9906666666666666,0.3271428571428571,"[1, 9, 11, 16, 24, 26]",6,0.2,0.16666666666666666,0.8333333333333334,1.0,0.0,289.27775406837463
11,30,300,5,0.4,1.0,839.9724338333376,adversarial,2.0,10,log_loss,0.0,0.0,0.07597154158589078,0.9991111111111112,0.44222222222222224,"[1, 9, 11, 16, 24, 26]",6,0.2,0.16666666666666666,0.8333333333333334,1.0,0.0,285.3327889442444
11,30,300,5,0.4,1.0,839.9724338333376,pc,2.0,10,log_loss,103.55572762726467,0.12328467394420659,0.1157368050629238,0.992,0.3396825396825397,"[1, 5, 11, 14, 16, 20]",6,0.0,0.0,1.0,1.0,0.0,271.39462518692017
11,30,300,5,0.4,1.0,839.9724338333376,ges,2.0,10,log_loss,8.399724338333376,0.01,0.02225314613887063,0.9997777777777778,0.693030303030303,"[0, 2, 4, 8, 9, 16, 18, 26, 28]",9,0.8,0.4444444444444444,0.5555555555555556,1.0,0.0,292.09208703041077
11,30,300,5,0.4,1.0,839.9724338333376,iamb,2.0,10,log_loss,15.739549812393491,0.01873817422860384,0.1763465735922915,0.9795555555555555,0.4617748917748917,"[1, 4, 8, 9, 12, 17, 18, 25, 28]",9,1.0,0.5555555555555556,0.4444444444444444,1.0,0.0,300.30558800697327
11,30,300,5,0.4,1.0,839.9724338333376,bootstrap_l1,2.0,10,log_loss,15.739549812393491,0.01873817422860384,0.0832984516207299,0.9955555555555555,0.3069264069264069,"[8, 9, 11, 14, 26]",5,0.4,0.4,0.6,1.0,0.0,308.75181913375854
