seed,p,n,k_star,p_edge,noise_scale,mu_scale,q_source,K_multiplier,K,criterion,mu_star,mu_star_relative,log_loss_star,auc_star,stability_star,support,k_actual,S_recall,S_precision,C_inclusion,causal_precision,correlate_inclusion,fit_seconds
13,30,300,5,0.5,1.0,1293.7281948181726,oracle,2.0,10,log_loss,0.0,0.0,0.125543549417364,0.992,0.411984126984127,"[16, 18, 19, 20, 24]",5,0.2,0.2,0.8,1.0,0.0,318.13148403167725
13,30,300,5,0.5,1.0,1293.7281948181726,uniform,2.0,10,log_loss,0.0,0.0,0.06808499139225359,0.9975555555555555,0.5108333333333333,"[16, 18, 19, 20, 24]",5,0.2,0.2,0.8,1.0,0.0,308.12892603874207
13,30,300,5,0.5,1.0,1293.7281948181726,adversarial,2.0,10,log_loss,0.0,0.0,0.12307817648848925,0.9928888888888888,0.4138888888888889,"[16, 18, 19, 20, 24]",5,0.2,0.2,0.8,1.0,0.0,317.84367084503174
13,30,300,5,0.5,1.0,1293.7281948181726,pc,2.0,10,log_loss,159.4968586705854,0.1232846739442066,0.0678304424145756,0.9973333333333333,0.5686507936507936,"[11, 16, 19, 24]",4,0.2,0.25,0.75,1.0,0.0,295.25747895240784
13,30,300,5,0.5,1.0,1293.7281948181726,ges,2.0,10,log_loss,0.0,0.0,0.2829186321117204,0.9424444444444445,0.37063492063492054,"[16, 18, 19, 20, 24]",5,0.2,0.2,0.8,1.0,0.0,277.9704170227051
13,30,300,5,0.5,1.0,1293.7281948181726,iamb,2.0,10,log_loss,0.0,0.0,0.0793319829584953,0.9984444444444444,0.69,"[16, 18, 19, 20, 24]",5,0.2,0.2,0.8,1.0,0.0,294.5416510105133
13,30,300,5,0.5,1.0,1293.7281948181726,bootstrap_l1,2.0,10,log_loss,0.0,0.0,0.08739861667593804,0.9955555555555555,0.5306349206349206,"[16, 18, 19, 20, 24]",5,0.2,0.2,0.8,1.0,0.0,273.4517991542816
