seed,p,n,k_star,p_edge,noise_scale,mu_scale,q_source,K_multiplier,K,criterion,mu_star,mu_star_relative,log_loss_star,auc_star,stability_star,support,k_actual,S_recall,S_precision,C_inclusion,causal_precision,correlate_inclusion,fit_seconds
7,15,300,5,0.2,1.0,85.2200967370526,oracle,2.0,10,log_loss,0.0,0.0,0.09198754810376124,0.9955555555555555,0.6678571428571429,"[1, 4, 5, 7, 8]",5,1.0,1.0,0.0,1.0,0.0,194.67789506912231
7,15,300,5,0.2,1.0,85.2200967370526,uniform,2.0,10,log_loss,0.0,0.0,0.10841744842845764,0.9957777777777779,0.6009740259740258,"[1, 4, 5, 7, 8]",5,1.0,1.0,0.0,1.0,0.0,193.33434915542603
7,15,300,5,0.2,1.0,85.2200967370526,adversarial,2.0,10,log_loss,0.852200967370526,0.01,0.09404077371484468,0.9968888888888887,0.7220238095238096,"[1, 4, 5, 7, 8]",5,1.0,1.0,0.0,1.0,0.0,209.49963974952698
7,15,300,5,0.2,1.0,85.2200967370526,pc,2.0,10,log_loss,5.60691330518389,0.0657933224657568,0.08705068505583796,0.9953333333333333,0.6931349206349207,"[1, 2, 4, 5, 7, 8, 9]",7,1.0,0.7142857142857143,0.0,0.7142857142857143,0.0,192.204754114151
7,15,300,5,0.2,1.0,85.2200967370526,ges,2.0,10,log_loss,19.686947651622514,0.23101297000831592,0.10546236339612577,0.9935555555555556,0.7400793650793651,"[1, 4, 5, 7, 8]",5,1.0,1.0,0.0,1.0,0.0,213.67086482048035
7,15,300,5,0.2,1.0,85.2200967370526,iamb,2.0,10,log_loss,69.12464786630295,0.8111308307896867,0.11719619410494472,0.994,0.7444444444444444,"[1, 4, 5, 7, 8]",5,1.0,1.0,0.0,1.0,0.0,195.4952540397644
7,15,300,5,0.2,1.0,85.2200967370526,bootstrap_l1,2.0,10,log_loss,10.506331839721273,0.12328467394420659,0.09298861691980174,0.9955555555555555,0.7587301587301587,"[1, 4, 5, 7, 8]",5,1.0,1.0,0.0,1.0,0.0,219.13276600837708
