seed,p,n,k_star,p_edge,noise_scale,mu_scale,q_source,K_multiplier,K,criterion,mu_star,mu_star_relative,log_loss_star,auc_star,stability_star,support,k_actual,S_recall,S_precision,C_inclusion,causal_precision,correlate_inclusion,fit_seconds
11,30,300,5,0.1,1.0,39.37053741584149,oracle,2.0,10,log_loss,0.0,0.0,0.14294648250034564,0.989111111111111,0.5274009324009323,"[0, 7, 8, 9, 13, 17, 18, 28, 29]",9,1.0,0.5555555555555556,0.4444444444444444,0.8888888888888888,0.1111111111111111,250.19495296478271
11,30,300,5,0.1,1.0,39.37053741584149,uniform,2.0,10,log_loss,0.0,0.0,0.14271099262219894,0.99,0.5037062937062937,"[0, 7, 8, 9, 13, 17, 18, 28, 29]",9,1.0,0.5555555555555556,0.4444444444444444,0.8888888888888888,0.1111111111111111,254.72793912887573
11,30,300,5,0.1,1.0,39.37053741584149,adversarial,2.0,10,log_loss,0.3937053741584149,0.01,0.1165843732130551,0.9922222222222222,0.506939726939727,"[4, 7, 8, 9, 13, 17, 18, 28, 29]",9,1.0,0.5555555555555556,0.3333333333333333,0.7777777777777778,0.1111111111111111,273.09390902519226
11,30,300,5,0.1,1.0,39.37053741584149,pc,2.0,10,log_loss,17.042565798112644,0.4328761281083057,0.1216545512100499,0.9922222222222222,0.5999242424242424,"[1, 8, 9, 17, 18, 28]",6,1.0,0.8333333333333334,0.0,0.8333333333333334,0.0,267.5915641784668
11,30,300,5,0.1,1.0,39.37053741584149,ges,2.0,10,log_loss,4.853783868320204,0.1232846739442066,0.10428169586819083,0.9966666666666667,0.6448412698412699,"[8, 9, 17, 18, 25, 28]",6,1.0,0.8333333333333334,0.16666666666666666,1.0,0.0,279.72480607032776
11,30,300,5,0.1,1.0,39.37053741584149,iamb,2.0,10,log_loss,9.09510477925707,0.23101297000831594,0.1104907915607853,0.9937777777777779,0.5354545454545454,"[8, 9, 17, 18, 28]",5,1.0,1.0,0.0,1.0,0.0,255.72687411308289
11,30,300,5,0.1,1.0,39.37053741584149,bootstrap_l1,2.0,10,log_loss,2.5903184638506023,0.0657933224657568,0.11969846944012923,0.9924444444444445,0.6195454545454544,"[1, 8, 9, 13, 15, 17, 18, 28]",8,1.0,0.625,0.25,0.75,0.125,269.0689768791199
