seed,p,n,k_star,p_edge,noise_scale,mu_scale,q_source,K_multiplier,K,criterion,mu_star,mu_star_relative,log_loss_star,auc_star,stability_star,support,k_actual,S_recall,S_precision,C_inclusion,causal_precision,correlate_inclusion,fit_seconds
3,30,300,5,0.4,1.0,932.6269327115605,oracle,2.0,10,log_loss,9.326269327115606,0.01,0.23246344241400524,0.965111111111111,0.3203282828282828,"[0, 3, 21, 24]",4,0.2,0.25,0.75,1.0,0.0,444.2516977787018
3,30,300,5,0.4,1.0,932.6269327115605,uniform,2.0,10,log_loss,0.0,0.0,0.31534959137663476,0.9493333333333333,0.3651984126984127,"[0, 3, 4, 21, 24]",5,0.2,0.2,0.8,1.0,0.0,238.43002700805664
3,30,300,5,0.4,1.0,932.6269327115605,adversarial,2.0,10,log_loss,0.0,0.0,0.15932347679172992,0.9906666666666666,0.7150000000000001,"[0, 3, 4, 21, 24]",5,0.2,0.2,0.8,1.0,0.0,256.50198221206665
3,30,300,5,0.4,1.0,932.6269327115605,pc,2.0,10,log_loss,0.0,0.0,0.18589372556030043,0.9873333333333335,0.4933333333333333,"[0, 3, 4, 21, 24]",5,0.2,0.2,0.8,1.0,0.0,268.49341320991516
3,30,300,5,0.4,1.0,932.6269327115605,ges,2.0,10,log_loss,9.326269327115606,0.01,0.07436093209744984,0.9922222222222222,0.41527777777777775,"[1, 3, 4, 7, 9, 15, 21]",7,0.8,0.5714285714285714,0.42857142857142855,1.0,0.0,269.78044295310974
3,30,300,5,0.4,1.0,932.6269327115605,iamb,2.0,10,log_loss,0.0,0.0,0.29612087776129464,0.9513333333333334,0.35619047619047617,"[0, 3, 4, 21, 24]",5,0.2,0.2,0.8,1.0,0.0,261.282488822937
3,30,300,5,0.4,1.0,932.6269327115605,bootstrap_l1,2.0,10,log_loss,0.0,0.0,0.40837532187465564,0.9122222222222222,0.4220238095238096,"[0, 3, 4, 21, 24]",5,0.2,0.2,0.8,1.0,0.0,276.6410810947418
