seed,p,n,k_star,p_edge,noise_scale,mu_scale,q_source,K_multiplier,K,criterion,mu_star,mu_star_relative,log_loss_star,auc_star,stability_star,support,k_actual,S_recall,S_precision,C_inclusion,causal_precision,correlate_inclusion,fit_seconds
5,30,500,5,0.2,1.0,165.1693551282138,oracle,2.0,10,log_loss,1.651693551282138,0.01,0.04166634795878055,0.99888,0.9027777777777779,"[2, 4, 14, 16, 20, 22, 27]",7,1.0,0.7142857142857143,0.2857142857142857,1.0,0.0,326.5051939487457
5,30,500,5,0.2,1.0,165.1693551282138,uniform,2.0,10,log_loss,0.0,0.0,0.10877602392274419,0.99344,0.5812626262626263,"[2, 4, 14, 16, 20, 22, 27]",7,1.0,0.7142857142857143,0.2857142857142857,1.0,0.0,366.394407749176
5,30,500,5,0.2,1.0,165.1693551282138,adversarial,2.0,10,log_loss,0.0,0.0,0.06425596779199419,0.9974399999999999,0.5656332556332556,"[2, 4, 14, 16, 20, 22, 27]",7,1.0,0.7142857142857143,0.2857142857142857,1.0,0.0,353.13415479660034
5,30,500,5,0.2,1.0,165.1693551282138,pc,2.0,10,log_loss,0.0,0.0,0.04744030600258546,0.9991999999999999,0.7323809523809524,"[2, 4, 14, 16, 20, 22, 27]",7,1.0,0.7142857142857143,0.2857142857142857,1.0,0.0,357.8559010028839
5,30,500,5,0.2,1.0,165.1693551282138,ges,2.0,10,log_loss,881.4591705315801,5.336699231206307,0.07325824473411341,0.99712,0.9,"[2, 4, 7, 9, 17, 20, 24]",7,0.6,0.42857142857142855,0.5714285714285714,1.0,0.0,371.56595611572266
5,30,500,5,0.2,1.0,165.1693551282138,iamb,2.0,10,log_loss,1.651693551282138,0.01,0.03898751833376966,0.99976,0.8058333333333334,"[2, 4, 14, 16, 20, 22, 27]",7,1.0,0.7142857142857143,0.2857142857142857,1.0,0.0,359.7089328765869
5,30,500,5,0.2,1.0,165.1693551282138,bootstrap_l1,2.0,10,log_loss,133.97395624614487,0.8111308307896867,0.048963390837334426,0.998,0.686489898989899,"[2, 4, 6, 14, 16, 20, 22, 27]",8,1.0,0.625,0.375,1.0,0.0,344.2598867416382
