seed,p,n,k_star,p_edge,noise_scale,mu_scale,q_source,K_multiplier,K,criterion,mu_star,mu_star_relative,log_loss_star,auc_star,stability_star,support,k_actual,S_recall,S_precision,C_inclusion,causal_precision,correlate_inclusion,fit_seconds
2,30,1000,5,0.2,1.0,451.76469053625823,oracle,2.0,10,log_loss,0.0,0.0,0.0602353350105704,0.99802,0.5891486291486292,"[2, 8, 10, 12, 14, 15, 17, 19, 29]",9,1.0,0.5555555555555556,0.4444444444444444,1.0,0.0,432.98450779914856
2,30,1000,5,0.2,1.0,451.76469053625823,uniform,2.0,10,log_loss,0.0,0.0,0.058513358043936536,0.9981200000000001,0.6225396825396825,"[2, 8, 10, 12, 14, 15, 17, 19, 29]",9,1.0,0.5555555555555556,0.4444444444444444,1.0,0.0,435.4462900161743
2,30,1000,5,0.2,1.0,451.76469053625823,adversarial,2.0,10,log_loss,0.0,0.0,0.05695037100286783,0.9983799999999998,0.6532611832611831,"[2, 8, 10, 12, 14, 15, 17, 19, 29]",9,1.0,0.5555555555555556,0.4444444444444444,1.0,0.0,707.7109088897705
2,30,1000,5,0.2,1.0,451.76469053625823,pc,2.0,10,log_loss,15.862324472211663,0.03511191734215131,0.05654386341784703,0.9981399999999999,0.7219696969696969,"[2, 6, 8, 10, 14, 15, 19, 29]",8,1.0,0.625,0.375,1.0,0.0,688.8554701805115
2,30,1000,5,0.2,1.0,451.76469053625823,ges,2.0,10,log_loss,8.465245481599704,0.01873817422860384,0.05625180246058441,0.9984400000000001,0.6806565656565656,"[2, 6, 8, 10, 14, 15, 19, 29]",8,1.0,0.625,0.375,1.0,0.0,449.0903699398041
2,30,1000,5,0.2,1.0,451.76469053625823,iamb,2.0,10,log_loss,8.465245481599704,0.01873817422860384,0.05444386330347754,0.9982999999999999,0.6977272727272728,"[2, 8, 10, 12, 14, 15, 17, 19, 29]",9,1.0,0.5555555555555556,0.4444444444444444,1.0,0.0,525.1053049564362
2,30,1000,5,0.2,1.0,451.76469053625823,bootstrap_l1,2.0,10,log_loss,8.465245481599704,0.01873817422860384,0.05064263438538499,0.9986599999999999,0.8332828282828283,"[2, 8, 10, 13, 14, 15, 17, 29]",8,1.0,0.625,0.375,1.0,0.0,534.3671810626984
