seed,p,n,k_star,p_edge,noise_scale,mu_scale,q_source,K_multiplier,K,criterion,mu_star,mu_star_relative,log_loss_star,auc_star,stability_star,support,k_actual,S_recall,S_precision,C_inclusion,causal_precision,correlate_inclusion,fit_seconds
0,30,300,5,0.2,2.0,529.8421759746545,oracle,2.0,10,log_loss,5.298421759746545,0.01,0.09066972447005306,0.9966666666666667,0.6036363636363637,"[2, 5, 7, 8, 10, 12, 17, 18]",8,0.6,0.375,0.625,0.875,0.125,325.34808802604675
0,30,300,5,0.2,2.0,529.8421759746545,uniform,2.0,10,log_loss,0.0,0.0,0.10101829863449949,0.9964444444444445,0.4835447885447886,"[2, 5, 7, 8, 9, 10, 11, 17, 18]",9,0.6,0.3333333333333333,0.6666666666666666,0.8888888888888888,0.1111111111111111,369.2332532405853
0,30,300,5,0.2,2.0,529.8421759746545,adversarial,2.0,10,log_loss,0.0,0.0,0.07392058319691122,0.9975555555555555,0.6640909090909092,"[2, 5, 7, 8, 9, 10, 11, 17, 18]",9,0.6,0.3333333333333333,0.6666666666666666,0.8888888888888888,0.1111111111111111,313.59000301361084
0,30,300,5,0.2,2.0,529.8421759746545,pc,2.0,10,log_loss,229.35602964438803,0.4328761281083057,0.09755883146688551,0.9957777777777779,0.49304195804195794,"[2, 7, 8, 10, 12, 17, 18, 27, 28]",9,0.6,0.3333333333333333,0.6666666666666666,0.7777777777777778,0.2222222222222222,283.78450202941895
0,30,300,5,0.2,2.0,529.8421759746545,ges,2.0,10,log_loss,429.771324385737,0.8111308307896868,0.0537059173890594,0.998,0.5958333333333333,"[1, 2, 10, 17, 18, 22]",6,0.8,0.6666666666666666,0.3333333333333333,1.0,0.0,297.68619990348816
0,30,300,5,0.2,2.0,529.8421759746545,iamb,2.0,10,log_loss,18.603774687207657,0.03511191734215131,0.0483669110194835,0.9991111111111112,0.7007575757575758,"[2, 7, 8, 10, 12, 17, 18, 22, 29]",9,0.8,0.4444444444444444,0.5555555555555556,1.0,0.0,280.9181320667267
0,30,300,5,0.2,2.0,529.8421759746545,bootstrap_l1,2.0,10,log_loss,9.928275007075653,0.01873817422860384,0.06300159257566879,0.9966666666666667,0.6874747474747476,"[2, 5, 7, 8, 10, 11, 17, 20, 22, 25]",10,0.8,0.4,0.6,0.9,0.1,282.53321599960327
