seed,p,n,k_star,p_edge,noise_scale,mu_scale,q_source,K_multiplier,K,criterion,mu_star,mu_star_relative,log_loss_star,auc_star,stability_star,support,k_actual,S_recall,S_precision,C_inclusion,causal_precision,correlate_inclusion,fit_seconds
3,30,150,5,0.2,1.0,55.39689804835092,oracle,2.0,10,log_loss,3.644745976897805,0.0657933224657568,0.09824685827228055,0.9937777777777779,0.5959090909090909,"[0, 1, 7, 12, 15, 16, 19, 23, 28, 29]",10,0.8,0.4,0.6,0.9,0.1,447.3610842227936
3,30,150,5,0.2,1.0,55.39689804835092,uniform,2.0,10,log_loss,0.0,0.0,0.09820902616248142,0.9946666666666667,0.5078837828837829,"[7, 10, 12, 15, 16, 17, 27, 28]",8,0.6,0.375,0.625,1.0,0.0,456.236435174942
3,30,150,5,0.2,1.0,55.39689804835092,adversarial,2.0,10,log_loss,0.0,0.0,0.2254182483491915,0.9848888888888888,0.4032534132534133,"[7, 10, 12, 15, 16, 17, 27, 28]",8,0.6,0.375,0.625,1.0,0.0,478.2851951122284
3,30,150,5,0.2,1.0,55.39689804835092,pc,2.0,10,log_loss,0.0,0.0,0.15069415253399712,0.9920000000000002,0.4011571761571761,"[7, 10, 12, 15, 16, 17, 27, 28]",8,0.6,0.375,0.625,1.0,0.0,452.3934347629547
3,30,150,5,0.2,1.0,55.39689804835092,ges,2.0,10,log_loss,1.9450913052852805,0.03511191734215131,0.10594955893692044,0.9946666666666667,0.5084848484848485,"[1, 3, 7, 12, 15, 16, 17, 18, 28]",9,1.0,0.5555555555555556,0.4444444444444444,1.0,0.0,514.8522610664368
3,30,150,5,0.2,1.0,55.39689804835092,iamb,2.0,10,log_loss,23.979994736380704,0.4328761281083057,0.07955403416788046,0.9982222222222223,0.6806060606060604,"[0, 1, 7, 12, 15, 16, 24, 28]",8,0.8,0.5,0.5,1.0,0.0,494.79469108581543
3,30,150,5,0.2,1.0,55.39689804835092,bootstrap_l1,2.0,10,log_loss,1.9450913052852805,0.03511191734215131,0.13215327434748492,0.9955555555555555,0.6991841491841492,"[6, 7, 12, 15, 20, 21, 24, 27, 28, 29]",10,0.4,0.2,0.8,1.0,0.0,224.65485787391663
