seed,p,n,k_star,p_edge,noise_scale,mu_scale,q_source,K_multiplier,K,criterion,mu_star,mu_star_relative,log_loss_star,auc_star,stability_star,support,k_actual,S_recall,S_precision,C_inclusion,causal_precision,correlate_inclusion,fit_seconds
5,30,300,5,0.6,1.0,11671.91482422681,oracle,2.0,10,log_loss,0.0,0.0,0.032140227126781114,0.9993333333333332,0.39333333333333337,"[0, 7, 14, 19, 24]",5,0.0,0.0,1.0,1.0,0.0,328.7314178943634
5,30,300,5,0.6,1.0,11671.91482422681,uniform,2.0,10,log_loss,0.0,0.0,0.028044800269058073,0.9995555555555555,0.4608333333333333,"[0, 7, 14, 19, 24]",5,0.0,0.0,1.0,1.0,0.0,348.2774820327759
5,30,300,5,0.6,1.0,11671.91482422681,adversarial,2.0,10,log_loss,0.0,0.0,0.02759201570030556,0.9997777777777778,0.43833333333333335,"[0, 7, 14, 19, 24]",5,0.0,0.0,1.0,1.0,0.0,332.5449368953705
5,30,300,5,0.6,1.0,11671.91482422681,pc,2.0,10,log_loss,0.0,0.0,0.032492800521184896,0.9995555555555555,0.615,"[0, 7, 14, 19, 24]",5,0.0,0.0,1.0,1.0,0.0,310.69028401374817
5,30,300,5,0.6,1.0,11671.91482422681,ges,2.0,10,log_loss,0.0,0.0,0.03351495028321695,1.0,0.4628571428571429,"[0, 7, 14, 19, 24]",5,0.0,0.0,1.0,1.0,0.0,384.56685304641724
5,30,300,5,0.6,1.0,11671.91482422681,iamb,2.0,10,log_loss,0.0,0.0,0.036018519181019545,0.9995555555555555,0.48571428571428577,"[0, 7, 14, 19, 24]",5,0.0,0.0,1.0,1.0,0.0,366.1873052120209
5,30,300,5,0.6,1.0,11671.91482422681,bootstrap_l1,2.0,10,log_loss,0.0,0.0,0.027214206146676755,1.0,0.503095238095238,"[0, 7, 14, 19, 24]",5,0.0,0.0,1.0,1.0,0.0,356.63364911079407
