seed,p,n,k_star,p_edge,noise_scale,mu_scale,q_source,K_multiplier,K,criterion,mu_star,mu_star_relative,log_loss_star,auc_star,stability_star,support,k_actual,S_recall,S_precision,C_inclusion,causal_precision,correlate_inclusion,fit_seconds
8,30,500,5,0.2,1.0,748.0465189925478,oracle,2.0,10,log_loss,0.0,0.0,0.06288975587917688,0.99816,0.44623376623376626,"[3, 5, 6, 8, 9, 10, 20, 22, 25]",9,0.8,0.4444444444444444,0.5555555555555556,0.8888888888888888,0.1111111111111111,378.28376483917236
8,30,500,5,0.2,1.0,748.0465189925478,uniform,2.0,10,log_loss,0.0,0.0,0.07730941377586437,0.99656,0.43089743589743595,"[3, 5, 6, 8, 9, 10, 20, 22, 25]",9,0.8,0.4444444444444444,0.5555555555555556,0.8888888888888888,0.1111111111111111,360.30903029441833
8,30,500,5,0.2,1.0,748.0465189925478,adversarial,2.0,10,log_loss,0.0,0.0,0.09103769553895583,0.9962399999999999,0.5726767676767676,"[3, 5, 6, 8, 9, 10, 20, 22, 25]",9,0.8,0.4444444444444444,0.5555555555555556,0.8888888888888888,0.1111111111111111,373.71715784072876
8,30,500,5,0.2,1.0,748.0465189925478,pc,2.0,10,log_loss,323.8114807863903,0.4328761281083057,0.05616770911193596,0.99856,0.5843434343434344,"[3, 5, 6, 8, 9, 10, 20, 22, 25]",9,0.8,0.4444444444444444,0.5555555555555556,0.8888888888888888,0.1111111111111111,382.7240619659424
8,30,500,5,0.2,1.0,748.0465189925478,ges,2.0,10,log_loss,172.80844805685058,0.23101297000831592,0.04370806884441163,0.9991199999999999,0.6666666666666667,"[5, 6, 8, 9, 13, 18, 20, 25]",8,0.8,0.5,0.5,0.875,0.125,391.3870937824249
8,30,500,5,0.2,1.0,748.0465189925478,iamb,2.0,10,log_loss,92.222671189095,0.12328467394420659,0.048470739081113885,0.99888,0.6249242424242424,"[3, 5, 6, 8, 9, 20, 22, 25, 29]",9,0.8,0.4444444444444444,0.5555555555555556,0.7777777777777778,0.2222222222222222,359.91402316093445
8,30,500,5,0.2,1.0,748.0465189925478,bootstrap_l1,2.0,10,log_loss,49.21646584346357,0.0657933224657568,0.05968409985829717,0.99848,0.6074747474747475,"[3, 6, 8, 19, 20, 22, 25]",7,0.6,0.42857142857142855,0.5714285714285714,0.8571428571428571,0.14285714285714285,390.461483001709
