seed,p,n,k_star,p_edge,noise_scale,mu_scale,q_source,K_multiplier,K,criterion,mu_star,mu_star_relative,log_loss_star,auc_star,stability_star,support,k_actual,S_recall,S_precision,C_inclusion,causal_precision,correlate_inclusion,fit_seconds
11,30,300,5,0.5,1.0,2821.152871326974,oracle,2.0,10,log_loss,0.0,0.0,0.061715849129550596,0.9993333333333332,0.3466666666666666,"[10, 16, 17, 19, 20, 24, 25, 29]",8,0.2,0.125,0.875,1.0,0.0,265.7388689517975
11,30,300,5,0.5,1.0,2821.152871326974,uniform,2.0,10,log_loss,0.0,0.0,0.05165025518284959,0.9988888888888889,0.4097727272727273,"[10, 16, 17, 19, 20, 24, 25, 29]",8,0.2,0.125,0.875,1.0,0.0,275.7403838634491
11,30,300,5,0.5,1.0,2821.152871326974,adversarial,2.0,10,log_loss,0.0,0.0,0.03815794940957573,0.9984444444444446,0.31201298701298696,"[10, 16, 17, 19, 20, 24, 25, 29]",8,0.2,0.125,0.875,1.0,0.0,286.5725529193878
11,30,300,5,0.5,1.0,2821.152871326974,pc,2.0,10,log_loss,0.0,0.0,0.07037704945148623,0.9966666666666667,0.24915917415917416,"[10, 16, 17, 19, 20, 24, 25, 29]",8,0.2,0.125,0.875,1.0,0.0,279.3222961425781
11,30,300,5,0.5,1.0,2821.152871326974,ges,2.0,10,log_loss,0.0,0.0,0.03479920197488166,0.9993333333333334,0.3407536907536908,"[10, 16, 17, 19, 20, 24, 25, 29]",8,0.2,0.125,0.875,1.0,0.0,346.01476407051086
11,30,300,5,0.5,1.0,2821.152871326974,iamb,2.0,10,log_loss,0.0,0.0,0.060992361779437176,0.998,0.25941919191919194,"[10, 16, 17, 19, 20, 24, 25, 29]",8,0.2,0.125,0.875,1.0,0.0,332.8445749282837
11,30,300,5,0.5,1.0,2821.152871326974,bootstrap_l1,2.0,10,log_loss,185.6130205884113,0.0657933224657568,0.025879935067595013,1.0,0.6494444444444445,"[1, 7, 16, 17, 18, 19, 20, 28, 29]",9,0.6,0.3333333333333333,0.6666666666666666,1.0,0.0,301.6650438308716
