seed,p,n,k_star,p_edge,noise_scale,mu_scale,q_source,K_multiplier,K,criterion,mu_star,mu_star_relative,log_loss_star,auc_star,stability_star,support,k_actual,S_recall,S_precision,C_inclusion,causal_precision,correlate_inclusion,fit_seconds
7,30,150,5,0.2,1.0,61.26157597700898,oracle,2.0,10,log_loss,49.691153017716815,0.8111308307896868,0.5148475528644825,0.9653333333333334,0.6045454545454546,"[0, 3, 6, 9, 17, 18, 22, 23, 29]",9,1.0,0.5555555555555556,0.4444444444444444,1.0,0.0,233.13002967834473
7,30,150,5,0.2,1.0,61.26157597700898,uniform,2.0,10,log_loss,0.0,0.0,0.45293077564530576,0.9688888888888888,0.3168764568764569,"[9, 12, 22, 29]",4,0.2,0.25,0.75,1.0,0.0,246.14848017692566
7,30,150,5,0.2,1.0,61.26157597700898,adversarial,2.0,10,log_loss,1.1479300841760458,0.01873817422860384,0.1716880675079256,0.9893333333333334,0.3306410256410256,"[0, 9, 12, 17, 21, 22, 24, 25, 26, 29]",10,0.4,0.2,0.8,1.0,0.0,245.01599597930908
7,30,150,5,0.2,1.0,61.26157597700898,pc,2.0,10,log_loss,14.152218613838942,0.23101297000831592,0.23447469844316973,0.9777777777777779,0.3629370629370629,"[3, 5, 9, 12, 13, 14, 17, 22, 29]",9,0.4,0.2222222222222222,0.7777777777777778,0.7777777777777778,0.2222222222222222,258.9832739830017
7,30,150,5,0.2,1.0,61.26157597700898,ges,2.0,10,log_loss,1.1479300841760458,0.01873817422860384,0.13955234027332356,0.9911111111111112,0.5954545454545455,"[0, 6, 9, 14, 17, 18, 21, 22, 23, 29]",10,1.0,0.5,0.5,1.0,0.0,246.92388582229614
7,30,150,5,0.2,1.0,61.26157597700898,iamb,2.0,10,log_loss,2.1510113919546616,0.03511191734215131,0.1355115430052377,0.992,0.5865517815517816,"[0, 4, 6, 9, 17, 18, 22, 23, 29]",9,1.0,0.5555555555555556,0.4444444444444444,1.0,0.0,252.14891386032104
7,30,150,5,0.2,1.0,61.26157597700898,bootstrap_l1,2.0,10,log_loss,4.030602623015811,0.0657933224657568,0.09752924557333276,0.9973333333333333,0.6922619047619049,"[0, 6, 9, 14, 22, 26, 29]",7,0.4,0.2857142857142857,0.7142857142857143,1.0,0.0,253.2017960548401
