seed,p,n,k_star,p_edge,noise_scale,mu_scale,q_source,K_multiplier,K,criterion,mu_star,mu_star_relative,log_loss_star,auc_star,stability_star,support,k_actual,S_recall,S_precision,C_inclusion,causal_precision,correlate_inclusion,fit_seconds
7,30,500,5,0.2,1.0,189.12132041831575,oracle,2.0,10,log_loss,0.0,0.0,0.19427963623665206,0.98744,0.6674747474747473,"[6, 8, 9, 10, 17, 18, 19, 23, 29]",9,1.0,0.5555555555555556,0.4444444444444444,1.0,0.0,323.30868697166443
7,30,500,5,0.2,1.0,189.12132041831575,uniform,2.0,10,log_loss,0.0,0.0,0.2887856994595902,0.9792,0.5681080031080031,"[6, 8, 9, 10, 17, 18, 19, 23, 29]",9,1.0,0.5555555555555556,0.4444444444444444,1.0,0.0,321.92557430267334
7,30,500,5,0.2,1.0,189.12132041831575,adversarial,2.0,10,log_loss,3.5437882523420132,0.01873817422860384,0.12261869319741889,0.99032,0.48681318681318675,"[7, 9, 10, 12, 19, 20, 25, 27, 28, 29]",10,0.2,0.1,0.9,1.0,0.0,316.7057898044586
7,30,500,5,0.2,1.0,189.12132041831575,pc,2.0,10,log_loss,23.315760323669878,0.1232846739442066,0.14839788688098404,0.9909600000000001,0.5390268065268066,"[6, 9, 11, 13, 17, 18, 23]",7,1.0,0.7142857142857143,0.2857142857142857,0.7142857142857143,0.2857142857142857,351.39458203315735
7,30,500,5,0.2,1.0,189.12132041831575,ges,2.0,10,log_loss,81.86610492541078,0.4328761281083057,0.12527476164291385,0.99064,0.7323809523809525,"[0, 6, 9, 15, 17, 18, 20, 23]",8,1.0,0.625,0.375,1.0,0.0,352.7261860370636
7,30,500,5,0.2,1.0,189.12132041831575,iamb,2.0,10,log_loss,12.442920019431963,0.0657933224657568,0.21126565201164166,0.98224,0.8833333333333332,"[6, 8, 9, 10, 17, 18, 20, 23]",8,1.0,0.625,0.375,1.0,0.0,351.1351408958435
7,30,500,5,0.2,1.0,189.12132041831575,bootstrap_l1,2.0,10,log_loss,6.640412170166415,0.03511191734215131,0.06025951241841816,0.9984,0.8377777777777778,"[3, 6, 9, 17, 18, 19, 23, 27, 29]",9,1.0,0.5555555555555556,0.4444444444444444,1.0,0.0,333.8800129890442
