seed,p,n,k_star,p_edge,noise_scale,mu_scale,q_source,K_multiplier,K,criterion,mu_star,mu_star_relative,log_loss_star,auc_star,stability_star,support,k_actual,S_recall,S_precision,C_inclusion,causal_precision,correlate_inclusion,fit_seconds
1,10,300,5,0.2,1.0,114.61209126719811,oracle,2.0,10,log_loss,0.0,0.0,0.10579592939824774,0.9951111111111111,0.8428571428571429,"[3, 5, 7, 8, 9]",5,1.0,1.0,0.0,1.0,0.0,67.6770429611206
1,10,300,5,0.2,1.0,114.61209126719811,uniform,2.0,10,log_loss,0.0,0.0,0.11854351973864516,0.9924444444444445,0.7561507936507936,"[3, 5, 7, 8, 9]",5,1.0,1.0,0.0,1.0,0.0,63.22119665145874
1,10,300,5,0.2,1.0,114.61209126719811,adversarial,2.0,10,log_loss,14.129914301940167,0.12328467394420659,0.10574072962534875,0.9944444444444445,0.7714285714285715,"[0, 1, 3, 5, 7, 8, 9]",7,1.0,0.7142857142857143,0.14285714285714285,0.7142857142857143,0.14285714285714285,72.67965388298035
1,10,300,5,0.2,1.0,114.61209126719811,pc,2.0,10,log_loss,174.2001877574275,1.5199110829529332,0.10156644718342347,0.9931111111111111,0.8785714285714284,"[3, 5, 7, 8, 9]",5,1.0,1.0,0.0,1.0,0.0,62.18024826049805
1,10,300,5,0.2,1.0,114.61209126719811,ges,2.0,10,log_loss,14.129914301940167,0.12328467394420659,0.10869757118707842,0.9931111111111111,0.7958333333333334,"[3, 5, 7, 8, 9]",5,1.0,1.0,0.0,1.0,0.0,67.88109087944031
1,10,300,5,0.2,1.0,114.61209126719811,iamb,2.0,10,log_loss,4.024250274984961,0.03511191734215131,0.10557043993493864,0.9948888888888888,0.8428571428571429,"[0, 3, 5, 7, 8, 9]",6,1.0,0.8333333333333334,0.16666666666666666,0.8333333333333334,0.16666666666666666,65.00814199447632
1,10,300,5,0.2,1.0,114.61209126719811,bootstrap_l1,2.0,10,log_loss,0.0,0.0,0.09023988829205905,0.9962222222222221,0.9,"[3, 5, 7, 8, 9]",5,1.0,1.0,0.0,1.0,0.0,66.48401808738708
