seed,p,n,k_star,p_edge,noise_scale,mu_scale,q_source,K_multiplier,K,criterion,mu_star,mu_star_relative,log_loss_star,auc_star,stability_star,support,k_actual,S_recall,S_precision,C_inclusion,causal_precision,correlate_inclusion,fit_seconds
0,30,300,5,0.2,1.0,264.92108798732727,oracle,2.0,10,log_loss,0.0,0.0,0.06321140410136952,0.9975555555555555,0.5551481851481851,"[2, 5, 7, 8, 9, 10, 11, 12, 17, 18]",10,0.6,0.3,0.7,0.9,0.1,209.38501811027527
0,30,300,5,0.2,1.0,264.92108798732727,uniform,2.0,10,log_loss,0.0,0.0,0.09958555004891703,0.9959999999999999,0.4835447885447886,"[2, 5, 7, 8, 9, 10, 11, 12, 17, 18]",10,0.6,0.3,0.7,0.9,0.1,258.1564588546753
0,30,300,5,0.2,1.0,264.92108798732727,adversarial,2.0,10,log_loss,0.0,0.0,0.08701842226550559,0.9971111111111111,0.6304545454545455,"[2, 5, 7, 8, 9, 10, 11, 12, 17, 18]",10,0.6,0.3,0.7,0.9,0.1,265.33467411994934
0,30,300,5,0.2,1.0,264.92108798732727,pc,2.0,10,log_loss,4.964137503537827,0.01873817422860384,0.08148637155455765,0.9975555555555555,0.4382617382617383,"[2, 5, 7, 8, 10, 12, 17, 18, 22]",9,0.8,0.4444444444444444,0.5555555555555556,0.8888888888888888,0.1111111111111111,333.1145248413086
0,30,300,5,0.2,1.0,264.92108798732727,ges,2.0,10,log_loss,754.5047608929443,2.848035868435799,0.06326378808763651,0.9975555555555555,0.585,"[2, 8, 10, 17, 18, 19, 22]",7,0.8,0.5714285714285714,0.42857142857142855,1.0,0.0,367.80705523490906
0,30,300,5,0.2,1.0,264.92108798732727,iamb,2.0,10,log_loss,32.6607099534621,0.12328467394420657,0.04910953044178048,0.9988888888888889,0.8,"[2, 7, 8, 10, 12, 17, 18, 22, 29]",9,0.8,0.4444444444444444,0.5555555555555556,1.0,0.0,279.56810688972473
0,30,300,5,0.2,1.0,264.92108798732727,bootstrap_l1,2.0,10,log_loss,17.43003856992935,0.0657933224657568,0.06374238374381076,0.9968888888888889,0.8138888888888889,"[2, 7, 8, 10, 11, 12, 17, 25]",8,0.6,0.375,0.625,1.0,0.0,273.9612789154053
