seed,p,n,k_star,p_edge,noise_scale,mu_scale,q_source,K_multiplier,K,criterion,mu_star,mu_star_relative,log_loss_star,auc_star,stability_star,support,k_actual,S_recall,S_precision,C_inclusion,causal_precision,correlate_inclusion,fit_seconds
17,30,300,5,0.2,1.0,309.54934561823484,oracle,2.0,10,log_loss,3.0954934561823486,0.01,0.06442849117071699,0.9988888888888889,0.6721717171717172,"[4, 6, 15, 22, 26, 27, 29]",7,1.0,0.7142857142857143,0.2857142857142857,1.0,0.0,315.1623578071594
17,30,300,5,0.2,1.0,309.54934561823484,uniform,2.0,10,log_loss,0.0,0.0,0.10257055121550238,0.9926666666666666,0.5387878787878788,"[1, 2, 6, 12, 15, 26, 27, 29]",8,0.6,0.375,0.5,0.75,0.125,319.14716482162476
17,30,300,5,0.2,1.0,309.54934561823484,adversarial,2.0,10,log_loss,0.0,0.0,0.0916768371709628,0.9955555555555555,0.5183080808080808,"[1, 2, 6, 12, 15, 26, 27, 29]",8,0.6,0.375,0.5,0.75,0.125,308.8708481788635
17,30,300,5,0.2,1.0,309.54934561823484,pc,2.0,10,log_loss,251.08501788172273,0.8111308307896868,0.07958481460633518,0.9971111111111111,0.85,"[6, 7, 15, 22, 26, 27, 29]",7,0.8,0.5714285714285714,0.42857142857142855,1.0,0.0,309.05036091804504
17,30,300,5,0.2,1.0,309.54934561823484,ges,2.0,10,log_loss,133.99652218968123,0.4328761281083057,0.03803617091897298,0.9997777777777778,0.745,"[4, 6, 7, 15, 16, 22, 26, 27, 29]",9,1.0,0.5555555555555556,0.4444444444444444,1.0,0.0,321.5376818180084
17,30,300,5,0.2,1.0,309.54934561823484,iamb,2.0,10,log_loss,20.366279915324526,0.0657933224657568,0.034048961241616396,0.9995555555555555,0.8,"[4, 6, 7, 16, 22, 26, 27, 29]",8,1.0,0.625,0.375,1.0,0.0,274.85354113578796
17,30,300,5,0.2,1.0,309.54934561823484,bootstrap_l1,2.0,10,log_loss,0.0,0.0,0.08989715397819778,0.9957777777777779,0.581482683982684,"[1, 2, 6, 12, 15, 26, 27, 29]",8,0.6,0.375,0.5,0.75,0.125,266.5753011703491
