seed,p,n,k_star,p_edge,noise_scale,mu_scale,q_source,K_multiplier,K,criterion,mu_star,mu_star_relative,log_loss_star,auc_star,stability_star,support,k_actual,S_recall,S_precision,C_inclusion,causal_precision,correlate_inclusion,fit_seconds
0,30,300,5,0.1,1.0,83.80067662777299,oracle,2.0,10,log_loss,0.8380067662777299,0.01,0.06399729968111204,0.9977777777777778,0.6646969696969698,"[2, 7, 9, 10, 16, 17, 20, 21, 27]",9,0.8,0.4444444444444444,0.4444444444444444,0.6666666666666666,0.2222222222222222,179.5289022922516
0,30,300,5,0.1,1.0,83.80067662777299,uniform,2.0,10,log_loss,0.0,0.0,0.132913497907159,0.9928888888888888,0.6475757575757575,"[2, 7, 10, 17, 20, 21, 27]",7,0.8,0.5714285714285714,0.2857142857142857,0.7142857142857143,0.14285714285714285,231.73623704910278
0,30,300,5,0.1,1.0,83.80067662777299,adversarial,2.0,10,log_loss,0.0,0.0,0.14171513784027573,0.9904444444444443,0.5853379953379954,"[2, 7, 10, 17, 20, 21, 27]",7,0.8,0.5714285714285714,0.2857142857142857,0.7142857142857143,0.14285714285714285,261.88324785232544
0,30,300,5,0.1,1.0,83.80067662777299,pc,2.0,10,log_loss,10.331339094358887,0.1232846739442066,0.10006195418529178,0.9951111111111111,0.5691142191142191,"[2, 7, 10, 17, 20, 21, 22, 27, 28]",9,1.0,0.5555555555555556,0.3333333333333333,0.6666666666666666,0.2222222222222222,311.9610388278961
0,30,300,5,0.1,1.0,83.80067662777299,ges,2.0,10,log_loss,0.8380067662777299,0.01,0.0896880513482496,0.9964444444444445,0.7650505050505052,"[2, 7, 9, 10, 16, 17, 20, 21, 27]",9,0.8,0.4444444444444444,0.4444444444444444,0.6666666666666666,0.2222222222222222,348.21065497398376
0,30,300,5,0.1,1.0,83.80067662777299,iamb,2.0,10,log_loss,19.3590431964883,0.23101297000831592,0.08174809346492434,0.9959999999999999,0.7245454545454544,"[2, 5, 10, 17, 21, 22, 25]",7,1.0,0.7142857142857143,0.2857142857142857,0.8571428571428571,0.14285714285714285,314.11487007141113
0,30,300,5,0.1,1.0,83.80067662777299,bootstrap_l1,2.0,10,log_loss,5.513524940219677,0.0657933224657568,0.07041219028078496,0.9986666666666666,0.7828282828282829,"[2, 7, 10, 12, 17, 20, 21, 27]",8,0.8,0.5,0.375,0.75,0.125,260.46744298934937
