seed,p,n,k_star,p_edge,noise_scale,mu_scale,q_source,K_multiplier,K,criterion,mu_star,mu_star_relative,log_loss_star,auc_star,stability_star,support,k_actual,S_recall,S_precision,C_inclusion,causal_precision,correlate_inclusion,fit_seconds
2,30,500,5,0.2,1.0,259.9674919100223,oracle,2.0,10,log_loss,2.5996749191002233,0.01,0.07898618239295577,0.99672,0.5136363636363637,"[2, 8, 10, 12, 13, 14, 19, 20, 28, 29]",10,1.0,0.5,0.5,0.9,0.1,335.87704706192017
2,30,500,5,0.2,1.0,259.9674919100223,uniform,2.0,10,log_loss,0.0,0.0,0.08566008949547307,0.99584,0.45595238095238083,"[2, 8, 10, 12, 13, 14, 19, 20, 28, 29]",10,1.0,0.5,0.5,0.9,0.1,355.9535539150238
2,30,500,5,0.2,1.0,259.9674919100223,adversarial,2.0,10,log_loss,0.0,0.0,0.0710559642054092,0.99648,0.6036635586635586,"[2, 8, 10, 12, 13, 14, 19, 20, 28, 29]",10,1.0,0.5,0.5,0.9,0.1,318.2323338985443
2,30,500,5,0.2,1.0,259.9674919100223,pc,2.0,10,log_loss,2.5996749191002233,0.01,0.07795990510441811,0.99688,0.5520235320235319,"[2, 8, 10, 11, 12, 14, 19, 28, 29]",9,1.0,0.5555555555555556,0.4444444444444444,1.0,0.0,350.2323350906372
2,30,500,5,0.2,1.0,259.9674919100223,ges,2.0,10,log_loss,17.10412502585012,0.0657933224657568,0.0714577690490152,0.99856,0.5063228438228438,"[2, 8, 10, 11, 14, 19, 28, 29]",8,1.0,0.625,0.375,1.0,0.0,499.44506788253784
2,30,500,5,0.2,1.0,259.9674919100223,iamb,2.0,10,log_loss,2.5996749191002233,0.01,0.07921910542243352,0.99712,0.6337878787878789,"[2, 8, 10, 11, 12, 14, 18, 19, 29]",9,1.0,0.5555555555555556,0.4444444444444444,0.8888888888888888,0.1111111111111111,684.1823031902313
2,30,500,5,0.2,1.0,259.9674919100223,bootstrap_l1,2.0,10,log_loss,32.050007476220266,0.12328467394420659,0.07157257723920207,0.9973600000000001,0.5703379953379952,"[6, 8, 10, 12, 14, 16, 19, 26, 29]",9,0.8,0.4444444444444444,0.5555555555555556,0.7777777777777778,0.2222222222222222,704.7854347229004
