seed,p,n,k_star,p_edge,noise_scale,mu_scale,q_source,K_multiplier,K,criterion,mu_star,mu_star_relative,log_loss_star,auc_star,stability_star,support,k_actual,S_recall,S_precision,C_inclusion,causal_precision,correlate_inclusion,fit_seconds
8,30,1000,5,0.2,1.0,1623.6998588972424,oracle,2.0,10,log_loss,16.236998588972423,0.009999999999999998,0.03753411831032355,0.99942,0.5571212121212121,"[5, 6, 8, 18, 20, 25]",6,0.8,0.6666666666666666,0.3333333333333333,0.8333333333333334,0.16666666666666666,501.587121963501
8,30,1000,5,0.2,1.0,1623.6998588972424,uniform,2.0,10,log_loss,0.0,0.0,0.04328234615534961,0.9991000000000001,0.6056818181818182,"[3, 5, 6, 7, 16, 18, 20, 25]",8,0.8,0.5,0.5,0.75,0.25,524.3339259624481
8,30,1000,5,0.2,1.0,1623.6998588972424,adversarial,2.0,10,log_loss,0.0,0.0,0.043141078745137285,0.99916,0.6366666666666667,"[3, 5, 6, 7, 16, 18, 20, 25]",8,0.8,0.5,0.5,0.75,0.25,501.43288397789
8,30,1000,5,0.2,1.0,1623.6998588972424,pc,2.0,10,log_loss,106.82860840403008,0.0657933224657568,0.034598260548106385,0.99938,0.5197222222222222,"[3, 5, 6, 8, 18, 19, 20, 25]",8,0.8,0.5,0.5,0.875,0.125,507.67905473709106
8,30,1000,5,0.2,1.0,1623.6998588972424,ges,2.0,10,log_loss,30.425170850976,0.01873817422860384,0.031002637049394533,0.9998800000000001,0.8678571428571429,"[3, 5, 6, 8, 18, 20, 25]",7,0.8,0.5714285714285714,0.42857142857142855,0.8571428571428571,0.14285714285714285,510.53763794898987
8,30,1000,5,0.2,1.0,1623.6998588972424,iamb,2.0,10,log_loss,16.236998588972423,0.009999999999999998,0.03651698776490218,0.9994399999999999,0.6915151515151514,"[5, 6, 8, 16, 18, 20, 25]",7,0.8,0.5714285714285714,0.42857142857142855,0.7142857142857143,0.2857142857142857,507.0116980075836
8,30,1000,5,0.2,1.0,1623.6998588972424,bootstrap_l1,2.0,10,log_loss,16.236998588972423,0.009999999999999998,0.03176939690525275,0.99992,0.7681818181818182,"[5, 6, 8, 13, 16, 17, 18, 20, 25]",9,0.8,0.4444444444444444,0.5555555555555556,0.7777777777777778,0.2222222222222222,537.8223831653595
