seed,p,n,k_star,p_edge,noise_scale,mu_scale,q_source,K_multiplier,K,criterion,mu_star,mu_star_relative,log_loss_star,auc_star,stability_star,support,k_actual,S_recall,S_precision,C_inclusion,causal_precision,correlate_inclusion,fit_seconds
2,30,300,5,0.1,1.0,16.970189960507216,oracle,2.0,10,log_loss,1.1165251803768,0.0657933224657568,0.26849858814673744,0.9640000000000001,0.5654001554001555,"[2, 7, 8, 10, 14, 26, 28, 29]",8,1.0,0.625,0.125,0.625,0.125,507.6469039916992
2,30,300,5,0.1,1.0,16.970189960507216,uniform,2.0,10,log_loss,0.0,0.0,0.3191687090968359,0.9640000000000001,0.5828535353535353,"[2, 7, 8, 10, 14, 26, 28, 29]",8,1.0,0.625,0.125,0.625,0.125,330.9686908721924
2,30,300,5,0.1,1.0,16.970189960507216,adversarial,2.0,10,log_loss,0.5958559071739353,0.03511191734215131,0.22586544756953497,0.9751111111111112,0.571060606060606,"[2, 7, 8, 10, 11, 14, 28, 29]",8,1.0,0.625,0.25,0.75,0.125,249.16486597061157
2,30,300,5,0.1,1.0,16.970189960507216,pc,2.0,10,log_loss,169.70189960507216,10.0,0.3039167968708016,0.9662222222222223,0.532005772005772,"[2, 8, 10, 14, 29]",5,1.0,1.0,0.0,1.0,0.0,247.3661630153656
2,30,300,5,0.1,1.0,16.970189960507216,ges,2.0,10,log_loss,48.33170970169365,2.848035868435799,0.24809268422587136,0.969111111111111,0.7306060606060605,"[0, 2, 7, 8, 10, 13, 14, 26, 29]",9,1.0,0.5555555555555556,0.1111111111111111,0.5555555555555556,0.1111111111111111,271.72125697135925
2,30,300,5,0.1,1.0,16.970189960507216,iamb,2.0,10,log_loss,0.0,0.0,0.2382726313838978,0.9728888888888889,0.49322344322344314,"[2, 7, 8, 10, 14, 26, 28, 29]",8,1.0,0.625,0.125,0.625,0.125,259.6318049430847
2,30,300,5,0.1,1.0,16.970189960507216,bootstrap_l1,2.0,10,log_loss,13.765044281325022,0.8111308307896868,0.2268047628945747,0.9728888888888889,0.5785930735930738,"[0, 2, 7, 8, 10, 13, 14, 26, 29]",9,1.0,0.5555555555555556,0.1111111111111111,0.5555555555555556,0.1111111111111111,305.20248007774353
