seed,p,n,k_star,p_edge,noise_scale,mu_scale,q_source,K_multiplier,K,criterion,mu_star,mu_star_relative,log_loss_star,auc_star,stability_star,support,k_actual,S_recall,S_precision,C_inclusion,causal_precision,correlate_inclusion,fit_seconds
7,30,300,5,0.2,0.5,61.78622950818256,oracle,2.0,10,log_loss,0.0,0.0,0.14297983868758796,0.9902222222222223,0.468041958041958,"[6, 9, 17, 18, 19, 20, 22, 23, 26]",9,1.0,0.5555555555555556,0.4444444444444444,1.0,0.0,266.77985095977783
7,30,300,5,0.2,0.5,61.78622950818256,uniform,2.0,10,log_loss,0.0,0.0,0.1869451727344818,0.9862222222222222,0.43661671661671664,"[6, 9, 17, 18, 19, 20, 22, 23, 26]",9,1.0,0.5555555555555556,0.4444444444444444,1.0,0.0,275.58499002456665
7,30,300,5,0.2,0.5,61.78622950818256,adversarial,2.0,10,log_loss,0.6178622950818256,0.01,0.1171034549512664,0.9937777777777779,0.4905844155844156,"[0, 1, 6, 10, 12, 13, 16, 17, 21, 23]",10,0.6,0.3,0.7,0.8,0.2,287.8318839073181
7,30,300,5,0.2,0.5,61.78622950818256,pc,2.0,10,log_loss,4.065121321975113,0.0657933224657568,0.1090862247926682,0.9931111111111111,0.29597236097236096,"[0, 5, 6, 9, 12, 16, 17, 22, 23, 29]",10,0.8,0.4,0.6,0.9,0.1,308.50877809524536
7,30,300,5,0.2,0.5,61.78622950818256,ges,2.0,10,log_loss,0.0,0.0,0.1289615929086263,0.9913333333333334,0.44447219447219444,"[6, 9, 17, 18, 19, 20, 22, 23, 26]",9,1.0,0.5555555555555556,0.4444444444444444,1.0,0.0,253.10907578468323
7,30,300,5,0.2,0.5,61.78622950818256,iamb,2.0,10,log_loss,14.273420384300701,0.23101297000831592,0.08290398419650545,0.9962222222222221,0.8427272727272728,"[4, 6, 9, 12, 14, 17, 18, 20, 23, 25]",10,1.0,0.5,0.5,1.0,0.0,267.0793912410736
7,30,300,5,0.2,0.5,61.78622950818256,bootstrap_l1,2.0,10,log_loss,93.90957500336023,1.5199110829529332,0.10488033387012216,0.9913333333333334,0.8136363636363637,"[3, 6, 9, 12, 15, 17, 18, 22, 23, 26]",10,1.0,0.5,0.5,1.0,0.0,268.3083930015564
