seed,p,n,k_star,p_edge,noise_scale,mu_scale,q_source,K_multiplier,K,criterion,mu_star,mu_star_relative,log_loss_star,auc_star,stability_star,support,k_actual,S_recall,S_precision,C_inclusion,causal_precision,correlate_inclusion,fit_seconds
5,30,300,5,0.5,1.0,2350.2959425008517,oracle,2.0,10,log_loss,23.502959425008516,0.01,0.04120431004543993,0.998888888888889,0.5305952380952381,"[7, 19, 20, 22, 27]",5,0.6,0.6,0.4,1.0,0.0,333.3018231391907
5,30,300,5,0.5,1.0,2350.2959425008517,uniform,2.0,10,log_loss,0.0,0.0,0.09504685026796231,0.9913333333333334,0.36194444444444446,"[1, 6, 12, 16, 19, 27]",6,0.2,0.16666666666666666,0.8333333333333334,1.0,0.0,339.7297239303589
5,30,300,5,0.5,1.0,2350.2959425008517,adversarial,2.0,10,log_loss,0.0,0.0,0.09091917270388583,0.9940000000000001,0.27162698412698416,"[1, 6, 12, 16, 19, 27]",6,0.2,0.16666666666666666,0.8333333333333334,1.0,0.0,341.41867184638977
5,30,300,5,0.5,1.0,2350.2959425008517,pc,2.0,10,log_loss,44.04025485936163,0.01873817422860384,0.0336475476628504,0.9986666666666666,0.33819624819624816,"[1, 2, 14, 19, 27, 28]",6,0.4,0.3333333333333333,0.6666666666666666,1.0,0.0,303.68347692489624
5,30,300,5,0.5,1.0,2350.2959425008517,ges,2.0,10,log_loss,0.0,0.0,0.06559981035067712,0.9960000000000001,0.29222222222222227,"[1, 6, 12, 16, 19, 27]",6,0.2,0.16666666666666666,0.8333333333333334,1.0,0.0,350.27805399894714
5,30,300,5,0.5,1.0,2350.2959425008517,iamb,2.0,10,log_loss,44.04025485936163,0.01873817422860384,0.045661297490676454,0.9991111111111112,0.6178968253968253,"[4, 7, 8, 14, 20, 22, 27]",7,0.8,0.5714285714285714,0.42857142857142855,1.0,0.0,299.0431318283081
5,30,300,5,0.5,1.0,2350.2959425008517,bootstrap_l1,2.0,10,log_loss,289.75546894360923,0.1232846739442066,0.03959439594983758,0.9986666666666666,0.5224603174603174,"[1, 4, 5, 6, 7, 18, 27]",7,0.4,0.2857142857142857,0.7142857142857143,0.8571428571428571,0.14285714285714285,344.42476177215576
