seed,p,n,k_star,p_edge,noise_scale,mu_scale,q_source,K_multiplier,K,criterion,mu_star,mu_star_relative,log_loss_star,auc_star,stability_star,support,k_actual,S_recall,S_precision,C_inclusion,causal_precision,correlate_inclusion,fit_seconds
8,30,300,5,0.2,2.0,978.4785376480221,oracle,2.0,10,log_loss,9.78478537648022,0.01,0.0382328360919452,0.9991111111111112,0.5909595959595959,"[3, 5, 6, 8, 9, 16, 20, 25, 29]",9,0.8,0.4444444444444444,0.5555555555555556,0.7777777777777778,0.2222222222222222,279.0436100959778
8,30,300,5,0.2,2.0,978.4785376480221,uniform,2.0,10,log_loss,0.0,0.0,0.023767946410913086,0.9995555555555555,0.6693614718614719,"[3, 6, 8, 9, 16, 20, 23, 25]",8,0.6,0.375,0.625,0.75,0.25,299.1946609020233
8,30,300,5,0.2,2.0,978.4785376480221,adversarial,2.0,10,log_loss,0.0,0.0,0.05451431466953719,0.9971111111111111,0.5067640692640694,"[3, 6, 8, 9, 16, 20, 23, 25]",8,0.6,0.375,0.625,0.75,0.25,294.56341004371643
8,30,300,5,0.2,2.0,978.4785376480221,pc,2.0,10,log_loss,18.334901317398142,0.01873817422860384,0.03234847862015694,0.9991111111111112,0.5873737373737373,"[3, 6, 8, 9, 16, 20, 23, 25]",8,0.6,0.375,0.625,0.75,0.25,291.25285720825195
8,30,300,5,0.2,2.0,978.4785376480221,ges,2.0,10,log_loss,226.04123307146335,0.23101297000831592,0.045468118993374856,0.9991111111111112,0.6527777777777778,"[5, 6, 9, 13, 18, 20, 25]",7,0.8,0.5714285714285714,0.42857142857142855,0.8571428571428571,0.14285714285714285,332.9451057910919
8,30,300,5,0.2,2.0,978.4785376480221,iamb,2.0,10,log_loss,0.0,0.0,0.029352179810779467,0.9997777777777778,0.7063492063492063,"[3, 6, 8, 9, 16, 20, 23, 25]",8,0.6,0.375,0.625,0.75,0.25,308.3146047592163
8,30,300,5,0.2,2.0,978.4785376480221,bootstrap_l1,2.0,10,log_loss,64.37735395329847,0.0657933224657568,0.016767431614770276,1.0,0.9142857142857143,"[3, 6, 9, 16, 20, 23, 25]",7,0.6,0.42857142857142855,0.5714285714285714,0.7142857142857143,0.2857142857142857,291.7287800312042
