seed,p,n,k_star,p_edge,noise_scale,mu_scale,q_source,K_multiplier,K,criterion,mu_star,mu_star_relative,log_loss_star,auc_star,stability_star,support,k_actual,S_recall,S_precision,C_inclusion,causal_precision,correlate_inclusion,fit_seconds
9,30,300,5,0.7,1.0,16481.8077678356,oracle,2.0,10,log_loss,164.818077678356,0.01,0.0638888377813892,0.9984444444444444,0.4553571428571428,"[8, 17, 20, 21, 22]",5,0.2,0.2,0.8,1.0,0.0,314.5806610584259
9,30,300,5,0.7,1.0,16481.8077678356,uniform,2.0,10,log_loss,0.0,0.0,0.05814799681023577,0.9993333333333334,0.4140476190476191,"[8, 13, 17, 20, 21, 22]",6,0.2,0.16666666666666666,0.8333333333333334,1.0,0.0,342.3358619213104
9,30,300,5,0.7,1.0,16481.8077678356,adversarial,2.0,10,log_loss,0.0,0.0,0.05740904901902575,0.9997777777777778,0.439047619047619,"[8, 13, 17, 20, 21, 22]",6,0.2,0.16666666666666666,0.8333333333333334,1.0,0.0,339.60555720329285
9,30,300,5,0.7,1.0,16481.8077678356,pc,2.0,10,log_loss,164.818077678356,0.01,0.03964954668348511,0.9975555555555555,0.465,"[0, 8, 13, 20, 21, 22]",6,0.2,0.16666666666666666,0.8333333333333334,1.0,0.0,292.03357005119324
9,30,300,5,0.7,1.0,16481.8077678356,ges,2.0,10,log_loss,164.818077678356,0.01,0.04588030517408602,0.9997777777777778,0.6166666666666667,"[1, 20, 29]",3,0.4,0.6666666666666666,0.3333333333333333,1.0,0.0,272.4204077720642
9,30,300,5,0.7,1.0,16481.8077678356,iamb,2.0,10,log_loss,164.818077678356,0.01,0.053795278846217945,0.9986666666666666,0.655,"[20, 21, 28, 29]",4,0.4,0.5,0.5,1.0,0.0,264.95942091941833
9,30,300,5,0.7,1.0,16481.8077678356,bootstrap_l1,2.0,10,log_loss,164.818077678356,0.01,0.01759662859465846,1.0,0.7142857142857142,"[8, 13, 20, 21, 27, 28]",6,0.2,0.16666666666666666,0.8333333333333334,1.0,0.0,241.38405776023865
