seed,p,n,k_star,p_edge,noise_scale,mu_scale,q_source,K_multiplier,K,criterion,mu_star,mu_star_relative,log_loss_star,auc_star,stability_star,support,k_actual,S_recall,S_precision,C_inclusion,causal_precision,correlate_inclusion,fit_seconds
13,30,300,5,0.4,1.0,931.7520100464353,oracle,2.0,10,log_loss,9.317520100464353,0.01,0.30079960694527386,0.963111111111111,0.329491341991342,"[6, 10, 17, 18]",4,0.6,0.75,0.25,1.0,0.0,300.0304961204529
13,30,300,5,0.4,1.0,931.7520100464353,uniform,2.0,10,log_loss,0.0,0.0,0.3879328835456948,0.9424444444444443,0.16575396825396826,"[2, 10, 16, 23, 26]",5,0.4,0.4,0.6,1.0,0.0,303.9396188259125
13,30,300,5,0.4,1.0,931.7520100464353,adversarial,2.0,10,log_loss,9.317520100464353,0.01,0.30269528509585203,0.9402222222222221,0.23978354978354974,"[1, 2, 7, 8, 15, 19, 21, 22, 25, 28]",10,0.0,0.0,1.0,0.7,0.3,314.08998918533325
13,30,300,5,0.4,1.0,931.7520100464353,pc,2.0,10,log_loss,61.303060455102184,0.0657933224657568,0.22207253866758414,0.9673333333333334,0.20722222222222225,"[2, 3, 10, 16, 26]",5,0.4,0.4,0.6,1.0,0.0,294.9557101726532
13,30,300,5,0.4,1.0,931.7520100464353,ges,2.0,10,log_loss,32.71559956013377,0.03511191734215131,0.08655360574566194,0.9935555555555556,0.6799999999999999,"[16, 17, 23, 26]",4,0.4,0.5,0.5,1.0,0.0,313.7550280094147
13,30,300,5,0.4,1.0,931.7520100464353,iamb,2.0,10,log_loss,17.45933150210194,0.018738174228603837,0.09817470098877715,0.9931111111111111,0.5428571428571429,"[6, 10, 11, 16, 17, 26]",6,0.8,0.6666666666666666,0.3333333333333333,1.0,0.0,290.0738971233368
13,30,300,5,0.4,1.0,931.7520100464353,bootstrap_l1,2.0,10,log_loss,17.45933150210194,0.018738174228603837,0.14855735525129637,0.9866666666666667,0.35634920634920636,"[2, 3, 10, 16, 26, 28]",6,0.4,0.3333333333333333,0.6666666666666666,1.0,0.0,264.93307280540466
