seed,p,n,k_star,p_edge,noise_scale,mu_scale,q_source,K_multiplier,K,criterion,mu_star,mu_star_relative,log_loss_star,auc_star,stability_star,support,k_actual,S_recall,S_precision,C_inclusion,causal_precision,correlate_inclusion,fit_seconds
0,20,300,5,0.2,1.0,136.57935786222845,oracle,2.0,10,log_loss,1.3657935786222846,0.01,0.13621272222155933,0.9882222222222221,0.5948989898989898,"[0, 4, 5, 6, 9, 11, 12, 16]",8,1.0,0.625,0.375,0.75,0.25,175.02738213539124
0,20,300,5,0.2,1.0,136.57935786222845,uniform,2.0,10,log_loss,0.0,0.0,0.15112832732151404,0.9895555555555555,0.5637878787878787,"[0, 4, 5, 6, 9, 11, 12, 16]",8,1.0,0.625,0.375,0.75,0.25,216.9123010635376
0,20,300,5,0.2,1.0,136.57935786222845,adversarial,2.0,10,log_loss,2.5592478036532706,0.01873817422860384,0.1545733425043821,0.9902222222222223,0.649484126984127,"[0, 5, 6, 7, 13, 15, 16]",7,0.6,0.42857142857142855,0.5714285714285714,0.7142857142857143,0.2857142857142857,236.88023614883423
0,20,300,5,0.2,1.0,136.57935786222845,pc,2.0,10,log_loss,59.121943610920134,0.4328761281083057,0.1386858127184853,0.9915555555555556,0.49080808080808075,"[0, 4, 5, 6, 11, 12, 16]",7,1.0,0.7142857142857143,0.2857142857142857,0.7142857142857143,0.2857142857142857,259.94972801208496
0,20,300,5,0.2,1.0,136.57935786222845,ges,2.0,10,log_loss,16.838141601553943,0.12328467394420659,0.10710417947395327,0.9928888888888888,0.6566161616161615,"[0, 4, 5, 11, 12, 13, 16]",7,1.0,0.7142857142857143,0.2857142857142857,0.7142857142857143,0.2857142857142857,346.6652081012726
0,20,300,5,0.2,1.0,136.57935786222845,iamb,2.0,10,log_loss,110.78372801151131,0.8111308307896868,0.09625297124209925,0.9940000000000001,0.7711904761904761,"[0, 4, 5, 12, 15, 16]",6,1.0,0.8333333333333334,0.16666666666666666,1.0,0.0,310.49919986724854
0,20,300,5,0.2,1.0,136.57935786222845,bootstrap_l1,2.0,10,log_loss,16.838141601553943,0.12328467394420659,0.11053931999969162,0.9922222222222221,0.7400793650793651,"[0, 4, 5, 6, 11, 12, 16]",7,1.0,0.7142857142857143,0.2857142857142857,0.7142857142857143,0.2857142857142857,273.3486831188202
