seed,p,n,k_star,p_edge,noise_scale,mu_scale,q_source,K_multiplier,K,criterion,mu_star,mu_star_relative,log_loss_star,auc_star,stability_star,support,k_actual,S_recall,S_precision,C_inclusion,causal_precision,correlate_inclusion,fit_seconds
5,30,300,7,0.2,1.0,99.37858431337793,oracle,2.0,14,log_loss,6.538447243920474,0.0657933224657568,0.09311104627145667,0.9957777777777779,0.5638870932988581,"[1, 2, 4, 6, 7, 8, 9, 14, 17, 20, 22, 23, 24, 27]",14,1.0,0.5,0.5,0.9285714285714286,0.07142857142857142,552.3298318386078
5,30,300,7,0.2,1.0,99.37858431337793,uniform,2.0,14,log_loss,0.0,0.0,0.15544428092783918,0.9906666666666666,0.3431838504632623,"[0, 1, 2, 3, 5, 7, 8, 16, 22, 27]",10,0.42857142857142855,0.3,0.7,0.8,0.2,548.9726161956787
5,30,300,7,0.2,1.0,99.37858431337793,adversarial,2.0,14,log_loss,0.0,0.0,0.1270260496909117,0.9940000000000001,0.5124787467434526,"[0, 1, 2, 3, 5, 7, 8, 16, 22, 27]",10,0.42857142857142855,0.3,0.7,0.8,0.2,543.0625472068787
5,30,300,7,0.2,1.0,99.37858431337793,pc,2.0,14,log_loss,80.60903365681318,0.8111308307896868,0.16224900273644197,0.9882222222222221,0.44614163614163616,"[1, 2, 6, 7, 8, 12, 14, 16, 23, 24, 27]",11,0.42857142857142855,0.2727272727272727,0.7272727272727273,0.9090909090909091,0.09090909090909091,588.5296041965485
5,30,300,7,0.2,1.0,99.37858431337793,ges,2.0,14,log_loss,43.018616794459845,0.4328761281083057,0.08477101886275805,0.9948888888888888,0.73003663003663,"[2, 7, 8, 9, 14, 17, 20, 23, 24, 27]",10,0.7142857142857143,0.5,0.5,1.0,0.0,579.1841740608215
5,30,300,7,0.2,1.0,99.37858431337793,iamb,2.0,14,log_loss,12.25185636411164,0.12328467394420659,0.060535126905778405,0.9982222222222223,0.6076923076923078,"[2, 6, 7, 9, 14, 17, 20, 22, 23, 24, 27]",11,0.8571428571428571,0.5454545454545454,0.45454545454545453,1.0,0.0,590.6657888889313
5,30,300,7,0.2,1.0,99.37858431337793,bootstrap_l1,2.0,14,log_loss,530.3536145035752,5.336699231206307,0.11365824747899848,0.9944444444444445,0.7324725274725274,"[0, 2, 3, 5, 6, 7, 8, 9, 12, 15, 16, 17, 22]",13,0.42857142857142855,0.23076923076923078,0.7692307692307693,0.9230769230769231,0.07692307692307693,567.3926858901978
