seed,p,n,k_star,p_edge,noise_scale,mu_scale,q_source,K_multiplier,K,criterion,mu_star,mu_star_relative,log_loss_star,auc_star,stability_star,support,k_actual,S_recall,S_precision,C_inclusion,causal_precision,correlate_inclusion,fit_seconds
1,30,300,5,0.7,1.0,10369.178212416977,oracle,2.0,10,log_loss,103.69178212416978,0.01,0.06338810229325217,0.9995555555555555,0.7494047619047619,"[1, 5, 7, 8, 15, 28]",6,0.6,0.5,0.5,1.0,0.0,295.0314838886261
1,30,300,5,0.7,1.0,10369.178212416977,uniform,2.0,10,log_loss,0.0,0.0,0.06255793676278756,0.9968888888888889,0.5008333333333334,"[0, 5, 8, 12, 18, 28]",6,0.0,0.0,1.0,0.8333333333333334,0.16666666666666666,358.2022409439087
1,30,300,5,0.7,1.0,10369.178212416977,adversarial,2.0,10,log_loss,103.69178212416978,0.01,0.22091279424249718,0.9757777777777777,0.5971428571428572,"[0, 5, 8, 12, 18, 28]",6,0.0,0.0,1.0,0.8333333333333334,0.16666666666666666,398.51621413230896
1,30,300,5,0.7,1.0,10369.178212416977,pc,2.0,10,log_loss,0.0,0.0,0.05296441456510823,0.9984444444444444,0.6255952380952381,"[0, 5, 8, 12, 18, 28]",6,0.0,0.0,1.0,0.8333333333333334,0.16666666666666666,364.32795000076294
1,30,300,5,0.7,1.0,10369.178212416977,ges,2.0,10,log_loss,103.69178212416978,0.01,0.04304616451598785,0.9993333333333332,0.725,"[1, 7, 8, 11, 15, 27, 29]",7,0.8,0.5714285714285714,0.42857142857142855,1.0,0.0,335.1761140823364
1,30,300,5,0.7,1.0,10369.178212416977,iamb,2.0,10,log_loss,103.69178212416978,0.01,0.05141626617022164,0.998,0.9333333333333333,"[1, 5, 7, 8, 11, 15]",6,0.6,0.5,0.5,1.0,0.0,323.0754988193512
1,30,300,5,0.7,1.0,10369.178212416977,bootstrap_l1,2.0,10,log_loss,1278.3607549871979,0.12328467394420659,0.03983629483087816,0.9991111111111112,0.8446428571428571,"[0, 5, 8, 11, 12, 18, 28]",7,0.0,0.0,1.0,0.8571428571428571,0.14285714285714285,316.06232714653015
