seed,p,n,k_star,p_edge,noise_scale,mu_scale,q_source,K_multiplier,K,criterion,mu_star,mu_star_relative,log_loss_star,auc_star,stability_star,support,k_actual,S_recall,S_precision,C_inclusion,causal_precision,correlate_inclusion,fit_seconds
8,30,300,5,0.2,0.5,244.61963441200552,oracle,2.0,10,log_loss,4.5837253293495355,0.01873817422860384,0.03048407918362156,0.9991111111111112,0.661060606060606,"[3, 5, 6, 8, 9, 16, 20, 25, 29]",9,0.8,0.4444444444444444,0.5555555555555556,0.7777777777777778,0.2222222222222222,278.8145270347595
8,30,300,5,0.2,0.5,244.61963441200552,uniform,2.0,10,log_loss,0.0,0.0,0.04348566630638815,0.9993333333333332,0.7211904761904762,"[3, 6, 8, 9, 16, 20, 23, 25]",8,0.6,0.375,0.625,0.75,0.25,291.9073679447174
8,30,300,5,0.2,0.5,244.61963441200552,adversarial,2.0,10,log_loss,0.0,0.0,0.05029247172621506,0.9975555555555555,0.5396950271950273,"[3, 6, 8, 9, 16, 20, 23, 25]",8,0.6,0.375,0.625,0.75,0.25,288.7309591770172
8,30,300,5,0.2,0.5,244.61963441200552,pc,2.0,10,log_loss,198.4185272880795,0.8111308307896868,0.03905599052663235,0.9993333333333332,0.48560606060606054,"[3, 6, 9, 16, 20, 23, 25]",7,0.6,0.42857142857142855,0.5714285714285714,0.7142857142857143,0.2857142857142857,292.4117679595947
8,30,300,5,0.2,0.5,244.61963441200552,ges,2.0,10,log_loss,2.446196344120055,0.01,0.029724076809303675,0.9997777777777778,0.7277777777777776,"[5, 6, 9, 16, 20, 23, 25]",7,0.8,0.5714285714285714,0.42857142857142855,0.7142857142857143,0.2857142857142857,322.20133900642395
8,30,300,5,0.2,0.5,244.61963441200552,iamb,2.0,10,log_loss,2.446196344120055,0.01,0.031425174762701125,0.9995555555555555,0.759047619047619,"[5, 6, 8, 9, 16, 18, 19, 20, 23, 25]",10,0.8,0.4,0.6,0.7,0.3,298.9986250400543
8,30,300,5,0.2,0.5,244.61963441200552,bootstrap_l1,2.0,10,log_loss,4.5837253293495355,0.01873817422860384,0.02101127116301052,1.0,0.95,"[3, 6, 9, 16, 20, 23, 25]",7,0.6,0.42857142857142855,0.5714285714285714,0.7142857142857143,0.2857142857142857,300.52388286590576
