seed,p,n,k_star,p_edge,noise_scale,mu_scale,q_source,K_multiplier,K,criterion,mu_star,mu_star_relative,log_loss_star,auc_star,stability_star,support,k_actual,S_recall,S_precision,C_inclusion,causal_precision,correlate_inclusion,fit_seconds
1,30,300,5,0.2,2.0,257.90530360062303,oracle,2.0,10,log_loss,2.5790530360062305,0.01,0.08592458432191759,0.9959999999999999,0.6579184704184703,"[1, 7, 11, 13, 15, 27, 29]",7,1.0,0.7142857142857143,0.2857142857142857,1.0,0.0,288.5703821182251
1,30,300,5,0.2,2.0,257.90530360062303,uniform,2.0,10,log_loss,0.0,0.0,0.13579491716320008,0.9915555555555556,0.5949603174603174,"[1, 7, 11, 13, 15, 27, 29]",7,1.0,0.7142857142857143,0.2857142857142857,1.0,0.0,294.9581789970398
1,30,300,5,0.2,2.0,257.90530360062303,adversarial,2.0,10,log_loss,0.0,0.0,0.09853034789799447,0.9953333333333333,0.6696428571428571,"[1, 7, 11, 13, 15, 27, 29]",7,1.0,0.7142857142857143,0.2857142857142857,1.0,0.0,271.30172395706177
1,30,300,5,0.2,2.0,257.90530360062303,pc,2.0,10,log_loss,2.5790530360062305,0.01,0.0714296924447553,0.9971111111111111,0.775,"[1, 7, 11, 13, 15, 27, 29]",7,1.0,0.7142857142857143,0.2857142857142857,1.0,0.0,293.640625
1,30,300,5,0.2,2.0,257.90530360062303,ges,2.0,10,log_loss,1376.3630354494742,5.336699231206307,0.07353043507838372,0.9964444444444445,0.7626984126984128,"[1, 7, 12, 13, 15, 27]",6,1.0,0.8333333333333334,0.16666666666666666,1.0,0.0,306.8747560977936
1,30,300,5,0.2,2.0,257.90530360062303,iamb,2.0,10,log_loss,16.968446805424698,0.0657933224657568,0.0704337830746784,0.9982222222222223,0.7025793650793651,"[1, 7, 13, 15, 27]",5,1.0,1.0,0.0,1.0,0.0,365.44801926612854
1,30,300,5,0.2,2.0,257.90530360062303,bootstrap_l1,2.0,10,log_loss,2.5790530360062305,0.01,0.104164251857612,0.9988888888888889,0.7023809523809523,"[1, 7, 13, 15, 27, 29]",6,1.0,0.8333333333333334,0.16666666666666666,1.0,0.0,320.4383659362793
