seed,p,n,k_star,p_edge,noise_scale,mu_scale,q_source,K_multiplier,K,criterion,mu_star,mu_star_relative,log_loss_star,auc_star,stability_star,support,k_actual,S_recall,S_precision,C_inclusion,causal_precision,correlate_inclusion,fit_seconds
1,30,300,5,0.1,1.0,44.28119047222439,oracle,2.0,10,log_loss,0.0,0.0,0.14700408953720429,0.9915555555555556,0.5573737373737374,"[1, 4, 7, 13, 15, 27, 29]",7,1.0,0.7142857142857143,0.14285714285714285,0.8571428571428571,0.0,252.30038189888
1,30,300,5,0.1,1.0,44.28119047222439,uniform,2.0,10,log_loss,0.0,0.0,0.17349009070164517,0.9904444444444446,0.5657517482517481,"[1, 4, 7, 13, 15, 27, 29]",7,1.0,0.7142857142857143,0.14285714285714285,0.8571428571428571,0.0,269.73006081581116
1,30,300,5,0.1,1.0,44.28119047222439,adversarial,2.0,10,log_loss,1.5547974996728007,0.03511191734215131,0.11763697073569412,0.9928888888888888,0.745,"[1, 7, 13, 15, 27, 29]",6,1.0,0.8333333333333334,0.16666666666666666,1.0,0.0,324.1892640590668
1,30,300,5,0.1,1.0,44.28119047222439,pc,2.0,10,log_loss,0.0,0.0,0.11615475929220058,0.9931111111111111,0.5263186813186814,"[1, 4, 7, 13, 15, 27, 29]",7,1.0,0.7142857142857143,0.14285714285714285,0.8571428571428571,0.0,273.14502716064453
1,30,300,5,0.1,1.0,44.28119047222439,ges,2.0,10,log_loss,19.16827027964289,0.4328761281083057,0.10830020235102371,0.9933333333333334,0.8422222222222222,"[1, 7, 12, 13, 15, 18, 26, 27]",8,1.0,0.625,0.125,0.625,0.125,250.6183729171753
1,30,300,5,0.1,1.0,44.28119047222439,iamb,2.0,10,log_loss,67.30347216508368,1.5199110829529332,0.0932584490635819,0.9955555555555555,0.8583333333333332,"[1, 7, 11, 12, 13, 15, 26, 27]",8,1.0,0.625,0.125,0.625,0.125,249.13797187805176
1,30,300,5,0.1,1.0,44.28119047222439,bootstrap_l1,2.0,10,log_loss,35.91783881609173,0.8111308307896867,0.08352242192202566,0.9962222222222223,0.726984126984127,"[1, 4, 7, 13, 15, 18, 27, 29]",8,1.0,0.625,0.25,0.75,0.125,283.9945480823517
