seed,p,n,k_star,p_edge,noise_scale,mu_scale,q_source,K_multiplier,K,criterion,mu_star,mu_star_relative,log_loss_star,auc_star,stability_star,support,k_actual,S_recall,S_precision,C_inclusion,causal_precision,correlate_inclusion,fit_seconds
3,20,300,5,0.2,1.0,872.3213831630554,oracle,2.0,10,log_loss,0.0,0.0,0.033673121447984136,0.9997777777777778,0.6222222222222222,"[0, 3, 4, 6, 7, 8, 10, 11]",8,0.6,0.375,0.625,1.0,0.0,266.53365182876587
3,20,300,5,0.2,1.0,872.3213831630554,uniform,2.0,10,log_loss,0.0,0.0,0.034864863024508516,0.9991111111111112,0.6205772005772007,"[0, 3, 4, 6, 7, 8, 10, 11]",8,0.6,0.375,0.625,1.0,0.0,286.76288509368896
3,20,300,5,0.2,1.0,872.3213831630554,adversarial,2.0,10,log_loss,0.0,0.0,0.06207748261806516,0.998,0.5732070707070707,"[0, 3, 4, 6, 7, 8, 10, 11]",8,0.6,0.375,0.625,1.0,0.0,390.0501220226288
3,20,300,5,0.2,1.0,872.3213831630554,pc,2.0,10,log_loss,57.3929220562219,0.0657933224657568,0.02797833910344476,0.9995555555555555,0.7208333333333333,"[0, 3, 4, 6, 7, 8, 10]",7,0.6,0.42857142857142855,0.5714285714285714,1.0,0.0,530.8291981220245
3,20,300,5,0.2,1.0,872.3213831630554,ges,2.0,10,log_loss,201.51755352625958,0.23101297000831592,0.03431673992952843,0.9988888888888889,0.5722222222222222,"[3, 4, 5, 6, 7, 10, 13, 16]",8,1.0,0.625,0.375,1.0,0.0,629.5141351222992
3,20,300,5,0.2,1.0,872.3213831630554,iamb,2.0,10,log_loss,0.0,0.0,0.03454084142312306,0.9993333333333332,0.6441666666666667,"[0, 3, 4, 6, 7, 8, 10, 11]",8,0.6,0.375,0.625,1.0,0.0,481.6737971305847
3,20,300,5,0.2,1.0,872.3213831630554,bootstrap_l1,2.0,10,log_loss,107.54385729781659,0.12328467394420659,0.030405540390554365,1.0,0.7694444444444446,"[0, 3, 4, 6, 7, 8, 9, 10]",8,0.6,0.375,0.625,0.875,0.125,570.4386208057404
