seed,p,n,k_star,p_edge,noise_scale,mu_scale,q_source,K_multiplier,K,criterion,mu_star,mu_star_relative,log_loss_star,auc_star,stability_star,support,k_actual,S_recall,S_precision,C_inclusion,causal_precision,correlate_inclusion,fit_seconds
6,30,300,5,0.2,1.0,440.4747357194434,oracle,2.0,10,log_loss,4.404747357194434,0.01,0.12598534703293635,0.9933333333333334,0.4779112554112553,"[10, 13, 19, 21, 22, 23, 25, 26, 29]",9,0.8,0.4444444444444444,0.5555555555555556,0.7777777777777778,0.2222222222222222,319.86619806289673
6,30,300,5,0.2,1.0,440.4747357194434,uniform,2.0,10,log_loss,0.0,0.0,0.17211034368244885,0.9879999999999999,0.3395165945165945,"[3, 10, 13, 14, 19, 21, 22, 23, 25]",9,0.6,0.3333333333333333,0.6666666666666666,0.8888888888888888,0.1111111111111111,325.0988211631775
6,30,300,5,0.2,1.0,440.4747357194434,adversarial,2.0,10,log_loss,0.0,0.0,0.15175285771616293,0.9904444444444446,0.41366133866133864,"[3, 10, 13, 14, 19, 21, 22, 23, 25]",9,0.6,0.3333333333333333,0.6666666666666666,0.8888888888888888,0.1111111111111111,318.8998100757599
6,30,300,5,0.2,1.0,440.4747357194434,pc,2.0,10,log_loss,15.465912511887039,0.03511191734215131,0.1314781491218691,0.9935555555555556,0.5118220668220668,"[1, 13, 19, 21, 23, 29]",6,0.8,0.6666666666666666,0.3333333333333333,1.0,0.0,340.47764587402344
6,30,300,5,0.2,1.0,440.4747357194434,ges,2.0,10,log_loss,0.0,0.0,0.1277956279956772,0.9924444444444445,0.33889971139971137,"[3, 10, 13, 14, 19, 21, 22, 23, 25]",9,0.6,0.3333333333333333,0.6666666666666666,0.8888888888888888,0.1111111111111111,342.38333916664124
6,30,300,5,0.2,1.0,440.4747357194434,iamb,2.0,10,log_loss,28.980296325208343,0.0657933224657568,0.10047666798008717,0.9935555555555556,0.6317460317460317,"[3, 11, 13, 15, 19, 21, 23, 29]",8,0.8,0.5,0.5,0.875,0.125,347.96197175979614
6,30,300,5,0.2,1.0,440.4747357194434,bootstrap_l1,2.0,10,log_loss,8.253692341209161,0.01873817422860384,0.1090835585903955,0.9928888888888888,0.7134343434343433,"[3, 10, 11, 13, 19, 21, 23, 25, 29]",9,0.8,0.4444444444444444,0.5555555555555556,0.8888888888888888,0.1111111111111111,356.7899360656738
