seed,p,n,k_star,p_edge,noise_scale,mu_scale,q_source,K_multiplier,K,criterion,mu_star,mu_star_relative,log_loss_star,auc_star,stability_star,support,k_actual,S_recall,S_precision,C_inclusion,causal_precision,correlate_inclusion,fit_seconds
2,30,300,5,0.4,1.0,910.2343866516436,oracle,2.0,10,log_loss,0.0,0.0,0.09004626891620776,0.992,0.525595238095238,"[5, 8, 11, 13, 22]",5,0.2,0.2,0.8,1.0,0.0,302.5300407409668
2,30,300,5,0.4,1.0,910.2343866516436,uniform,2.0,10,log_loss,0.0,0.0,0.08652667113001745,0.9946666666666667,0.48988095238095236,"[5, 8, 11, 13, 22]",5,0.2,0.2,0.8,1.0,0.0,318.99153900146484
2,30,300,5,0.4,1.0,910.2343866516436,adversarial,2.0,10,log_loss,9.102343866516437,0.01,0.015453045370934847,1.0,0.5650000000000001,"[5, 8, 11, 13, 22]",5,0.2,0.2,0.8,1.0,0.0,324.58116602897644
2,30,300,5,0.4,1.0,910.2343866516436,pc,2.0,10,log_loss,17.05613052594485,0.01873817422860384,0.04690345765522743,0.9986666666666666,0.4405555555555555,"[5, 8, 11, 13, 22, 29]",6,0.4,0.3333333333333333,0.6666666666666666,1.0,0.0,345.11232113838196
2,30,300,5,0.4,1.0,910.2343866516436,ges,2.0,10,log_loss,17.05613052594485,0.01873817422860384,0.046370922960120284,0.9991111111111112,0.6452777777777777,"[2, 8, 12, 22, 27]",5,0.4,0.4,0.6,1.0,0.0,348.50002098083496
2,30,300,5,0.4,1.0,910.2343866516436,iamb,2.0,10,log_loss,0.0,0.0,0.057757149861420734,0.9984444444444446,0.3543650793650793,"[5, 8, 11, 13, 22]",5,0.2,0.2,0.8,1.0,0.0,289.9540112018585
2,30,300,5,0.4,1.0,910.2343866516436,bootstrap_l1,2.0,10,log_loss,59.88734452039194,0.0657933224657568,0.016400649582906324,1.0,0.5285714285714286,"[2, 11, 14, 22, 27, 29]",6,0.6,0.5,0.5,1.0,0.0,298.1405348777771
