seed,p,n,k_star,p_edge,noise_scale,mu_scale,q_source,K_multiplier,K,criterion,mu_star,mu_star_relative,log_loss_star,auc_star,stability_star,support,k_actual,S_recall,S_precision,C_inclusion,causal_precision,correlate_inclusion,fit_seconds
6,10,300,5,0.2,1.0,80.00012903240216,oracle,2.0,10,log_loss,1.49905635611994,0.01873817422860384,0.030533882064129204,0.9997777777777778,0.8678571428571429,"[1, 2, 5, 6, 7, 9]",6,0.8,0.6666666666666666,0.3333333333333333,1.0,0.0,73.45368099212646
6,10,300,5,0.2,1.0,80.00012903240216,uniform,2.0,10,log_loss,0.0,0.0,0.031006468584539693,0.9997777777777778,0.8428571428571427,"[1, 2, 5, 6, 7, 9]",6,0.8,0.6666666666666666,0.3333333333333333,1.0,0.0,70.73941993713379
6,10,300,5,0.2,1.0,80.00012903240216,adversarial,2.0,10,log_loss,2.8089579179471436,0.03511191734215131,0.03994467109146027,0.9986666666666668,0.8476190476190476,"[1, 2, 5, 6, 7, 9]",6,0.8,0.6666666666666666,0.3333333333333333,1.0,0.0,72.31843686103821
6,10,300,5,0.2,1.0,80.00012903240216,pc,2.0,10,log_loss,0.0,0.0,0.031391881254593856,0.9995555555555555,0.8678571428571429,"[1, 2, 5, 6, 7, 9]",6,0.8,0.6666666666666666,0.3333333333333333,1.0,0.0,69.29430198669434
6,10,300,5,0.2,1.0,80.00012903240216,ges,2.0,10,log_loss,5.263474286730987,0.0657933224657568,0.023463017733698528,1.0,0.8805555555555555,"[1, 2, 4, 5, 6, 7, 9]",7,1.0,0.7142857142857143,0.2857142857142857,1.0,0.0,75.22534012794495
6,10,300,5,0.2,1.0,80.00012903240216,iamb,2.0,10,log_loss,227.84323696377348,2.848035868435799,0.028265403163575363,0.9995555555555555,0.8861111111111111,"[0, 1, 2, 4, 5, 6, 7, 9]",8,1.0,0.625,0.25,0.875,0.0,74.11073899269104
6,10,300,5,0.2,1.0,80.00012903240216,bootstrap_l1,2.0,10,log_loss,34.630146103711105,0.4328761281083057,0.031166481660499144,0.9997777777777778,0.9333333333333333,"[1, 2, 5, 6, 7, 9]",6,0.8,0.6666666666666666,0.3333333333333333,1.0,0.0,79.39321708679199
