seed,p,n,k_star,p_edge,noise_scale,mu_scale,q_source,K_multiplier,K,criterion,mu_star,mu_star_relative,log_loss_star,auc_star,stability_star,support,k_actual,S_recall,S_precision,C_inclusion,causal_precision,correlate_inclusion,fit_seconds
8,30,200,5,0.2,1.0,333.6702857561294,oracle,2.0,10,log_loss,0.0,0.0,0.0753920965313268,0.998,0.4929292929292929,"[3, 6, 8, 16, 19, 21, 24, 25, 29]",9,0.4,0.2222222222222222,0.7777777777777778,0.6666666666666666,0.3333333333333333,292.32172894477844
8,30,200,5,0.2,1.0,333.6702857561294,uniform,2.0,10,log_loss,0.0,0.0,0.05555909439533137,0.9974999999999999,0.5529545454545455,"[3, 6, 8, 16, 19, 21, 24, 25, 29]",9,0.4,0.2222222222222222,0.7777777777777778,0.6666666666666666,0.3333333333333333,271.6669452190399
8,30,200,5,0.2,1.0,333.6702857561294,adversarial,2.0,10,log_loss,0.0,0.0,0.0753329516628557,0.9969999999999999,0.3694366744366745,"[3, 6, 8, 16, 19, 21, 24, 25, 29]",9,0.4,0.2222222222222222,0.7777777777777778,0.6666666666666666,0.3333333333333333,282.2515208721161
8,30,200,5,0.2,1.0,333.6702857561294,pc,2.0,10,log_loss,77.08216371604692,0.23101297000831592,0.07647862199862895,0.9974999999999999,0.5150000000000001,"[3, 6, 8, 9, 16, 17, 25]",7,0.4,0.2857142857142857,0.7142857142857143,0.8571428571428571,0.14285714285714285,273.3787262439728
8,30,200,5,0.2,1.0,333.6702857561294,ges,2.0,10,log_loss,41.13643238431465,0.1232846739442066,0.03452261105496069,1.0,0.6638383838383838,"[2, 3, 5, 6, 8, 9, 18, 25, 27]",9,0.6,0.3333333333333333,0.6666666666666666,0.8888888888888888,0.1111111111111111,292.8095028400421
8,30,200,5,0.2,1.0,333.6702857561294,iamb,2.0,10,log_loss,6.252371949406383,0.01873817422860384,0.04624978865021378,0.998,0.5623556998556998,"[3, 5, 6, 8, 19, 25]",6,0.6,0.5,0.5,1.0,0.0,303.24904012680054
8,30,200,5,0.2,1.0,333.6702857561294,bootstrap_l1,2.0,10,log_loss,0.0,0.0,0.05741884449265322,0.9974999999999999,0.5295959595959596,"[3, 6, 8, 16, 19, 21, 24, 25, 29]",9,0.4,0.2222222222222222,0.7777777777777778,0.6666666666666666,0.3333333333333333,304.9573428630829
