seed,p,n,k_star,p_edge,noise_scale,mu_scale,q_source,K_multiplier,K,criterion,mu_star,mu_star_relative,log_loss_star,auc_star,stability_star,support,k_actual,S_recall,S_precision,C_inclusion,causal_precision,correlate_inclusion,fit_seconds
8,30,300,5,0.7,1.0,13927.556730460254,oracle,2.0,10,log_loss,0.0,0.0,0.43986019249817065,0.9837777777777778,0.45166666666666666,"[13, 17, 20]",3,0.2,0.3333333333333333,0.6666666666666666,1.0,0.0,303.5127227306366
8,30,300,5,0.7,1.0,13927.556730460254,uniform,2.0,10,log_loss,0.0,0.0,0.26848105219574847,0.984,0.515,"[13, 17, 20]",3,0.2,0.3333333333333333,0.6666666666666666,1.0,0.0,319.90414595603943
8,30,300,5,0.7,1.0,13927.556730460254,adversarial,2.0,10,log_loss,139.27556730460253,0.01,0.09197002625570223,0.9977777777777778,0.24833333333333335,"[12, 13, 17, 19]",4,0.0,0.0,1.0,1.0,0.0,345.2684247493744
8,30,300,5,0.7,1.0,13927.556730460254,pc,2.0,10,log_loss,0.0,0.0,0.19370862909199937,0.9926666666666666,0.41000000000000003,"[13, 17, 20]",3,0.2,0.3333333333333333,0.6666666666666666,1.0,0.0,306.4851839542389
8,30,300,5,0.7,1.0,13927.556730460254,ges,2.0,10,log_loss,0.0,0.0,0.2503261805792986,0.99,0.56,"[13, 17, 20]",3,0.2,0.3333333333333333,0.6666666666666666,1.0,0.0,329.495521068573
8,30,300,5,0.7,1.0,13927.556730460254,iamb,2.0,10,log_loss,0.0,0.0,0.16414670991040284,0.9953333333333333,0.5016666666666667,"[13, 17, 20]",3,0.2,0.3333333333333333,0.6666666666666666,1.0,0.0,349.16149282455444
8,30,300,5,0.7,1.0,13927.556730460254,bootstrap_l1,2.0,10,log_loss,0.0,0.0,0.10915953739959798,0.9957777777777779,0.5197619047619048,"[13, 17, 20]",3,0.2,0.3333333333333333,0.6666666666666666,1.0,0.0,342.79559683799744
