seed,p,n,k_star,p_edge,noise_scale,mu_scale,q_source,K_multiplier,K,criterion,mu_star,mu_star_relative,log_loss_star,auc_star,stability_star,support,k_actual,S_recall,S_precision,C_inclusion,causal_precision,correlate_inclusion,fit_seconds
0,30,500,5,0.2,1.0,449.2836594633454,oracle,2.0,10,log_loss,4.492836594633454,0.01,0.03592866123835,0.99968,0.7484848484848485,"[2, 4, 10, 11, 17, 19, 20, 21, 22]",9,1.0,0.5555555555555556,0.4444444444444444,1.0,0.0,303.6241569519043
0,30,500,5,0.2,1.0,449.2836594633454,uniform,2.0,10,log_loss,0.0,0.0,0.0646331838599451,0.9972799999999999,0.47670829170829165,"[2, 4, 9, 10, 17, 19, 20, 21, 22]",9,1.0,0.5555555555555556,0.4444444444444444,1.0,0.0,316.82971596717834
0,30,500,5,0.2,1.0,449.2836594633454,adversarial,2.0,10,log_loss,0.0,0.0,0.0518282094991306,0.9980800000000001,0.5278277278277278,"[2, 4, 9, 10, 17, 19, 20, 21, 22]",9,1.0,0.5555555555555556,0.4444444444444444,1.0,0.0,314.1724717617035
0,30,500,5,0.2,1.0,449.2836594633454,pc,2.0,10,log_loss,4.492836594633454,0.01,0.034079084651260846,0.9994400000000001,0.5792207792207792,"[2, 4, 9, 10, 12, 17, 19, 20, 21, 22]",10,1.0,0.5,0.5,1.0,0.0,328.1803240776062
0,30,500,5,0.2,1.0,449.2836594633454,ges,2.0,10,log_loss,2397.6917600515912,5.336699231206307,0.026301353790553178,1.0,1.0,"[2, 4, 9, 10, 17, 19, 20, 21, 22]",9,1.0,0.5555555555555556,0.4444444444444444,1.0,0.0,337.60593008995056
0,30,500,5,0.2,1.0,449.2836594633454,iamb,2.0,10,log_loss,29.559864685667147,0.0657933224657568,0.03692246423852962,0.9991199999999999,0.7577777777777778,"[2, 4, 7, 9, 10, 17, 21, 22]",8,1.0,0.625,0.375,1.0,0.0,290.5728409290314
0,30,500,5,0.2,1.0,449.2836594633454,bootstrap_l1,2.0,10,log_loss,8.418755489088882,0.01873817422860384,0.044172038293158994,0.9992000000000001,0.7504545454545455,"[2, 4, 9, 10, 11, 12, 17, 19, 20]",9,0.6,0.3333333333333333,0.6666666666666666,1.0,0.0,311.1623878479004
