seed,p,n,k_star,p_edge,noise_scale,mu_scale,q_source,K_multiplier,K,criterion,mu_star,mu_star_relative,log_loss_star,auc_star,stability_star,support,k_actual,S_recall,S_precision,C_inclusion,causal_precision,correlate_inclusion,fit_seconds
12,30,300,5,0.5,1.0,1008.6039860749539,oracle,2.0,10,log_loss,0.0,0.0,0.09079278762934481,0.9953333333333333,0.5996031746031746,"[0, 5, 11, 13, 17, 21, 25]",7,0.6,0.42857142857142855,0.5714285714285714,0.8571428571428571,0.14285714285714285,290.2247507572174
12,30,300,5,0.5,1.0,1008.6039860749539,uniform,2.0,10,log_loss,0.0,0.0,0.09799807904445978,0.9962222222222223,0.48043650793650794,"[0, 5, 11, 13, 17, 21, 25]",7,0.6,0.42857142857142855,0.5714285714285714,0.8571428571428571,0.14285714285714285,321.2321689128876
12,30,300,5,0.5,1.0,1008.6039860749539,adversarial,2.0,10,log_loss,0.0,0.0,0.1357155196593018,0.9911111111111112,0.571031746031746,"[0, 5, 11, 13, 17, 21, 25]",7,0.6,0.42857142857142855,0.5714285714285714,0.8571428571428571,0.14285714285714285,320.05882692337036
12,30,300,5,0.5,1.0,1008.6039860749539,pc,2.0,10,log_loss,0.0,0.0,0.0866431785798937,0.9946666666666666,0.5277777777777778,"[0, 5, 11, 13, 17, 21, 25]",7,0.6,0.42857142857142855,0.5714285714285714,0.8571428571428571,0.14285714285714285,306.7902572154999
12,30,300,5,0.5,1.0,1008.6039860749539,ges,2.0,10,log_loss,0.0,0.0,0.10310356142656962,0.9964444444444446,0.6194444444444445,"[0, 5, 11, 13, 17, 21, 25]",7,0.6,0.42857142857142855,0.5714285714285714,0.8571428571428571,0.14285714285714285,301.10746216773987
12,30,300,5,0.5,1.0,1008.6039860749539,iamb,2.0,10,log_loss,10.086039860749539,0.01,0.15822531796775754,0.9848888888888888,0.5791666666666667,"[0, 5, 8, 13, 21]",5,0.6,0.6,0.4,0.8,0.2,266.42901706695557
12,30,300,5,0.5,1.0,1008.6039860749539,bootstrap_l1,2.0,10,log_loss,10.086039860749539,0.01,0.0561973242021224,0.9977777777777778,0.7617063492063492,"[0, 5, 11, 13, 21, 25, 27]",7,0.6,0.42857142857142855,0.5714285714285714,0.8571428571428571,0.14285714285714285,325.7273688316345
