seed,p,n,k_star,p_edge,noise_scale,mu_scale,q_source,K_multiplier,K,criterion,mu_star,mu_star_relative,log_loss_star,auc_star,stability_star,support,k_actual,S_recall,S_precision,C_inclusion,causal_precision,correlate_inclusion,fit_seconds
0,15,300,5,0.2,1.0,34.03483498950457,oracle,2.0,10,log_loss,1.1950283129052435,0.03511191734215131,0.11296257322523137,0.994,0.6886868686868687,"[0, 1, 4, 5, 6, 8, 9, 11, 12, 14]",10,1.0,0.5,0.5,0.8,0.2,118.85418009757996
0,15,300,5,0.2,1.0,34.03483498950457,uniform,2.0,10,log_loss,0.0,0.0,0.12409656996965386,0.9917777777777778,0.6376262626262627,"[0, 1, 4, 5, 6, 8, 9, 11, 12, 14]",10,1.0,0.5,0.5,0.8,0.2,155.99612283706665
0,15,300,5,0.2,1.0,34.03483498950457,adversarial,2.0,10,log_loss,0.0,0.0,0.12445576009553343,0.9944444444444445,0.8107070707070708,"[0, 1, 4, 5, 6, 8, 9, 11, 12, 14]",10,1.0,0.5,0.5,0.8,0.2,177.25371503829956
0,15,300,5,0.2,1.0,34.03483498950457,pc,2.0,10,log_loss,7.8624883146684,0.23101297000831592,0.11154634880476785,0.9928888888888888,0.7172727272727273,"[0, 1, 4, 5, 6, 8, 9, 11, 12, 14]",10,1.0,0.5,0.5,0.8,0.2,172.55399775505066
0,15,300,5,0.2,1.0,34.03483498950457,ges,2.0,10,log_loss,181.63367772272252,5.336699231206307,0.08787025509074084,0.9975555555555555,0.8366666666666667,"[0, 1, 4, 5, 6, 8, 9, 11, 12, 14]",10,1.0,0.5,0.5,0.8,0.2,182.10287594795227
0,15,300,5,0.2,1.0,34.03483498950457,iamb,2.0,10,log_loss,340.34834989504566,10.0,0.09575145197639733,0.9955555555555555,0.8355555555555556,"[0, 1, 4, 5, 6, 8, 12, 14]",8,1.0,0.625,0.375,0.75,0.25,217.8760051727295
0,15,300,5,0.2,1.0,34.03483498950457,bootstrap_l1,2.0,10,log_loss,7.8624883146684,0.23101297000831592,0.1091884695359889,0.992,0.8042424242424241,"[0, 1, 4, 5, 6, 7, 8, 11, 14]",9,1.0,0.5555555555555556,0.4444444444444444,0.6666666666666666,0.3333333333333333,234.02262687683105
