seed,p,n,k_star,p_edge,noise_scale,mu_scale,q_source,K_multiplier,K,criterion,mu_star,mu_star_relative,log_loss_star,auc_star,stability_star,support,k_actual,S_recall,S_precision,C_inclusion,causal_precision,correlate_inclusion,fit_seconds
16,30,300,5,0.7,1.0,5932.716119741617,oracle,2.0,10,log_loss,59.327161197416174,0.01,0.16111737988890965,0.9920000000000002,0.6217857142857143,"[4, 9, 24, 25]",4,0.6,0.75,0.25,1.0,0.0,312.2845118045807
16,30,300,5,0.7,1.0,5932.716119741617,uniform,2.0,10,log_loss,0.0,0.0,0.6148128901079685,0.7408888888888889,0.3519047619047619,"[4, 9, 21, 25, 26]",5,0.6,0.6,0.4,1.0,0.0,352.44040870666504
16,30,300,5,0.7,1.0,5932.716119741617,adversarial,2.0,10,log_loss,0.0,0.0,0.4224075891963978,0.9153333333333332,0.3895238095238095,"[4, 9, 21, 25, 26]",5,0.6,0.6,0.4,1.0,0.0,386.10909605026245
16,30,300,5,0.7,1.0,5932.716119741617,pc,2.0,10,log_loss,208.3090380108163,0.03511191734215131,0.3133093095768288,0.9246666666666666,0.31976190476190475,"[4, 9, 14]",3,0.4,0.6666666666666666,0.3333333333333333,1.0,0.0,380.0524871349335
16,30,300,5,0.7,1.0,5932.716119741617,ges,2.0,10,log_loss,59.327161197416174,0.01,0.25892929476477006,0.955111111111111,0.49190476190476196,"[4, 9, 14, 29]",4,0.4,0.5,0.5,1.0,0.0,387.50580406188965
16,30,300,5,0.7,1.0,5932.716119741617,iamb,2.0,10,log_loss,0.0,0.0,0.2713313420837512,0.9317777777777778,0.25797619047619047,"[4, 9, 21, 25, 26]",5,0.6,0.6,0.4,1.0,0.0,336.2291347980499
16,30,300,5,0.7,1.0,5932.716119741617,bootstrap_l1,2.0,10,log_loss,0.0,0.0,0.9666025020319845,0.7328888888888889,0.32,"[4, 9, 21, 25, 26]",5,0.6,0.6,0.4,1.0,0.0,329.65442991256714
