seed,p,n,k_star,p_edge,noise_scale,mu_scale,q_source,K_multiplier,K,criterion,mu_star,mu_star_relative,log_loss_star,auc_star,stability_star,support,k_actual,S_recall,S_precision,C_inclusion,causal_precision,correlate_inclusion,fit_seconds
2,30,300,5,0.6,1.0,4555.801078610122,oracle,2.0,10,log_loss,45.55801078610122,0.01,0.07325915378219582,0.9971111111111111,0.7333333333333333,"[2, 8, 15]",3,0.4,0.6666666666666666,0.3333333333333333,1.0,0.0,354.4936168193817
2,30,300,5,0.6,1.0,4555.801078610122,uniform,2.0,10,log_loss,0.0,0.0,0.3899180065770588,0.9377777777777778,0.4083333333333333,"[13, 15]",2,0.0,0.0,1.0,1.0,0.0,375.29492020606995
2,30,300,5,0.6,1.0,4555.801078610122,adversarial,2.0,10,log_loss,45.55801078610122,0.01,0.3353810014378427,0.961111111111111,0.37999999999999995,"[13, 15, 16]",3,0.0,0.0,1.0,1.0,0.0,337.62021589279175
2,30,300,5,0.6,1.0,4555.801078610122,pc,2.0,10,log_loss,0.0,0.0,0.3751518748714551,0.9366666666666668,0.31166666666666665,"[13, 15]",2,0.0,0.0,1.0,1.0,0.0,329.5220379829407
2,30,300,5,0.6,1.0,4555.801078610122,ges,2.0,10,log_loss,159.9629108994424,0.03511191734215131,0.2647685800901866,0.9733333333333334,0.5266666666666666,"[13, 15, 24, 25, 29]",5,0.2,0.2,0.8,1.0,0.0,295.11200070381165
2,30,300,5,0.6,1.0,4555.801078610122,iamb,2.0,10,log_loss,45.55801078610122,0.01,0.0707871890539787,0.9984444444444446,0.51,"[2, 8, 15]",3,0.4,0.6666666666666666,0.3333333333333333,1.0,0.0,332.64906334877014
2,30,300,5,0.6,1.0,4555.801078610122,bootstrap_l1,2.0,10,log_loss,0.0,0.0,0.2595143448897289,0.9624444444444444,0.3416666666666667,"[13, 15]",2,0.0,0.0,1.0,1.0,0.0,359.4768600463867
