seed,p,n,k_star,p_edge,noise_scale,mu_scale,q_source,K_multiplier,K,criterion,mu_star,mu_star_relative,log_loss_star,auc_star,stability_star,support,k_actual,S_recall,S_precision,C_inclusion,causal_precision,correlate_inclusion,fit_seconds
9,30,300,5,0.2,1.0,465.08534263946945,oracle,2.0,10,log_loss,4.650853426394694,0.01,0.029820584043036287,0.9993333333333332,0.6281385281385281,"[1, 5, 8, 16, 18, 20, 21, 24, 28, 29]",10,1.0,0.5,0.5,1.0,0.0,279.69105982780457
9,30,300,5,0.2,1.0,465.08534263946945,uniform,2.0,10,log_loss,0.0,0.0,0.023303039568830824,1.0,0.4685497835497836,"[1, 5, 8, 16, 18, 20, 21, 24]",8,0.8,0.5,0.5,1.0,0.0,289.88333106040955
9,30,300,5,0.2,1.0,465.08534263946945,adversarial,2.0,10,log_loss,0.0,0.0,0.049538842835766365,0.9995555555555555,0.43323232323232325,"[1, 5, 8, 16, 18, 20, 21, 24]",8,0.8,0.5,0.5,1.0,0.0,320.9837191104889
9,30,300,5,0.2,1.0,465.08534263946945,pc,2.0,10,log_loss,30.599509922375603,0.0657933224657568,0.025679324333423136,1.0,0.5579137529137529,"[0, 1, 3, 5, 8, 12, 13, 20, 21]",9,0.4,0.2222222222222222,0.7777777777777778,1.0,0.0,288.6330349445343
9,30,300,5,0.2,1.0,465.08534263946945,ges,2.0,10,log_loss,8.714850181548293,0.01873817422860384,0.023618952123237454,0.9997777777777778,0.6027777777777777,"[0, 1, 3, 5, 8, 12, 18, 20]",8,0.6,0.375,0.625,1.0,0.0,327.02996802330017
9,30,300,5,0.2,1.0,465.08534263946945,iamb,2.0,10,log_loss,57.337894823536594,0.1232846739442066,0.02545107681826685,0.9995555555555555,0.7039682539682539,"[5, 16, 18, 20, 28]",5,0.8,0.8,0.2,1.0,0.0,278.56019282341003
9,30,300,5,0.2,1.0,465.08534263946945,bootstrap_l1,2.0,10,log_loss,4.650853426394694,0.01,0.030019750679712815,0.9995555555555555,0.47444444444444445,"[1, 5, 8, 16, 18, 20, 21, 24]",8,0.8,0.5,0.5,1.0,0.0,299.4182651042938
