seed,p,n,k_star,p_edge,noise_scale,mu_scale,q_source,K_multiplier,K,criterion,mu_star,mu_star_relative,log_loss_star,auc_star,stability_star,support,k_actual,S_recall,S_precision,C_inclusion,causal_precision,correlate_inclusion,fit_seconds
2,30,300,5,0.2,1.0,153.05032275712222,oracle,2.0,10,log_loss,5.373890281837654,0.03511191734215131,0.08292514886247015,0.9975555555555555,0.5781468531468531,"[0, 2, 8, 10, 12, 14, 15, 19, 23, 29]",10,1.0,0.5,0.5,0.9,0.1,255.34686517715454
2,30,300,5,0.2,1.0,153.05032275712222,uniform,2.0,10,log_loss,0.0,0.0,0.09051159705786849,0.9973333333333333,0.45263736263736265,"[0, 2, 10, 14, 19, 23, 26, 28]",8,0.6,0.375,0.625,0.75,0.25,283.08291697502136
2,30,300,5,0.2,1.0,153.05032275712222,adversarial,2.0,10,log_loss,0.0,0.0,0.10146436955975849,0.994,0.4311888111888112,"[0, 2, 10, 14, 19, 23, 26, 28]",8,0.6,0.375,0.625,0.75,0.25,280.8447470664978
2,30,300,5,0.2,1.0,153.05032275712222,pc,2.0,10,log_loss,5.373890281837654,0.03511191734215131,0.09340015007850169,0.9948888888888889,0.5865884115884116,"[0, 2, 8, 10, 12, 14, 19, 23, 29]",9,1.0,0.5555555555555556,0.4444444444444444,0.8888888888888888,0.1111111111111111,312.69370794296265
2,30,300,5,0.2,1.0,153.05032275712222,ges,2.0,10,log_loss,816.7835397938113,5.336699231206307,0.1332360838889745,0.9891111111111112,0.6102777777777779,"[2, 8, 10, 11, 14, 17, 25, 29]",8,1.0,0.625,0.375,1.0,0.0,338.764732837677
2,30,300,5,0.2,1.0,153.05032275712222,iamb,2.0,10,log_loss,35.356609620854144,0.23101297000831592,0.0549748942412482,0.9986666666666666,0.7386363636363635,"[2, 8, 10, 14, 15, 19, 25, 29]",8,1.0,0.625,0.375,1.0,0.0,299.3434011936188
2,30,300,5,0.2,1.0,153.05032275712222,bootstrap_l1,2.0,10,log_loss,18.868759138167395,0.1232846739442066,0.07673794103496671,0.9966666666666668,0.7445454545454546,"[0, 2, 10, 12, 14, 15, 17, 19, 25, 29]",10,0.8,0.4,0.6,0.9,0.1,281.08514380455017
