seed,p,n,k_star,p_edge,noise_scale,mu_scale,q_source,K_multiplier,K,criterion,mu_star,mu_star_relative,log_loss_star,auc_star,stability_star,support,k_actual,S_recall,S_precision,C_inclusion,causal_precision,correlate_inclusion,fit_seconds
0,30,300,5,0.6,1.0,16265.968515502795,oracle,2.0,10,log_loss,0.0,0.0,0.04747855249427359,0.9997777777777778,0.4680952380952381,"[0, 3, 18, 19, 25]",5,0.0,0.0,1.0,1.0,0.0,316.93204617500305
0,30,300,5,0.6,1.0,16265.968515502795,uniform,2.0,10,log_loss,0.0,0.0,0.050526705560098195,0.9988888888888889,0.49071428571428577,"[0, 3, 18, 19, 25]",5,0.0,0.0,1.0,1.0,0.0,329.19960284233093
0,30,300,5,0.6,1.0,16265.968515502795,adversarial,2.0,10,log_loss,162.65968515502794,0.01,0.03863467373714894,0.9997777777777778,0.5488095238095239,"[3, 6, 12, 15, 19, 25]",6,0.0,0.0,1.0,1.0,0.0,301.95940494537354
0,30,300,5,0.6,1.0,16265.968515502795,pc,2.0,10,log_loss,0.0,0.0,0.05117546248135363,0.9997777777777778,0.5617857142857143,"[0, 3, 18, 19, 25]",5,0.0,0.0,1.0,1.0,0.0,317.0738310813904
0,30,300,5,0.6,1.0,16265.968515502795,ges,2.0,10,log_loss,0.0,0.0,0.03582226492108702,0.9995555555555555,0.5651190476190476,"[0, 3, 18, 19, 25]",5,0.0,0.0,1.0,1.0,0.0,345.91608715057373
0,30,300,5,0.6,1.0,16265.968515502795,iamb,2.0,10,log_loss,0.0,0.0,0.0625551953869237,0.9988888888888889,0.39285714285714285,"[0, 3, 18, 19, 25]",5,0.0,0.0,1.0,1.0,0.0,332.2669837474823
0,30,300,5,0.6,1.0,16265.968515502795,bootstrap_l1,2.0,10,log_loss,162.65968515502794,0.01,0.02972760508774775,0.9997777777777778,0.5159523809523809,"[3, 12, 15, 19, 25]",5,0.0,0.0,1.0,1.0,0.0,322.0518841743469
