seed,p,n,k_star,p_edge,noise_scale,mu_scale,q_source,K_multiplier,K,criterion,mu_star,mu_star_relative,log_loss_star,auc_star,stability_star,support,k_actual,S_recall,S_precision,C_inclusion,causal_precision,correlate_inclusion,fit_seconds
13,30,300,5,0.2,1.0,314.5963029770208,oracle,2.0,10,log_loss,5.894960336858057,0.01873817422860384,0.12769849650343962,0.9906666666666666,0.631439393939394,"[3, 5, 6, 10, 13, 17, 18, 24, 26]",9,1.0,0.5555555555555556,0.4444444444444444,1.0,0.0,246.90611791610718
13,30,300,5,0.2,1.0,314.5963029770208,uniform,2.0,10,log_loss,0.0,0.0,0.17474036375913243,0.9913333333333334,0.4884615384615385,"[3, 6, 10, 13, 17, 24, 26]",7,1.0,0.7142857142857143,0.2857142857142857,1.0,0.0,277.40845012664795
13,30,300,5,0.2,1.0,314.5963029770208,adversarial,2.0,10,log_loss,3.145963029770208,0.01,0.16157872772589915,0.9895555555555557,0.3558974358974359,"[0, 3, 4, 9, 11, 13, 18, 22, 27]",9,0.0,0.0,1.0,0.8888888888888888,0.1111111111111111,283.10853815078735
13,30,300,5,0.2,1.0,314.5963029770208,pc,2.0,10,log_loss,3.145963029770208,0.01,0.187855850591034,0.9815555555555555,0.3584776334776335,"[5, 6, 10, 13, 17, 18, 24, 26, 27]",9,1.0,0.5555555555555556,0.4444444444444444,1.0,0.0,255.10665798187256
13,30,300,5,0.2,1.0,314.5963029770208,ges,2.0,10,log_loss,72.67582630435757,0.23101297000831592,0.10280529766033322,0.9955555555555555,0.8339285714285716,"[6, 10, 17, 18, 24, 26]",6,1.0,0.8333333333333334,0.16666666666666666,1.0,0.0,288.5393898487091
13,30,300,5,0.2,1.0,314.5963029770208,iamb,2.0,10,log_loss,11.046079386275544,0.03511191734215131,0.09110573645606335,0.9960000000000001,0.6259920634920635,"[3, 6, 10, 13, 17, 18, 24, 26]",8,1.0,0.625,0.375,1.0,0.0,271.30329298973083
13,30,300,5,0.2,1.0,314.5963029770208,bootstrap_l1,2.0,10,log_loss,0.0,0.0,0.1506389025079466,0.9922222222222222,0.42819402819402824,"[3, 6, 10, 13, 17, 24, 26]",7,1.0,0.7142857142857143,0.2857142857142857,1.0,0.0,243.92520213127136
