seed,p,n,k_star,p_edge,noise_scale,mu_scale,q_source,K_multiplier,K,criterion,mu_star,mu_star_relative,log_loss_star,auc_star,stability_star,support,k_actual,S_recall,S_precision,C_inclusion,causal_precision,correlate_inclusion,fit_seconds
1,50,300,5,0.2,1.0,399.7689396848746,oracle,2.0,10,log_loss,0.0,0.0,0.05279919554811134,0.9995555555555555,0.20702075702075703,"[0, 1, 3, 19, 26, 33, 37, 40, 44]",9,0.4,0.2222222222222222,0.7777777777777778,0.8888888888888888,0.1111111111111111,376.21115803718567
1,50,300,5,0.2,1.0,399.7689396848746,uniform,2.0,10,log_loss,0.0,0.0,0.058217188831234334,0.9984444444444446,0.17057692307692307,"[0, 1, 3, 19, 26, 33, 37, 40, 44]",9,0.4,0.2222222222222222,0.7777777777777778,0.8888888888888888,0.1111111111111111,331.9984769821167
1,50,300,5,0.2,1.0,399.7689396848746,adversarial,2.0,10,log_loss,0.0,0.0,0.0429286039414509,0.9993333333333332,0.23441919191919194,"[0, 1, 3, 19, 26, 33, 37, 40, 44]",9,0.4,0.2222222222222222,0.7777777777777778,0.8888888888888888,0.1111111111111111,352.35128903388977
1,50,300,5,0.2,1.0,399.7689396848746,pc,2.0,10,log_loss,7.490940042999401,0.01873817422860384,0.08123886550134671,0.998,0.2306493506493507,"[0, 3, 7, 12, 26, 43]",6,0.2,0.16666666666666666,0.8333333333333334,0.8333333333333334,0.16666666666666666,327.87963700294495
1,50,300,5,0.2,1.0,399.7689396848746,ges,2.0,10,log_loss,92.3518100736782,0.23101297000831592,0.016618080500065042,1.0,0.7988888888888888,"[0, 1, 5, 22, 27, 28, 29, 32, 34]",9,1.0,0.5555555555555556,0.4444444444444444,1.0,0.0,492.23543334007263
1,50,300,5,0.2,1.0,399.7689396848746,iamb,2.0,10,log_loss,49.285383382070954,0.12328467394420659,0.02365353898036949,0.9997777777777778,0.5212121212121211,"[0, 1, 12, 27, 29, 32, 37, 41]",8,1.0,0.625,0.375,1.0,0.0,678.2598161697388
1,50,300,5,0.2,1.0,399.7689396848746,bootstrap_l1,2.0,10,log_loss,92.3518100736782,0.23101297000831592,0.031217939988608334,0.9993333333333334,0.46345238095238095,"[1, 3, 5, 23, 40, 43]",6,0.2,0.16666666666666666,0.8333333333333334,0.8333333333333334,0.16666666666666666,327.9516370296478
