seed,p,n,k_star,p_edge,noise_scale,mu_scale,q_source,K_multiplier,K,criterion,mu_star,mu_star_relative,log_loss_star,auc_star,stability_star,support,k_actual,S_recall,S_precision,C_inclusion,causal_precision,correlate_inclusion,fit_seconds
10,30,300,5,0.5,1.0,1955.6910164608366,oracle,2.0,10,log_loss,19.556910164608368,0.01,0.1310562696226174,0.9951111111111111,0.5097619047619047,"[8, 10, 15, 16]",4,0.2,0.25,0.75,1.0,0.0,286.69109892845154
10,30,300,5,0.5,1.0,1955.6910164608366,uniform,2.0,10,log_loss,0.0,0.0,0.16207957889650995,0.9951111111111111,0.39595238095238094,"[8, 10, 15, 16]",4,0.2,0.25,0.75,1.0,0.0,291.6776189804077
10,30,300,5,0.5,1.0,1955.6910164608366,adversarial,2.0,10,log_loss,0.0,0.0,0.15203118356881998,0.9893333333333334,0.3356746031746032,"[8, 10, 15, 16]",4,0.2,0.25,0.75,1.0,0.0,289.78691720962524
10,30,300,5,0.5,1.0,1955.6910164608366,pc,2.0,10,log_loss,846.5719549817637,0.4328761281083057,0.043497789025562214,0.9988888888888889,0.5885714285714285,"[3, 6, 8, 15, 16, 29]",6,0.2,0.16666666666666666,0.8333333333333334,1.0,0.0,279.448805809021
10,30,300,5,0.5,1.0,1955.6910164608366,ges,2.0,10,log_loss,36.6460790037585,0.01873817422860384,0.016763801174556565,1.0,0.7666666666666667,"[0, 3, 8, 10, 12, 14, 28]",7,1.0,0.7142857142857143,0.2857142857142857,1.0,0.0,265.3627998828888
10,30,300,5,0.5,1.0,1955.6910164608366,iamb,2.0,10,log_loss,19.556910164608368,0.01,0.021655495640168214,0.9995555555555555,0.819047619047619,"[3, 8, 10, 16, 28, 29]",6,0.6,0.5,0.5,1.0,0.0,252.7925260066986
10,30,300,5,0.5,1.0,1955.6910164608366,bootstrap_l1,2.0,10,log_loss,0.0,0.0,0.07605369575041372,0.9977777777777778,0.30384920634920637,"[8, 10, 15, 16]",4,0.2,0.25,0.75,1.0,0.0,296.94062519073486
