seed,p,n,k_star,p_edge,noise_scale,mu_scale,q_source,K_multiplier,K,criterion,mu_star,mu_star_relative,log_loss_star,auc_star,stability_star,support,k_actual,S_recall,S_precision,C_inclusion,causal_precision,correlate_inclusion,fit_seconds
14,30,300,5,0.4,1.0,2612.6105244888677,oracle,2.0,10,log_loss,0.0,0.0,0.2740042127576157,0.9717777777777776,0.49535714285714283,"[3, 4, 7, 13, 24, 28]",6,0.4,0.3333333333333333,0.6666666666666666,1.0,0.0,272.3859670162201
14,30,300,5,0.4,1.0,2612.6105244888677,uniform,2.0,10,log_loss,0.0,0.0,0.26893330894566425,0.9333333333333333,0.4404365079365079,"[3, 4, 7, 13, 24, 28]",6,0.4,0.3333333333333333,0.6666666666666666,1.0,0.0,265.1536509990692
14,30,300,5,0.4,1.0,2612.6105244888677,adversarial,2.0,10,log_loss,0.0,0.0,0.2569242040388682,0.9313333333333335,0.5278571428571428,"[3, 4, 7, 13, 24, 28]",6,0.4,0.3333333333333333,0.6666666666666666,1.0,0.0,274.10715985298157
14,30,300,5,0.4,1.0,2612.6105244888677,pc,2.0,10,log_loss,26.126105244888677,0.01,0.17568080900931693,0.9917777777777779,0.388939393939394,"[3, 4, 7, 12, 13, 24, 28]",7,0.6,0.42857142857142855,0.5714285714285714,1.0,0.0,280.6462068557739
14,30,300,5,0.4,1.0,2612.6105244888677,ges,2.0,10,log_loss,26.126105244888677,0.01,0.06361107942213365,0.9988888888888889,0.6616666666666665,"[0, 3, 4, 8, 10, 12, 13, 16, 17]",9,1.0,0.5555555555555556,0.4444444444444444,1.0,0.0,279.61206793785095
14,30,300,5,0.4,1.0,2612.6105244888677,iamb,2.0,10,log_loss,26.126105244888677,0.01,0.09562435209447592,0.9944444444444445,0.6968253968253968,"[3, 7, 10, 12, 13, 16, 17, 23]",8,0.8,0.5,0.5,1.0,0.0,280.7353711128235
14,30,300,5,0.4,1.0,2612.6105244888677,bootstrap_l1,2.0,10,log_loss,26.126105244888677,0.01,0.20112071301788212,0.9800000000000001,0.6436111111111111,"[3, 4, 6, 7, 11, 12, 24, 29]",8,0.6,0.375,0.625,1.0,0.0,299.69661021232605
