seed,p,n,k_star,p_edge,noise_scale,mu_scale,q_source,K_multiplier,K,criterion,mu_star,mu_star_relative,log_loss_star,auc_star,stability_star,support,k_actual,S_recall,S_precision,C_inclusion,causal_precision,correlate_inclusion,fit_seconds
5,30,150,5,0.2,1.0,39.103263671581644,oracle,2.0,10,log_loss,1.3729905618449227,0.03511191734215131,0.09574818880907862,0.9973333333333333,0.5447469197469197,"[2, 3, 4, 6, 8, 12, 13, 20, 27]",9,0.8,0.4444444444444444,0.5555555555555556,0.8888888888888888,0.1111111111111111,296.53070282936096
5,30,150,5,0.2,1.0,39.103263671581644,uniform,2.0,10,log_loss,0.0,0.0,0.2595175155674591,0.984,0.3664391164391164,"[1, 2, 3, 6, 7, 13, 20]",7,0.4,0.2857142857142857,0.7142857142857143,0.7142857142857143,0.2857142857142857,295.6908359527588
5,30,150,5,0.2,1.0,39.103263671581644,adversarial,2.0,10,log_loss,4.820833111905281,0.12328467394420657,0.11855862317636572,0.9928888888888888,0.5624242424242424,"[6, 7, 9, 15, 21, 24, 26, 28]",8,0.0,0.0,1.0,0.875,0.125,247.8338770866394
5,30,150,5,0.2,1.0,39.103263671581644,pc,2.0,10,log_loss,0.0,0.0,0.06114301425083331,0.9991111111111112,0.38502331002331003,"[1, 2, 3, 6, 7, 13, 20]",7,0.4,0.2857142857142857,0.7142857142857143,0.7142857142857143,0.2857142857142857,276.0624659061432
5,30,150,5,0.2,1.0,39.103263671581644,ges,2.0,10,log_loss,59.433483834067744,1.5199110829529332,0.0659892532151769,0.9982222222222223,0.5411507936507938,"[2, 4, 6, 7, 9, 17, 20]",7,0.6,0.42857142857142855,0.5714285714285714,1.0,0.0,275.4986000061035
5,30,150,5,0.2,1.0,39.103263671581644,iamb,2.0,10,log_loss,208.68235717378727,5.336699231206307,0.06561408826929596,0.9973333333333334,0.6016666666666668,"[2, 4, 9, 20, 22, 27]",6,1.0,0.8333333333333334,0.16666666666666666,1.0,0.0,244.70259404182434
5,30,150,5,0.2,1.0,39.103263671581644,bootstrap_l1,2.0,10,log_loss,31.7178627485182,0.8111308307896868,0.0716714651443076,0.9982222222222223,0.7303030303030302,"[2, 4, 6, 8, 9, 14, 15, 16, 20, 27]",10,0.8,0.4,0.6,1.0,0.0,252.40998792648315
