seed,p,n,k_star,p_edge,noise_scale,mu_scale,q_source,K_multiplier,K,criterion,mu_star,mu_star_relative,log_loss_star,auc_star,stability_star,support,k_actual,S_recall,S_precision,C_inclusion,causal_precision,correlate_inclusion,fit_seconds
1,30,300,5,0.6,1.0,1079.1363082214955,oracle,2.0,10,log_loss,10.791363082214955,0.01,0.22697414877679628,0.986,0.4834271284271285,"[1, 5, 7, 13, 15, 16, 27]",7,1.0,0.7142857142857143,0.2857142857142857,1.0,0.0,306.820650100708
1,30,300,5,0.6,1.0,1079.1363082214955,uniform,2.0,10,log_loss,0.0,0.0,0.1525674080371613,0.9899999999999999,0.42547619047619045,"[1, 5, 7, 13, 16, 27]",6,0.8,0.6666666666666666,0.3333333333333333,1.0,0.0,318.62009596824646
1,30,300,5,0.6,1.0,1079.1363082214955,adversarial,2.0,10,log_loss,0.0,0.0,0.15147588636134154,0.9902222222222223,0.5057539682539682,"[1, 5, 7, 13, 16, 27]",6,0.8,0.6666666666666666,0.3333333333333333,1.0,0.0,376.6741530895233
1,30,300,5,0.6,1.0,1079.1363082214955,pc,2.0,10,log_loss,0.0,0.0,0.10418963665515338,0.9957777777777779,0.5550937950937951,"[1, 5, 7, 13, 16, 27]",6,0.8,0.6666666666666666,0.3333333333333333,1.0,0.0,392.590763092041
1,30,300,5,0.6,1.0,1079.1363082214955,ges,2.0,10,log_loss,37.890544855187464,0.03511191734215131,0.08436859082695992,0.9959999999999999,0.7351190476190477,"[1, 7, 13, 15, 27]",5,1.0,1.0,0.0,1.0,0.0,361.28051805496216
1,30,300,5,0.6,1.0,1079.1363082214955,iamb,2.0,10,log_loss,37.890544855187464,0.03511191734215131,0.13262398070166304,0.9922222222222221,0.6837301587301587,"[1, 5, 7, 8, 13, 15, 27]",7,1.0,0.7142857142857143,0.2857142857142857,1.0,0.0,317.63305497169495
1,30,300,5,0.6,1.0,1079.1363082214955,bootstrap_l1,2.0,10,log_loss,0.0,0.0,0.1232161815173907,0.9895555555555555,0.5058730158730158,"[1, 5, 7, 13, 16, 27]",6,0.8,0.6666666666666666,0.3333333333333333,1.0,0.0,324.1957619190216
