seed,p,n,k_star,p_edge,noise_scale,mu_scale,q_source,K_multiplier,K,criterion,mu_star,mu_star_relative,log_loss_star,auc_star,stability_star,support,k_actual,S_recall,S_precision,C_inclusion,causal_precision,correlate_inclusion,fit_seconds
4,50,300,5,0.2,1.0,426.17974811138043,oracle,2.0,10,log_loss,4.261797481113804,0.01,0.3574528081513169,0.9422222222222223,0.32587301587301587,"[5, 21, 30, 32, 40]",5,0.4,0.4,0.6,1.0,0.0,346.3258719444275
4,50,300,5,0.2,1.0,426.17974811138043,uniform,2.0,10,log_loss,0.0,0.0,0.32391716818398597,0.9504444444444445,0.26012626262626265,"[5, 11, 17, 30, 40]",5,0.2,0.2,0.8,0.8,0.2,388.9270248413086
4,50,300,5,0.2,1.0,426.17974811138043,adversarial,2.0,10,log_loss,0.0,0.0,0.3533715089532067,0.9397777777777778,0.4439285714285714,"[5, 11, 17, 30, 40]",5,0.2,0.2,0.8,0.8,0.2,380.7078731060028
4,50,300,5,0.2,1.0,426.17974811138043,pc,2.0,10,log_loss,184.4830392406274,0.4328761281083057,0.26407256490440006,0.9626666666666667,0.32896464646464646,"[1, 5, 11, 30, 36, 40]",6,0.2,0.16666666666666666,0.8333333333333334,0.8333333333333334,0.16666666666666666,441.5260798931122
4,50,300,5,0.2,1.0,426.17974811138043,ges,2.0,10,log_loss,4.261797481113804,0.01,0.05171541159924723,0.9984444444444446,0.64,"[14, 16, 19, 21, 30, 36, 43, 44, 48]",9,0.8,0.4444444444444444,0.5555555555555556,1.0,0.0,394.8571848869324
4,50,300,5,0.2,1.0,426.17974811138043,iamb,2.0,10,log_loss,28.03978159586706,0.0657933224657568,0.05833251755815163,0.998,0.5156313131313132,"[1, 14, 16, 19, 21, 40, 43, 44, 48]",9,1.0,0.5555555555555556,0.4444444444444444,1.0,0.0,436.36304116249084
4,50,300,5,0.2,1.0,426.17974811138043,bootstrap_l1,2.0,10,log_loss,184.4830392406274,0.4328761281083057,0.06644625469625406,0.9997777777777778,0.5486868686868686,"[9, 16, 17, 24, 30, 32, 45, 48]",8,0.4,0.25,0.75,1.0,0.0,335.50204062461853
