seed,p,n,k_star,p_edge,noise_scale,mu_scale,q_source,K_multiplier,K,criterion,mu_star,mu_star_relative,log_loss_star,auc_star,stability_star,support,k_actual,S_recall,S_precision,C_inclusion,causal_precision,correlate_inclusion,fit_seconds
13,30,300,5,0.7,1.0,2498.7388845484866,oracle,2.0,10,log_loss,87.73551317388582,0.03511191734215131,0.2962087108502075,0.984,0.38357142857142856,"[6, 10, 14]",3,0.4,0.6666666666666666,0.3333333333333333,1.0,0.0,316.83858585357666
13,30,300,5,0.7,1.0,2498.7388845484866,uniform,2.0,10,log_loss,0.0,0.0,0.08936233246716926,0.9933333333333334,0.21821428571428575,"[3, 18]",2,0.0,0.0,1.0,1.0,0.0,322.19180393218994
13,30,300,5,0.7,1.0,2498.7388845484866,adversarial,2.0,10,log_loss,24.987388845484865,0.01,0.09310072056872645,0.9975555555555555,0.2630952380952381,"[2, 3, 9, 13, 16, 18]",6,0.0,0.0,1.0,1.0,0.0,317.8684470653534
13,30,300,5,0.7,1.0,2498.7388845484866,pc,2.0,10,log_loss,0.0,0.0,0.3556810130930725,0.9637777777777778,0.2092857142857143,"[3, 18]",2,0.0,0.0,1.0,1.0,0.0,303.78017473220825
13,30,300,5,0.7,1.0,2498.7388845484866,ges,2.0,10,log_loss,0.0,0.0,0.1293363890596487,0.994,0.19654761904761905,"[3, 18]",2,0.0,0.0,1.0,1.0,0.0,263.33938002586365
13,30,300,5,0.7,1.0,2498.7388845484866,iamb,2.0,10,log_loss,24.987388845484865,0.01,0.12637693580773274,0.9953333333333333,0.7357142857142857,"[2, 3, 6, 16, 18]",5,0.2,0.2,0.8,1.0,0.0,294.3061771392822
13,30,300,5,0.7,1.0,2498.7388845484866,bootstrap_l1,2.0,10,log_loss,46.821804570456756,0.01873817422860384,0.024154585488598442,1.0,0.6821428571428572,"[2, 3, 13, 16, 18, 21, 28]",7,0.0,0.0,1.0,1.0,0.0,287.6374032497406
