seed,p,n,k_star,p_edge,noise_scale,mu_scale,q_source,K_multiplier,K,criterion,mu_star,mu_star_relative,log_loss_star,auc_star,stability_star,support,k_actual,S_recall,S_precision,C_inclusion,causal_precision,correlate_inclusion,fit_seconds
3,50,300,5,0.2,1.0,2713.5472059239723,oracle,2.0,10,log_loss,27.135472059239724,0.01,0.14904553980815852,0.9864444444444445,0.32,"[10, 21]",2,0.2,0.5,0.5,1.0,0.0,321.986447095871
3,50,300,5,0.2,1.0,2713.5472059239723,uniform,2.0,10,log_loss,0.0,0.0,0.1445151584623387,0.9880000000000001,0.18556637806637805,"[8, 10, 19, 21, 26, 41]",6,0.2,0.16666666666666666,0.8333333333333334,1.0,0.0,305.6186852455139
3,50,300,5,0.2,1.0,2713.5472059239723,adversarial,2.0,10,log_loss,27.135472059239724,0.01,0.13081423597115255,0.9951111111111113,0.21484848484848484,"[10, 20, 41]",3,0.0,0.0,1.0,1.0,0.0,324.19731187820435
3,50,300,5,0.2,1.0,2713.5472059239723,pc,2.0,10,log_loss,27.135472059239724,0.01,0.10153830677995841,0.9937777777777779,0.4577380952380953,"[19, 21, 24, 26, 41]",5,0.2,0.2,0.8,1.0,0.0,308.7194390296936
3,50,300,5,0.2,1.0,2713.5472059239723,ges,2.0,10,log_loss,95.27784519842815,0.03511191734215131,0.02340600409409743,0.9995555555555555,0.5633333333333334,"[14, 21, 26, 33, 48]",5,0.6,0.6,0.4,1.0,0.0,375.90433406829834
3,50,300,5,0.2,1.0,2713.5472059239723,iamb,2.0,10,log_loss,0.0,0.0,0.13136304255863376,0.9893333333333334,0.3300396825396825,"[8, 10, 19, 21, 26, 41]",6,0.2,0.16666666666666666,0.8333333333333334,1.0,0.0,668.7422399520874
3,50,300,5,0.2,1.0,2713.5472059239723,bootstrap_l1,2.0,10,log_loss,27.135472059239724,0.01,0.12245767254117253,0.9913333333333334,0.6523809523809524,"[8, 10, 19, 21, 24, 41]",6,0.2,0.16666666666666666,0.8333333333333334,1.0,0.0,682.9141750335693
