seed,p,n,k_star,p_edge,noise_scale,mu_scale,q_source,K_multiplier,K,criterion,mu_star,mu_star_relative,log_loss_star,auc_star,stability_star,support,k_actual,S_recall,S_precision,C_inclusion,causal_precision,correlate_inclusion,fit_seconds
9,30,300,5,0.2,2.0,930.1706852789389,oracle,2.0,10,log_loss,9.301706852789389,0.01,0.02954370636761927,0.9995555555555555,0.6281385281385281,"[1, 5, 8, 16, 18, 20, 21, 24, 29]",9,1.0,0.5555555555555556,0.4444444444444444,1.0,0.0,285.3700258731842
9,30,300,5,0.2,2.0,930.1706852789389,uniform,2.0,10,log_loss,0.0,0.0,0.023863814314468976,0.9997777777777778,0.466010101010101,"[1, 5, 8, 16, 18, 20, 21, 24]",8,0.8,0.5,0.5,1.0,0.0,297.7956109046936
9,30,300,5,0.2,2.0,930.1706852789389,adversarial,2.0,10,log_loss,0.0,0.0,0.0491251399078459,0.9995555555555555,0.43323232323232325,"[1, 5, 8, 16, 18, 20, 21, 24]",8,0.8,0.5,0.5,1.0,0.0,326.9218008518219
9,30,300,5,0.2,2.0,930.1706852789389,pc,2.0,10,log_loss,214.88149262095817,0.23101297000831592,0.025710040744703382,1.0,0.6166666666666665,"[0, 1, 3, 5, 8, 12, 13, 19, 20]",9,0.4,0.2222222222222222,0.7777777777777778,1.0,0.0,291.6572690010071
9,30,300,5,0.2,2.0,930.1706852789389,ges,2.0,10,log_loss,17.429700363096586,0.01873817422860384,0.023542078916702663,0.9997777777777778,0.685,"[0, 1, 3, 5, 8, 12, 18]",7,0.4,0.2857142857142857,0.7142857142857143,1.0,0.0,335.35070180892944
9,30,300,5,0.2,2.0,930.1706852789389,iamb,2.0,10,log_loss,61.199019844751206,0.0657933224657568,0.02253657152032231,0.9995555555555555,0.7272619047619047,"[5, 16, 18, 20, 28]",5,0.8,0.8,0.2,1.0,0.0,287.2901277542114
9,30,300,5,0.2,2.0,930.1706852789389,bootstrap_l1,2.0,10,log_loss,0.0,0.0,0.0331155953876691,0.9997777777777778,0.44027777777777777,"[1, 5, 8, 16, 18, 20, 21, 24]",8,0.8,0.5,0.5,1.0,0.0,302.2989933490753
