seed,p,n,k_star,p_edge,noise_scale,mu_scale,q_source,K_multiplier,K,criterion,mu_star,mu_star_relative,log_loss_star,auc_star,stability_star,support,k_actual,S_recall,S_precision,C_inclusion,causal_precision,correlate_inclusion,fit_seconds
5,30,1000,5,0.2,1.0,336.90076502509237,oracle,2.0,10,log_loss,6.312905232790104,0.01873817422860384,0.04863120233660331,0.99888,0.682936507936508,"[2, 3, 4, 12, 20, 22, 27]",7,1.0,0.7142857142857143,0.2857142857142857,1.0,0.0,586.8486306667328
5,30,1000,5,0.2,1.0,336.90076502509237,uniform,2.0,10,log_loss,0.0,0.0,0.08464543707804217,0.99572,0.4403063603063603,"[2, 14, 15, 16, 20, 22, 23]",7,0.6,0.42857142857142855,0.5714285714285714,0.8571428571428571,0.14285714285714285,604.527910232544
5,30,1000,5,0.2,1.0,336.90076502509237,adversarial,2.0,10,log_loss,3.3690076502509236,0.01,0.06053857032176576,0.9981200000000001,0.8063636363636364,"[2, 6, 7, 9, 14, 15, 16, 22, 23, 26]",10,0.4,0.2,0.8,0.8,0.2,497.2240481376648
5,30,1000,5,0.2,1.0,336.90076502509237,pc,2.0,10,log_loss,11.829231814068583,0.03511191734215131,0.05332079297421666,0.99846,0.6240093240093241,"[2, 3, 6, 7, 14, 16, 20, 22, 23, 24]",10,0.6,0.3,0.7,0.9,0.1,515.5108687877655
5,30,1000,5,0.2,1.0,336.90076502509237,ges,2.0,10,log_loss,0.0,0.0,0.06968867912946607,0.9973600000000001,0.36446969696969694,"[2, 14, 15, 16, 20, 22, 23]",7,0.6,0.42857142857142855,0.5714285714285714,0.8571428571428571,0.14285714285714285,548.9375751018524
5,30,1000,5,0.2,1.0,336.90076502509237,iamb,2.0,10,log_loss,11.829231814068583,0.03511191734215131,0.04864090969371797,0.9988400000000001,0.7472222222222221,"[2, 4, 7, 9, 20, 22, 27]",7,1.0,0.7142857142857143,0.2857142857142857,1.0,0.0,502.8059470653534
5,30,1000,5,0.2,1.0,336.90076502509237,bootstrap_l1,2.0,10,log_loss,6.312905232790104,0.01873817422860384,0.055610824260697286,0.99832,0.6063403263403263,"[2, 4, 6, 7, 9, 14, 20, 22, 23]",9,0.8,0.4444444444444444,0.5555555555555556,0.8888888888888888,0.1111111111111111,512.2854390144348
