seed,p,n,k_star,p_edge,noise_scale,mu_scale,q_source,K_multiplier,K,criterion,mu_star,mu_star_relative,log_loss_star,auc_star,stability_star,support,k_actual,S_recall,S_precision,C_inclusion,causal_precision,correlate_inclusion,fit_seconds
3,30,75,5,0.2,1.0,30.70713134380771,oracle,2.0,10,log_loss,1.0781862575583598,0.03511191734215131,0.4103028273924904,0.9857142857142858,0.44623709623709623,"[0, 1, 3, 4, 5, 12, 15, 16, 20]",9,0.8,0.4444444444444444,0.5555555555555556,0.8888888888888888,0.1111111111111111,186.93614792823792
3,30,75,5,0.2,1.0,30.70713134380771,uniform,2.0,10,log_loss,0.0,0.0,0.9071395929650548,0.9392857142857143,0.3501132201132201,"[4, 7, 10, 12, 15, 17, 20, 25]",8,0.4,0.25,0.75,1.0,0.0,196.59724712371826
3,30,75,5,0.2,1.0,30.70713134380771,adversarial,2.0,10,log_loss,1.0781862575583598,0.03511191734215131,0.48730500292682544,0.9607142857142857,0.512979797979798,"[4, 5, 6, 10, 11, 20, 24, 25, 28]",9,0.0,0.0,1.0,0.8888888888888888,0.1111111111111111,205.2693910598755
3,30,75,5,0.2,1.0,30.70713134380771,pc,2.0,10,log_loss,0.0,0.0,0.11365590032897517,0.9928571428571429,0.4663159063159064,"[4, 7, 10, 12, 15, 17, 20, 25]",8,0.4,0.25,0.75,1.0,0.0,209.45911288261414
3,30,75,5,0.2,1.0,30.70713134380771,ges,2.0,10,log_loss,307.0713134380771,10.0,0.32913044601196195,0.9714285714285715,0.6505050505050506,"[4, 5, 6, 15, 16, 17, 20, 24, 26]",9,0.4,0.2222222222222222,0.7777777777777778,0.7777777777777778,0.2222222222222222,216.04685497283936
3,30,75,5,0.2,1.0,30.70713134380771,iamb,2.0,10,log_loss,3.7857186754832597,0.12328467394420659,0.2894576971881096,0.9821428571428571,0.40651515151515155,"[1, 3, 4, 5, 6, 7, 15, 16]",8,1.0,0.625,0.375,0.875,0.125,210.53319001197815
3,30,75,5,0.2,1.0,30.70713134380771,bootstrap_l1,2.0,10,log_loss,0.0,0.0,0.6061716776335349,0.9607142857142857,0.2875274725274725,"[4, 7, 10, 12, 15, 17, 20, 25]",8,0.4,0.25,0.75,1.0,0.0,205.6556098461151
