seed,p,n,k_star,p_edge,noise_scale,mu_scale,q_source,K_multiplier,K,criterion,mu_star,mu_star_relative,log_loss_star,auc_star,stability_star,support,k_actual,S_recall,S_precision,C_inclusion,causal_precision,correlate_inclusion,fit_seconds
7,30,300,5,0.7,1.0,54879.680213800566,oracle,2.0,10,log_loss,548.7968021380057,0.01,0.14284413956274453,0.9888888888888889,0.7714285714285715,"[4, 15, 21, 23, 25]",5,0.2,0.2,0.8,1.0,0.0,347.7704520225525
7,30,300,5,0.7,1.0,54879.680213800566,uniform,2.0,10,log_loss,0.0,0.0,4.70862769524808,0.40088888888888885,0.6788095238095238,"[3, 4, 15, 21, 25]",5,0.0,0.0,1.0,1.0,0.0,329.821839094162
7,30,300,5,0.7,1.0,54879.680213800566,adversarial,2.0,10,log_loss,548.7968021380057,0.01,0.8644207886599036,0.8626666666666667,0.74,"[3, 4, 15, 21]",4,0.0,0.0,1.0,1.0,0.0,339.98906207084656
7,30,300,5,0.7,1.0,54879.680213800566,pc,2.0,10,log_loss,3610.7164971241937,0.0657933224657568,0.32711186747678606,0.9357777777777778,0.76,"[4, 15, 25]",3,0.0,0.0,1.0,1.0,0.0,297.4230229854584
7,30,300,5,0.7,1.0,54879.680213800566,ges,2.0,10,log_loss,1926.930795430662,0.03511191734215131,0.37593718459423037,0.9853333333333334,1.0,"[3, 4, 21]",3,0.0,0.0,1.0,1.0,0.0,374.4997968673706
7,30,300,5,0.7,1.0,54879.680213800566,iamb,2.0,10,log_loss,548.7968021380057,0.01,1.1230755827568482,0.8757777777777778,0.595,"[3, 21, 23]",3,0.2,0.3333333333333333,0.6666666666666666,1.0,0.0,337.3330280780792
7,30,300,5,0.7,1.0,54879.680213800566,bootstrap_l1,2.0,10,log_loss,0.0,0.0,3.0268624741038663,0.32422222222222224,0.5700000000000001,"[3, 4, 15, 21, 25]",5,0.0,0.0,1.0,1.0,0.0,322.287575006485
