seed,p,n,k_star,p_edge,noise_scale,mu_scale,q_source,K_multiplier,K,criterion,mu_star,mu_star_relative,log_loss_star,auc_star,stability_star,support,k_actual,S_recall,S_precision,C_inclusion,causal_precision,correlate_inclusion,fit_seconds
1,30,300,5,0.5,1.0,1819.6925736230564,oracle,2.0,10,log_loss,18.196925736230565,0.01,0.06025960006977721,0.9986666666666666,0.4969805194805195,"[0, 5, 7, 8, 13, 15, 27, 28]",8,0.8,0.5,0.5,1.0,0.0,301.34024381637573
1,30,300,5,0.5,1.0,1819.6925736230564,uniform,2.0,10,log_loss,0.0,0.0,0.09707026652390673,0.9951111111111113,0.5386904761904763,"[0, 5, 8, 27, 28]",5,0.2,0.2,0.8,1.0,0.0,329.02077889442444
1,30,300,5,0.5,1.0,1819.6925736230564,adversarial,2.0,10,log_loss,18.196925736230565,0.01,0.11830389267613162,0.992,0.6252380952380953,"[0, 5, 6, 8, 12]",5,0.0,0.0,1.0,0.8,0.2,329.8692660331726
1,30,300,5,0.5,1.0,1819.6925736230564,pc,2.0,10,log_loss,34.09771648704535,0.01873817422860384,0.08679854853009558,0.9957777777777779,0.74,"[0, 5, 8, 9, 27, 28]",6,0.2,0.16666666666666666,0.8333333333333334,1.0,0.0,384.65268778800964
1,30,300,5,0.5,1.0,1819.6925736230564,ges,2.0,10,log_loss,119.72362028492464,0.0657933224657568,0.02990922187846341,0.9993333333333332,0.6974206349206349,"[7, 8, 12, 13, 27, 28]",6,0.6,0.5,0.5,1.0,0.0,407.1044747829437
1,30,300,5,0.5,1.0,1819.6925736230564,iamb,2.0,10,log_loss,18.196925736230565,0.01,0.037805671386345344,0.9995555555555555,0.5607142857142857,"[7, 8, 13, 27, 28]",5,0.6,0.6,0.4,1.0,0.0,351.45770597457886
1,30,300,5,0.5,1.0,1819.6925736230564,bootstrap_l1,2.0,10,log_loss,0.0,0.0,0.06712633527198844,0.9971111111111111,0.47976190476190483,"[0, 5, 8, 27, 28]",5,0.2,0.2,0.8,1.0,0.0,318.94179105758667
