seed,p,n,k_star,p_edge,noise_scale,mu_scale,q_source,K_multiplier,K,criterion,mu_star,mu_star_relative,log_loss_star,auc_star,stability_star,support,k_actual,S_recall,S_precision,C_inclusion,causal_precision,correlate_inclusion,fit_seconds
14,30,300,5,0.7,1.0,5442.925650204584,oracle,2.0,10,log_loss,54.42925650204584,0.01,0.18495456349786393,0.99,0.42750000000000005,"[4, 11, 12, 24]",4,0.4,0.5,0.5,1.0,0.0,280.145849943161
14,30,300,5,0.7,1.0,5442.925650204584,uniform,2.0,10,log_loss,0.0,0.0,0.12761975330584702,0.9935555555555556,0.4958333333333333,"[12, 13, 24, 26, 29]",5,0.2,0.2,0.8,1.0,0.0,285.3448302745819
14,30,300,5,0.7,1.0,5442.925650204584,adversarial,2.0,10,log_loss,0.0,0.0,0.15211505325760272,0.9895555555555557,0.5257142857142858,"[12, 13, 24, 26, 29]",5,0.2,0.2,0.8,1.0,0.0,269.70446729660034
14,30,300,5,0.7,1.0,5442.925650204584,pc,2.0,10,log_loss,0.0,0.0,0.21100181193309825,0.9855555555555554,0.5866666666666666,"[12, 13, 24, 26, 29]",5,0.2,0.2,0.8,1.0,0.0,287.52937602996826
14,30,300,5,0.7,1.0,5442.925650204584,ges,2.0,10,log_loss,54.42925650204584,0.01,0.03212595324455943,0.9997777777777778,0.7142857142857142,"[3, 5, 8, 17, 26, 29]",6,0.4,0.3333333333333333,0.6666666666666666,1.0,0.0,330.79085206985474
14,30,300,5,0.7,1.0,5442.925650204584,iamb,2.0,10,log_loss,54.42925650204584,0.01,0.021309845594262196,0.9997777777777778,0.55,"[3, 4, 6, 12, 13]",5,0.6,0.6,0.4,1.0,0.0,310.7435550689697
14,30,300,5,0.7,1.0,5442.925650204584,bootstrap_l1,2.0,10,log_loss,0.0,0.0,0.1981274776705199,0.9895555555555555,0.584047619047619,"[12, 13, 24, 26, 29]",5,0.2,0.2,0.8,1.0,0.0,276.77738404273987
