seed,p,n,k_star,p_edge,noise_scale,mu_scale,q_source,K_multiplier,K,criterion,mu_star,mu_star_relative,log_loss_star,auc_star,stability_star,support,k_actual,S_recall,S_precision,C_inclusion,causal_precision,correlate_inclusion,fit_seconds
5,30,300,5,0.2,0.5,64.00998470596545,oracle,2.0,10,log_loss,0.6400998470596545,0.01,0.10329049102917942,0.9957777777777779,0.5988378288378289,"[2, 4, 7, 14, 20, 22, 27]",7,1.0,0.7142857142857143,0.2857142857142857,1.0,0.0,274.81028509140015
5,30,300,5,0.2,0.5,64.00998470596545,uniform,2.0,10,log_loss,0.0,0.0,0.10213173251698968,0.9931111111111111,0.40379786879786883,"[2, 4, 6, 7, 9, 11, 12, 14, 22, 26]",10,0.6,0.3,0.7,0.8,0.2,268.5438930988312
5,30,300,5,0.2,0.5,64.00998470596545,adversarial,2.0,10,log_loss,1.1994302457906478,0.01873817422860384,0.13452000890485993,0.992,0.5876806526806526,"[2, 7, 8, 9, 11, 12, 14, 22, 26]",9,0.4,0.2222222222222222,0.7777777777777778,0.7777777777777778,0.2222222222222222,302.31758427619934
5,30,300,5,0.2,0.5,64.00998470596545,pc,2.0,10,log_loss,51.92047207338491,0.8111308307896868,0.10606363404887324,0.9953333333333333,0.6470629370629372,"[1, 2, 4, 7, 9, 12, 14, 18, 20, 24]",10,0.6,0.3,0.7,0.8,0.2,295.5199348926544
5,30,300,5,0.2,0.5,64.00998470596545,ges,2.0,10,log_loss,27.70839433979019,0.4328761281083057,0.07784117001167205,0.9946666666666667,0.6286111111111112,"[0, 2, 4, 7, 8, 9, 14, 24]",8,0.4,0.25,0.75,0.875,0.125,302.3719220161438
5,30,300,5,0.2,0.5,64.00998470596545,iamb,2.0,10,log_loss,51.92047207338491,0.8111308307896868,0.07406543534786496,0.9959999999999999,0.6315151515151515,"[2, 4, 6, 20, 22, 27]",6,1.0,0.8333333333333334,0.16666666666666666,1.0,0.0,296.57261419296265
5,30,300,5,0.2,0.5,64.00998470596545,bootstrap_l1,2.0,10,log_loss,97.28948517424465,1.5199110829529332,0.0960511961540491,0.9966666666666667,0.6961538461538461,"[1, 2, 4, 7, 9, 14, 19, 22, 24]",9,0.6,0.3333333333333333,0.6666666666666666,0.7777777777777778,0.2222222222222222,286.5691661834717
