seed,p,n,k_star,p_edge,noise_scale,mu_scale,q_source,K_multiplier,K,criterion,mu_star,mu_star_relative,log_loss_star,auc_star,stability_star,support,k_actual,S_recall,S_precision,C_inclusion,causal_precision,correlate_inclusion,fit_seconds
3,30,300,5,0.5,1.0,2197.356621869396,oracle,2.0,10,log_loss,21.97356621869396,0.01,0.10925190419636346,0.9917777777777778,0.4675000000000001,"[1, 3, 19, 20, 24]",5,0.4,0.4,0.6,1.0,0.0,232.54525208473206
3,30,300,5,0.5,1.0,2197.356621869396,uniform,2.0,10,log_loss,0.0,0.0,0.153403566690957,0.9888888888888889,0.38630952380952377,"[3, 19, 20, 24]",4,0.2,0.25,0.75,1.0,0.0,278.8400020599365
3,30,300,5,0.5,1.0,2197.356621869396,adversarial,2.0,10,log_loss,21.97356621869396,0.01,0.07068865032103624,0.9982222222222221,0.5967063492063491,"[6, 11, 19, 20, 21, 24]",6,0.0,0.0,1.0,1.0,0.0,266.7309579849243
3,30,300,5,0.5,1.0,2197.356621869396,pc,2.0,10,log_loss,0.0,0.0,0.08980335834102386,0.9968888888888889,0.4671031746031746,"[3, 19, 20, 24]",4,0.2,0.25,0.75,1.0,0.0,261.0134301185608
3,30,300,5,0.5,1.0,2197.356621869396,ges,2.0,10,log_loss,21.97356621869396,0.01,0.08396683546445219,0.9973333333333333,0.5249999999999999,"[1, 3, 28]",3,0.4,0.6666666666666666,0.3333333333333333,1.0,0.0,301.60320496559143
3,30,300,5,0.5,1.0,2197.356621869396,iamb,2.0,10,log_loss,77.15340407830705,0.03511191734215131,0.0584994113215862,0.9991111111111112,0.47857142857142854,"[1, 3, 7, 11, 16]",5,0.8,0.8,0.2,1.0,0.0,305.58605313301086
3,30,300,5,0.5,1.0,2197.356621869396,bootstrap_l1,2.0,10,log_loss,0.0,0.0,0.2256535749252834,0.9666666666666666,0.43619047619047624,"[3, 19, 20, 24]",4,0.2,0.25,0.75,1.0,0.0,274.02222990989685
