seed,p,n,k_star,p_edge,noise_scale,mu_scale,q_source,K_multiplier,K,criterion,mu_star,mu_star_relative,log_loss_star,auc_star,stability_star,support,k_actual,S_recall,S_precision,C_inclusion,causal_precision,correlate_inclusion,fit_seconds
8,15,300,5,0.2,1.0,71.2389629917903,oracle,2.0,10,log_loss,0.712389629917903,0.01,0.11939815363518505,0.9937777777777779,0.7375793650793651,"[2, 3, 4, 5, 8, 9, 10]",7,1.0,0.7142857142857143,0.2857142857142857,0.8571428571428571,0.14285714285714285,176.24405193328857
8,15,300,5,0.2,1.0,71.2389629917903,uniform,2.0,10,log_loss,0.0,0.0,0.09432504925209488,0.9946666666666667,0.7897619047619047,"[2, 3, 4, 5, 8, 9, 10]",7,1.0,0.7142857142857143,0.2857142857142857,0.8571428571428571,0.14285714285714285,177.00310707092285
8,15,300,5,0.2,1.0,71.2389629917903,adversarial,2.0,10,log_loss,1.3348881004052278,0.01873817422860384,0.1018536263154534,0.9953333333333335,0.7658730158730158,"[2, 3, 4, 5, 8, 9, 10]",7,1.0,0.7142857142857143,0.2857142857142857,0.8571428571428571,0.14285714285714285,210.22539806365967
8,15,300,5,0.2,1.0,71.2389629917903,pc,2.0,10,log_loss,30.83764647033707,0.4328761281083057,0.11244136650785405,0.9955555555555555,0.7897619047619047,"[2, 3, 4, 5, 8, 9, 10, 14]",8,1.0,0.625,0.375,0.875,0.125,179.72326707839966
8,15,300,5,0.2,1.0,71.2389629917903,ges,2.0,10,log_loss,57.78411923612662,0.8111308307896868,0.09047483274688282,0.9946666666666667,0.8005952380952381,"[1, 2, 3, 4, 5, 8, 9, 10]",8,1.0,0.625,0.375,0.875,0.125,203.6439118385315
8,15,300,5,0.2,1.0,71.2389629917903,iamb,2.0,10,log_loss,1.3348881004052278,0.01873817422860384,0.12473562965547418,0.9917777777777779,0.7210173160173159,"[2, 3, 4, 5, 8, 9, 10]",7,1.0,0.7142857142857143,0.2857142857142857,0.8571428571428571,0.14285714285714285,184.7715940475464
8,15,300,5,0.2,1.0,71.2389629917903,bootstrap_l1,2.0,10,log_loss,57.78411923612662,0.8111308307896868,0.1282497462673758,0.9935555555555556,0.7761904761904762,"[2, 3, 4, 5, 8, 9, 10]",7,1.0,0.7142857142857143,0.2857142857142857,0.8571428571428571,0.14285714285714285,199.74879384040833
