seed,p,n,k_star,p_edge,noise_scale,mu_scale,q_source,K_multiplier,K,criterion,mu_star,mu_star_relative,log_loss_star,auc_star,stability_star,support,k_actual,S_recall,S_precision,C_inclusion,causal_precision,correlate_inclusion,fit_seconds
9,50,300,5,0.2,1.0,947.9638165631918,oracle,2.0,10,log_loss,33.284827170517076,0.03511191734215131,0.043317974653426634,0.9991111111111112,0.3568065268065268,"[11, 13, 15, 22, 25, 33, 39, 40]",8,0.6,0.375,0.625,1.0,0.0,325.57825994491577
9,50,300,5,0.2,1.0,947.9638165631918,uniform,2.0,10,log_loss,0.0,0.0,0.20506551991828098,0.9846666666666668,0.24187229437229435,"[17, 22, 28, 30, 39]",5,0.0,0.0,1.0,1.0,0.0,290.14461398124695
9,50,300,5,0.2,1.0,947.9638165631918,adversarial,2.0,10,log_loss,0.0,0.0,0.15130353948193204,0.9877777777777779,0.16869047619047622,"[17, 22, 28, 30, 39]",5,0.0,0.0,1.0,1.0,0.0,283.5600838661194
9,50,300,5,0.2,1.0,947.9638165631918,pc,2.0,10,log_loss,0.0,0.0,0.18217064520468368,0.9831111111111112,0.2351984126984127,"[17, 22, 28, 30, 39]",5,0.0,0.0,1.0,1.0,0.0,235.11460995674133
9,50,300,5,0.2,1.0,947.9638165631918,ges,2.0,10,log_loss,9.479638165631918,0.01,0.020265179392753723,1.0,0.7023809523809523,"[13, 15, 22, 25, 47]",5,0.8,0.8,0.2,1.0,0.0,202.1842749118805
9,50,300,5,0.2,1.0,947.9638165631918,iamb,2.0,10,log_loss,9.479638165631918,0.01,0.028031351096634894,0.9997777777777778,0.6875,"[13, 15, 22, 25, 47]",5,0.8,0.8,0.2,1.0,0.0,177.59625101089478
9,50,300,5,0.2,1.0,947.9638165631918,bootstrap_l1,2.0,10,log_loss,33.284827170517076,0.03511191734215131,0.02270874985855101,0.9995555555555555,0.6155555555555556,"[11, 15, 17, 24, 25, 29, 30, 39, 40]",9,0.6,0.3333333333333333,0.6666666666666666,1.0,0.0,135.79228901863098
