seed,p,n,k_star,p_edge,noise_scale,mu_scale,q_source,K_multiplier,K,criterion,mu_star,mu_star_relative,log_loss_star,auc_star,stability_star,support,k_actual,S_recall,S_precision,C_inclusion,causal_precision,correlate_inclusion,fit_seconds
1,30,300,5,0.2,1.0,128.95265180031151,oracle,2.0,10,log_loss,1.2895265180031152,0.01,0.10602478446380692,0.9937777777777776,0.6223196248196248,"[1, 7, 13, 15, 27, 29]",6,1.0,0.8333333333333334,0.16666666666666666,1.0,0.0,288.60904121398926
1,30,300,5,0.2,1.0,128.95265180031151,uniform,2.0,10,log_loss,0.0,0.0,0.1273662397058017,0.9924444444444445,0.5597619047619047,"[1, 7, 13, 15, 27, 29]",6,1.0,0.8333333333333334,0.16666666666666666,1.0,0.0,307.1259329319
1,30,300,5,0.2,1.0,128.95265180031151,adversarial,2.0,10,log_loss,0.0,0.0,0.0983599317472524,0.9959999999999999,0.6762878787878788,"[1, 7, 13, 15, 27, 29]",6,1.0,0.8333333333333334,0.16666666666666666,1.0,0.0,287.72681403160095
1,30,300,5,0.2,1.0,128.95265180031151,pc,2.0,10,log_loss,2.416337256674722,0.01873817422860384,0.06376879287298445,0.9975555555555555,0.7523809523809524,"[1, 7, 13, 15, 27, 29]",6,1.0,0.8333333333333334,0.16666666666666666,1.0,0.0,301.9658660888672
1,30,300,5,0.2,1.0,128.95265180031151,ges,2.0,10,log_loss,4.527774851063757,0.03511191734215131,0.0649174523756185,0.9968888888888889,0.7561507936507936,"[1, 7, 13, 15, 27]",5,1.0,1.0,0.0,1.0,0.0,302.7190101146698
1,30,300,5,0.2,1.0,128.95265180031151,iamb,2.0,10,log_loss,15.89788563144221,0.12328467394420659,0.06782914363002526,0.9982222222222223,0.7192460317460319,"[1, 7, 13, 15, 27, 29]",6,1.0,0.8333333333333334,0.16666666666666666,1.0,0.0,338.9877920150757
1,30,300,5,0.2,1.0,128.95265180031151,bootstrap_l1,2.0,10,log_loss,4.527774851063757,0.03511191734215131,0.10976412190419962,0.9991111111111112,0.7242063492063492,"[1, 7, 11, 13, 15, 27, 29]",7,1.0,0.7142857142857143,0.2857142857142857,1.0,0.0,333.6648759841919
