seed,p,n,k_star,p_edge,noise_scale,mu_scale,q_source,K_multiplier,K,criterion,mu_star,mu_star_relative,log_loss_star,auc_star,stability_star,support,k_actual,S_recall,S_precision,C_inclusion,causal_precision,correlate_inclusion,fit_seconds
12,30,300,5,0.4,1.0,1747.9705936851497,oracle,2.0,10,log_loss,17.4797059368515,0.010000000000000002,0.02058642674286238,1.0,0.6921212121212121,"[0, 2, 5, 8, 9, 11, 24, 27, 29]",9,1.0,0.5555555555555556,0.4444444444444444,0.8888888888888888,0.1111111111111111,294.37585401535034
12,30,300,5,0.4,1.0,1747.9705936851497,uniform,2.0,10,log_loss,0.0,0.0,0.018757393915968878,1.0,0.625,"[0, 2, 8, 9, 16, 27]",6,0.4,0.3333333333333333,0.6666666666666666,0.8333333333333334,0.16666666666666666,333.5427088737488
12,30,300,5,0.4,1.0,1747.9705936851497,adversarial,2.0,10,log_loss,0.0,0.0,0.03148984630646783,0.9988888888888889,0.536547619047619,"[0, 2, 8, 9, 16, 27]",6,0.4,0.3333333333333333,0.6666666666666666,0.8333333333333334,0.16666666666666666,316.2498371601105
12,30,300,5,0.4,1.0,1747.9705936851497,pc,2.0,10,log_loss,17.4797059368515,0.010000000000000002,0.02712376333143306,0.9993333333333332,0.37977272727272726,"[0, 2, 5, 13, 16, 23, 27, 28]",8,0.4,0.25,0.75,0.875,0.125,310.23771381378174
12,30,300,5,0.4,1.0,1747.9705936851497,ges,2.0,10,log_loss,17.4797059368515,0.010000000000000002,0.02624397429106185,1.0,0.5380952380952381,"[0, 5, 8, 24, 29]",5,0.8,0.8,0.2,1.0,0.0,321.8140308856964
12,30,300,5,0.4,1.0,1747.9705936851497,iamb,2.0,10,log_loss,0.0,0.0,0.018810854498459612,1.0,0.6744047619047618,"[0, 2, 8, 9, 16, 27]",6,0.4,0.3333333333333333,0.6666666666666666,0.8333333333333334,0.16666666666666666,311.563668012619
12,30,300,5,0.4,1.0,1747.9705936851497,bootstrap_l1,2.0,10,log_loss,215.49798470653488,0.12328467394420659,0.01309262171140117,1.0,0.9,"[0, 2, 8, 9, 11, 16, 27]",7,0.6,0.42857142857142855,0.5714285714285714,0.8571428571428571,0.14285714285714285,308.6885287761688
