seed,p,n,k_star,p_edge,noise_scale,mu_scale,q_source,K_multiplier,K,criterion,mu_star,mu_star_relative,log_loss_star,auc_star,stability_star,support,k_actual,S_recall,S_precision,C_inclusion,causal_precision,correlate_inclusion,fit_seconds
6,30,1000,5,0.2,1.0,1543.9382332903633,oracle,2.0,10,log_loss,15.439382332903634,0.01,0.07619694684582581,0.9964999999999999,0.5682539682539682,"[9, 19, 21, 23, 29]",5,0.8,0.8,0.2,1.0,0.0,564.4511368274689
6,30,1000,5,0.2,1.0,1543.9382332903633,uniform,2.0,10,log_loss,0.0,0.0,0.06609753533140325,0.9973000000000001,0.7477777777777777,"[3, 11, 19, 21, 23, 24, 29]",7,0.8,0.5714285714285714,0.42857142857142855,0.8571428571428571,0.14285714285714285,597.7106602191925
6,30,1000,5,0.2,1.0,1543.9382332903633,adversarial,2.0,10,log_loss,0.0,0.0,0.07409473693164284,0.99688,0.602527195027195,"[3, 11, 19, 21, 23, 24, 29]",7,0.8,0.5714285714285714,0.42857142857142855,0.8571428571428571,0.14285714285714285,571.2460570335388
6,30,1000,5,0.2,1.0,1543.9382332903633,pc,2.0,10,log_loss,0.0,0.0,0.06828285980068667,0.99732,0.6367424242424241,"[3, 11, 19, 21, 23, 24, 29]",7,0.8,0.5714285714285714,0.42857142857142855,0.8571428571428571,0.14285714285714285,556.4420731067657
6,30,1000,5,0.2,1.0,1543.9382332903633,ges,2.0,10,log_loss,0.0,0.0,0.07415420445178877,0.9966200000000001,0.5896736596736597,"[3, 11, 19, 21, 23, 24, 29]",7,0.8,0.5714285714285714,0.42857142857142855,0.8571428571428571,0.14285714285714285,576.5744457244873
6,30,1000,5,0.2,1.0,1543.9382332903633,iamb,2.0,10,log_loss,28.93058361359763,0.01873817422860384,0.07383214209402351,0.9963200000000001,0.6545634920634921,"[10, 19, 21, 23, 24, 29]",6,0.8,0.6666666666666666,0.3333333333333333,1.0,0.0,533.5285792350769
6,30,1000,5,0.2,1.0,1543.9382332903633,bootstrap_l1,2.0,10,log_loss,190.3439216811968,0.12328467394420659,0.07477482741017025,0.99656,0.736111111111111,"[3, 9, 10, 19, 21, 23, 29]",7,0.8,0.5714285714285714,0.42857142857142855,1.0,0.0,588.5304751396179
