seed,p,n,k_star,p_edge,noise_scale,mu_scale,q_source,K_multiplier,K,criterion,mu_star,mu_star_relative,log_loss_star,auc_star,stability_star,support,k_actual,S_recall,S_precision,C_inclusion,causal_precision,correlate_inclusion,fit_seconds
11,30,300,5,0.3,1.0,341.4490471416383,oracle,2.0,10,log_loss,6.398131735530784,0.01873817422860384,0.04165657258820223,0.9995555555555555,0.63010101010101,"[8, 9, 13, 17, 25, 27, 28]",7,0.8,0.5714285714285714,0.42857142857142855,1.0,0.0,284.5285863876343
11,30,300,5,0.3,1.0,341.4490471416383,uniform,2.0,10,log_loss,0.0,0.0,0.10134595571639882,0.998,0.36812742812742816,"[1, 4, 5, 8, 25, 27, 28, 29]",8,0.4,0.25,0.75,1.0,0.0,288.1772861480713
11,30,300,5,0.3,1.0,341.4490471416383,adversarial,2.0,10,log_loss,0.0,0.0,0.03899021318454014,0.9995555555555555,0.3662878787878788,"[1, 4, 5, 8, 25, 27, 28, 29]",8,0.4,0.25,0.75,1.0,0.0,278.5582971572876
11,30,300,5,0.3,1.0,341.4490471416383,pc,2.0,10,log_loss,6.398131735530784,0.01873817422860384,0.0357556848486502,0.9995555555555555,0.4245454545454545,"[4, 5, 7, 8, 12, 13, 20, 27, 29]",9,0.2,0.1111111111111111,0.8888888888888888,1.0,0.0,284.6396701335907
11,30,300,5,0.3,1.0,341.4490471416383,ges,2.0,10,log_loss,3.414490471416383,0.01,0.03552732038666572,0.9991111111111112,0.6637878787878788,"[7, 8, 9, 13, 17, 18, 22, 24, 28, 29]",10,1.0,0.5,0.5,1.0,0.0,278.1905071735382
11,30,300,5,0.3,1.0,341.4490471416383,iamb,2.0,10,log_loss,3.414490471416383,0.01,0.027481039649500466,1.0,0.5954545454545455,"[5, 8, 9, 16, 18, 20, 21, 25, 28]",9,0.8,0.4444444444444444,0.5555555555555556,1.0,0.0,305.09598994255066
11,30,300,5,0.3,1.0,341.4490471416383,bootstrap_l1,2.0,10,log_loss,42.0954344454169,0.12328467394420659,0.023727666370423256,1.0,0.7272222222222222,"[1, 5, 7, 8, 16, 17, 27, 28]",8,0.6,0.375,0.625,1.0,0.0,309.43980503082275
