seed,p,n,k_star,p_edge,noise_scale,mu_scale,q_source,K_multiplier,K,criterion,mu_star,mu_star_relative,log_loss_star,auc_star,stability_star,support,k_actual,S_recall,S_precision,C_inclusion,causal_precision,correlate_inclusion,fit_seconds
0,30,200,5,0.2,1.0,199.02139174198015,oracle,2.0,10,log_loss,1.9902139174198015,0.01,0.06231613412916215,0.999,0.6877777777777777,"[2, 4, 8, 10, 17, 21, 22, 25]",8,1.0,0.625,0.375,1.0,0.0,172.5817747116089
0,30,200,5,0.2,1.0,199.02139174198015,uniform,2.0,10,log_loss,0.0,0.0,0.22219970329028693,0.9925,0.32885114885114886,"[4, 7, 8, 10, 11, 12, 14, 17, 23]",9,0.4,0.2222222222222222,0.7777777777777778,0.8888888888888888,0.1111111111111111,231.40711498260498
0,30,200,5,0.2,1.0,199.02139174198015,adversarial,2.0,10,log_loss,1.9902139174198015,0.01,0.10384734950755488,0.998,0.42061688311688306,"[4, 7, 8, 11, 14, 17, 25]",7,0.2,0.14285714285714285,0.8571428571428571,0.8571428571428571,0.14285714285714285,228.05424904823303
0,30,200,5,0.2,1.0,199.02139174198015,pc,2.0,10,log_loss,13.094278604463806,0.0657933224657568,0.09263401890910675,0.993,0.4507992007992009,"[0, 2, 4, 8, 9, 10, 17, 22, 25]",9,0.8,0.4444444444444444,0.5555555555555556,1.0,0.0,278.27829217910767
0,30,200,5,0.2,1.0,199.02139174198015,ges,2.0,10,log_loss,3.7292975136804416,0.01873817422860384,0.057106806436067345,0.9984999999999999,0.4801839826839826,"[2, 3, 6, 7, 10, 16, 17, 22, 23]",9,0.8,0.4444444444444444,0.5555555555555556,0.8888888888888888,0.1111111111111111,341.7986569404602
0,30,200,5,0.2,1.0,199.02139174198015,iamb,2.0,10,log_loss,13.094278604463806,0.0657933224657568,0.04976623307066656,0.9970000000000001,0.6566666666666665,"[0, 2, 8, 9, 10, 17, 21, 22, 23]",9,1.0,0.5555555555555556,0.4444444444444444,1.0,0.0,327.0603120326996
0,30,200,5,0.2,1.0,199.02139174198015,bootstrap_l1,2.0,10,log_loss,0.0,0.0,0.042821585396269866,0.998,0.5311111111111111,"[4, 7, 8, 10, 11, 12, 14, 17, 23]",9,0.4,0.2222222222222222,0.7777777777777778,0.8888888888888888,0.1111111111111111,284.0219042301178
