seed,p,n,k_star,p_edge,noise_scale,mu_scale,q_source,K_multiplier,K,criterion,mu_star,mu_star_relative,log_loss_star,auc_star,stability_star,support,k_actual,S_recall,S_precision,C_inclusion,causal_precision,correlate_inclusion,fit_seconds
11,30,300,5,0.2,1.0,361.40791749345817,oracle,2.0,10,log_loss,3.6140791749345818,0.01,0.039301219651039124,0.9988888888888889,0.4436130536130536,"[0, 2, 4, 5, 8, 9, 17, 18, 29]",9,0.8,0.4444444444444444,0.5555555555555556,1.0,0.0,258.56280183792114
11,30,300,5,0.2,1.0,361.40791749345817,uniform,2.0,10,log_loss,0.0,0.0,0.07819112393652496,0.9953333333333333,0.3950252525252525,"[2, 4, 5, 8, 9, 27]",6,0.4,0.3333333333333333,0.6666666666666666,1.0,0.0,251.97937393188477
11,30,300,5,0.2,1.0,361.40791749345817,adversarial,2.0,10,log_loss,3.6140791749345818,0.01,0.07440225794362072,0.9973333333333333,0.454090909090909,"[0, 1, 2, 3, 4, 12, 13, 27]",8,0.0,0.0,1.0,1.0,0.0,250.2051341533661
11,30,300,5,0.2,1.0,361.40791749345817,pc,2.0,10,log_loss,1029.3027121580549,2.8480358684357996,0.024803258245657017,0.9995555555555555,0.5222222222222223,"[0, 2, 3, 4, 5, 8, 9, 10, 18, 25]",10,0.6,0.3,0.7,1.0,0.0,239.3852231502533
11,30,300,5,0.2,1.0,361.40791749345817,ges,2.0,10,log_loss,12.689724925829342,0.03511191734215131,0.025026453602607145,0.9997777777777778,0.7678571428571429,"[2, 4, 8, 9, 13, 27, 28]",7,0.6,0.42857142857142855,0.5714285714285714,1.0,0.0,277.13198018074036
11,30,300,5,0.2,1.0,361.40791749345817,iamb,2.0,10,log_loss,44.556057269035705,0.12328467394420659,0.035708296727275754,0.9995555555555555,0.5887878787878786,"[7, 8, 9, 13, 17, 18, 27, 28]",8,1.0,0.625,0.375,1.0,0.0,268.51500368118286
11,30,300,5,0.2,1.0,361.40791749345817,bootstrap_l1,2.0,10,log_loss,6.772124525589301,0.01873817422860384,0.025983568912243564,0.9993333333333332,0.650595238095238,"[2, 4, 5, 8, 9, 12, 27]",7,0.4,0.2857142857142857,0.7142857142857143,1.0,0.0,311.6276512145996
