seed,p,n,k_star,p_edge,noise_scale,mu_scale,q_source,K_multiplier,K,criterion,mu_star,mu_star_relative,log_loss_star,auc_star,stability_star,support,k_actual,S_recall,S_precision,C_inclusion,causal_precision,correlate_inclusion,fit_seconds
4,30,300,5,0.1,1.0,87.26178563464222,oracle,2.0,10,log_loss,0.0,0.0,0.12145164008815561,0.9946666666666667,0.5636863136863137,"[5, 6, 7, 8, 12, 20, 23, 26, 27, 29]",10,1.0,0.5,0.3,0.8,0.0,277.2955298423767
4,30,300,5,0.1,1.0,87.26178563464222,uniform,2.0,10,log_loss,0.0,0.0,0.14095797201395255,0.9935555555555556,0.42527472527472526,"[5, 6, 7, 8, 12, 20, 23, 26, 27, 29]",10,1.0,0.5,0.3,0.8,0.0,481.4546401500702
4,30,300,5,0.1,1.0,87.26178563464222,adversarial,2.0,10,log_loss,0.0,0.0,0.11660887790849714,0.9973333333333333,0.5591608391608393,"[5, 6, 7, 8, 12, 20, 23, 26, 27, 29]",10,1.0,0.5,0.3,0.8,0.0,521.009712934494
4,30,300,5,0.1,1.0,87.26178563464222,pc,2.0,10,log_loss,37.7735438973409,0.4328761281083057,0.09801128049259061,0.9951111111111113,0.6221134421134422,"[5, 6, 7, 8, 12, 13, 20, 26, 27, 29]",10,1.0,0.5,0.4,0.9,0.0,473.9035949707031
4,30,300,5,0.1,1.0,87.26178563464222,ges,2.0,10,log_loss,70.78072467801891,0.811130830789687,0.07670053629674545,0.9964444444444445,0.6565656565656566,"[5, 7, 8, 20, 26, 27, 29]",7,1.0,0.7142857142857143,0.2857142857142857,1.0,0.0,522.0103571414948
4,30,300,5,0.1,1.0,87.26178563464222,iamb,2.0,10,log_loss,10.758040789756116,0.12328467394420657,0.08250303108640573,0.9962222222222221,0.6667063492063492,"[7, 8, 18, 20, 27, 29]",6,1.0,0.8333333333333334,0.16666666666666666,1.0,0.0,32846.540444135666
4,30,300,5,0.1,1.0,87.26178563464222,bootstrap_l1,2.0,10,log_loss,20.158604267687696,0.23101297000831592,0.09659346334364456,0.9955555555555555,0.6040909090909091,"[5, 6, 7, 8, 13, 20, 26, 27, 29]",9,1.0,0.5555555555555556,0.3333333333333333,0.8888888888888888,0.0,333.58660197257996
