seed,p,n,k_star,p_edge,noise_scale,mu_scale,q_source,K_multiplier,K,criterion,mu_star,mu_star_relative,log_loss_star,auc_star,stability_star,support,k_actual,S_recall,S_precision,C_inclusion,causal_precision,correlate_inclusion,fit_seconds
7,30,300,3,0.2,1.0,211.2554263704194,oracle,2.0,6,log_loss,2.112554263704194,0.009999999999999998,0.04114289240381377,0.9991111111111112,0.6571428571428573,"[6, 8, 9, 17, 28, 29]",6,1.0,0.5,0.5,1.0,0.0,106.59008622169495
7,30,300,3,0.2,1.0,211.2554263704194,uniform,2.0,6,log_loss,0.0,0.0,0.02668349638998238,0.9993333333333332,0.6333333333333333,"[6, 8, 9, 17, 28, 29]",6,1.0,0.5,0.5,1.0,0.0,111.519296169281
7,30,300,3,0.2,1.0,211.2554263704194,adversarial,2.0,6,log_loss,0.0,0.0,0.038353295886586626,0.9984444444444446,0.48011904761904756,"[6, 8, 9, 17, 28, 29]",6,1.0,0.5,0.5,1.0,0.0,119.29271388053894
7,30,300,3,0.2,1.0,211.2554263704194,pc,2.0,6,log_loss,0.0,0.0,0.0509605048851129,0.998,0.40051948051948055,"[6, 8, 9, 17, 28, 29]",6,1.0,0.5,0.5,1.0,0.0,109.45493483543396
7,30,300,3,0.2,1.0,211.2554263704194,ges,2.0,6,log_loss,0.0,0.0,0.03843326561180792,0.9997777777777778,0.47793650793650794,"[6, 8, 9, 17, 28, 29]",6,1.0,0.5,0.5,1.0,0.0,94.54484796524048
7,30,300,3,0.2,1.0,211.2554263704194,iamb,2.0,6,log_loss,2.112554263704194,0.009999999999999998,0.02600908993930947,0.9993333333333332,0.6571428571428573,"[6, 8, 9, 17, 28, 29]",6,1.0,0.5,0.5,1.0,0.0,105.49616312980652
7,30,300,3,0.2,1.0,211.2554263704194,bootstrap_l1,2.0,6,log_loss,26.0445563590215,0.12328467394420659,0.04605224798616003,0.9993333333333334,0.7904761904761906,"[6, 8, 9, 17, 28, 29]",6,1.0,0.5,0.5,1.0,0.0,99.63043785095215
