seed,p,n,k_star,p_edge,noise_scale,mu_scale,q_source,K_multiplier,K,criterion,mu_star,mu_star_relative,log_loss_star,auc_star,stability_star,support,k_actual,S_recall,S_precision,C_inclusion,causal_precision,correlate_inclusion,fit_seconds
9,30,300,5,0.4,1.0,2496.3645571284096,oracle,2.0,10,log_loss,24.963645571284097,0.01,0.11573742803725744,0.9977777777777778,0.520952380952381,"[20, 21, 27, 28]",4,0.2,0.25,0.75,1.0,0.0,295.04139494895935
9,30,300,5,0.4,1.0,2496.3645571284096,uniform,2.0,10,log_loss,0.0,0.0,0.13438319249869363,0.994,0.3319047619047619,"[14, 21, 27, 28]",4,0.0,0.0,1.0,1.0,0.0,341.0003960132599
9,30,300,5,0.4,1.0,2496.3645571284096,adversarial,2.0,10,log_loss,24.963645571284097,0.01,0.05626371023976513,0.9984444444444446,0.36031746031746026,"[14, 21, 27, 28]",4,0.0,0.0,1.0,1.0,0.0,334.64218187332153
9,30,300,5,0.4,1.0,2496.3645571284096,pc,2.0,10,log_loss,164.2441182992356,0.0657933224657568,0.07613877144501696,0.9984444444444444,0.4602380952380953,"[14, 21]",2,0.0,0.0,1.0,1.0,0.0,312.2037079334259
9,30,300,5,0.4,1.0,2496.3645571284096,ges,2.0,10,log_loss,24.963645571284097,0.01,0.03643610023827074,1.0,0.4999999999999999,"[14, 16, 21, 22]",4,0.2,0.25,0.75,1.0,0.0,329.79767394065857
9,30,300,5,0.4,1.0,2496.3645571284096,iamb,2.0,10,log_loss,24.963645571284097,0.01,0.041036802647415896,0.9984444444444444,0.5092857142857143,"[16, 28]",2,0.2,0.5,0.5,1.0,0.0,353.39175605773926
9,30,300,5,0.4,1.0,2496.3645571284096,bootstrap_l1,2.0,10,log_loss,0.0,0.0,0.05766057250432009,0.9995555555555555,0.3775,"[14, 21, 27, 28]",4,0.0,0.0,1.0,1.0,0.0,310.70347023010254
