seed,p,n,k_star,p_edge,noise_scale,mu_scale,q_source,K_multiplier,K,criterion,mu_star,mu_star_relative,log_loss_star,auc_star,stability_star,support,k_actual,S_recall,S_precision,C_inclusion,causal_precision,correlate_inclusion,fit_seconds
10,30,300,5,0.7,1.0,9910.212475188286,oracle,2.0,10,log_loss,99.10212475188285,0.01,0.1544931286010036,0.9973333333333333,0.7166666666666667,"[9, 10]",2,0.2,0.5,0.5,1.0,0.0,295.5627660751343
10,30,300,5,0.7,1.0,9910.212475188286,uniform,2.0,10,log_loss,0.0,0.0,0.44023204040500746,0.9339999999999999,0.5483333333333335,"[0, 4, 9, 17]",4,0.0,0.0,1.0,1.0,0.0,306.23917627334595
10,30,300,5,0.7,1.0,9910.212475188286,adversarial,2.0,10,log_loss,0.0,0.0,0.244314347416586,0.9917777777777778,0.4133333333333334,"[0, 4, 9, 17]",4,0.0,0.0,1.0,1.0,0.0,299.9136600494385
10,30,300,5,0.7,1.0,9910.212475188286,pc,2.0,10,log_loss,99.10212475188285,0.01,0.46226117724945553,0.9095555555555557,0.5666666666666667,"[9, 10, 26]",3,0.2,0.3333333333333333,0.6666666666666666,1.0,0.0,319.0242910385132
10,30,300,5,0.7,1.0,9910.212475188286,ges,2.0,10,log_loss,99.10212475188285,0.01,0.03005272796789542,1.0,0.7,"[14, 16, 22]",3,0.2,0.3333333333333333,0.6666666666666666,1.0,0.0,325.9579999446869
10,30,300,5,0.7,1.0,9910.212475188286,iamb,2.0,10,log_loss,0.0,0.0,0.10536776628385207,0.9986666666666666,0.43345238095238103,"[0, 4, 9, 17]",4,0.0,0.0,1.0,1.0,0.0,310.6876118183136
10,30,300,5,0.7,1.0,9910.212475188286,bootstrap_l1,2.0,10,log_loss,99.10212475188285,0.01,0.0813561492756775,0.9997777777777778,1.0,"[0, 9, 10]",3,0.2,0.3333333333333333,0.6666666666666666,1.0,0.0,305.72148609161377
