seed,p,n,k_star,p_edge,noise_scale,mu_scale,q_source,K_multiplier,K,criterion,mu_star,mu_star_relative,log_loss_star,auc_star,stability_star,support,k_actual,S_recall,S_precision,C_inclusion,causal_precision,correlate_inclusion,fit_seconds
4,30,300,3,0.2,1.0,120.46546833912595,oracle,2.0,6,log_loss,0.0,0.0,0.036449852367723655,0.9991111111111112,0.5738095238095238,"[6, 7, 20, 24, 29]",5,1.0,0.6,0.4,0.8,0.2,103.9085259437561
4,30,300,3,0.2,1.0,120.46546833912595,uniform,2.0,6,log_loss,0.0,0.0,0.038814864682223046,0.9995555555555555,0.5427380952380952,"[6, 7, 20, 24, 29]",5,1.0,0.6,0.4,0.8,0.2,109.38616704940796
4,30,300,3,0.2,1.0,120.46546833912595,adversarial,2.0,6,log_loss,0.0,0.0,0.053546490060529285,0.9975555555555555,0.5195238095238095,"[6, 7, 20, 24, 29]",5,1.0,0.6,0.4,0.8,0.2,105.41285300254822
4,30,300,3,0.2,1.0,120.46546833912595,pc,2.0,6,log_loss,4.229773566906935,0.03511191734215131,0.04064407644405958,0.9993333333333332,0.5714285714285714,"[7, 20, 23, 26, 29]",5,1.0,0.6,0.4,1.0,0.0,155.74148607254028
4,30,300,3,0.2,1.0,120.46546833912595,ges,2.0,6,log_loss,2.257302934268902,0.01873817422860384,0.033435529155440055,1.0,0.635,"[1, 7, 20, 29]",4,1.0,0.75,0.25,1.0,0.0,233.699401140213
4,30,300,3,0.2,1.0,120.46546833912595,iamb,2.0,6,log_loss,0.0,0.0,0.037372916799529324,0.9997777777777778,0.6761904761904762,"[6, 7, 20, 24, 29]",5,1.0,0.6,0.4,0.8,0.2,237.42306900024414
4,30,300,3,0.2,1.0,120.46546833912595,bootstrap_l1,2.0,6,log_loss,4.229773566906935,0.03511191734215131,0.04072544780329587,0.9991111111111112,0.49940476190476185,"[1, 7, 20, 29]",4,1.0,0.75,0.25,1.0,0.0,225.2205879688263
