seed,p,n,k_star,p_edge,noise_scale,mu_scale,q_source,K_multiplier,K,criterion,mu_star,mu_star_relative,log_loss_star,auc_star,stability_star,support,k_actual,S_recall,S_precision,C_inclusion,causal_precision,correlate_inclusion,fit_seconds
0,30,300,7,0.2,1.0,149.49599369201104,oracle,2.0,14,log_loss,0.0,0.0,0.10597319844804517,0.9957777777777779,0.643939393939394,"[2, 3, 7, 8, 10, 14, 17, 21, 22, 23, 25]",11,1.0,0.6363636363636364,0.36363636363636365,1.0,0.0,509.1948699951172
0,30,300,7,0.2,1.0,149.49599369201104,uniform,2.0,14,log_loss,0.0,0.0,0.09175961185311976,0.9964444444444446,0.6741758241758242,"[2, 3, 7, 8, 10, 14, 17, 21, 22, 23, 25]",11,1.0,0.6363636363636364,0.36363636363636365,1.0,0.0,514.1282517910004
0,30,300,7,0.2,1.0,149.49599369201104,adversarial,2.0,14,log_loss,0.0,0.0,0.07251082856011053,0.9977777777777778,0.7265934065934065,"[2, 3, 7, 8, 10, 14, 17, 21, 22, 23, 25]",11,1.0,0.6363636363636364,0.36363636363636365,1.0,0.0,492.6298499107361
0,30,300,7,0.2,1.0,149.49599369201104,pc,2.0,14,log_loss,18.430564838284745,0.12328467394420659,0.08689870060945856,0.9951111111111111,0.7687912087912088,"[7, 8, 10, 11, 12, 14, 17, 18, 20, 21, 22, 23, 25]",13,0.8571428571428571,0.46153846153846156,0.5384615384615384,1.0,0.0,482.9110701084137
0,30,300,7,0.2,1.0,149.49599369201104,ges,2.0,14,log_loss,2.8012819762791636,0.01873817422860384,0.07327306389585392,0.9966666666666667,0.7622610722610723,"[2, 7, 10, 12, 14, 17, 21, 22, 23, 25]",10,1.0,0.7,0.3,1.0,0.0,491.04257321357727
0,30,300,7,0.2,1.0,149.49599369201104,iamb,2.0,14,log_loss,5.249090973496664,0.03511191734215131,0.03997651084082614,0.9997777777777778,0.7857575757575758,"[2, 3, 8, 10, 12, 14, 17, 21, 22, 25]",10,1.0,0.7,0.3,1.0,0.0,496.7718257904053
0,30,300,7,0.2,1.0,149.49599369201104,bootstrap_l1,2.0,14,log_loss,227.22061766954937,1.5199110829529332,0.05043236022953852,0.9993333333333334,0.8659340659340661,"[3, 7, 10, 11, 12, 14, 17, 20, 21, 22, 23, 25]",12,0.8571428571428571,0.5,0.5,1.0,0.0,505.8970980644226
