seed,p,n,k_star,p_edge,noise_scale,mu_scale,q_source,K_multiplier,K,criterion,mu_star,mu_star_relative,log_loss_star,auc_star,stability_star,support,k_actual,S_recall,S_precision,C_inclusion,causal_precision,correlate_inclusion,fit_seconds
6,30,300,5,0.5,1.0,5131.745399054464,oracle,2.0,10,log_loss,0.0,0.0,0.016122344295940783,0.9997777777777778,0.5392857142857143,"[2, 3, 9, 11, 16, 23]",6,0.2,0.16666666666666666,0.8333333333333334,1.0,0.0,347.6949350833893
6,30,300,5,0.5,1.0,5131.745399054464,uniform,2.0,10,log_loss,0.0,0.0,0.015722867255902516,0.9995555555555555,0.5157142857142857,"[2, 3, 9, 11, 16, 23]",6,0.2,0.16666666666666666,0.8333333333333334,1.0,0.0,348.24531292915344
6,30,300,5,0.5,1.0,5131.745399054464,adversarial,2.0,10,log_loss,51.317453990544635,0.01,0.02389970503339296,0.9997777777777778,0.5904761904761905,"[1, 2, 3, 9, 11, 16]",6,0.0,0.0,1.0,1.0,0.0,352.5364348888397
6,30,300,5,0.5,1.0,5131.745399054464,pc,2.0,10,log_loss,0.0,0.0,0.016350708968022758,1.0,0.5409523809523809,"[2, 3, 9, 11, 16, 23]",6,0.2,0.16666666666666666,0.8333333333333334,1.0,0.0,339.78319096565247
6,30,300,5,0.5,1.0,5131.745399054464,ges,2.0,10,log_loss,0.0,0.0,0.011394269869610906,1.0,0.5386904761904762,"[2, 3, 9, 11, 16, 23]",6,0.2,0.16666666666666666,0.8333333333333334,1.0,0.0,340.74142932891846
6,30,300,5,0.5,1.0,5131.745399054464,iamb,2.0,10,log_loss,51.317453990544635,0.01,0.008167650560028314,1.0,0.8333333333333334,"[7, 9, 15, 20, 23, 29]",6,0.6,0.5,0.5,1.0,0.0,343.74345231056213
6,30,300,5,0.5,1.0,5131.745399054464,bootstrap_l1,2.0,10,log_loss,0.0,0.0,0.019852067141290654,0.9988888888888889,0.7014285714285714,"[2, 3, 9, 11, 16, 23]",6,0.2,0.16666666666666666,0.8333333333333334,1.0,0.0,353.0172553062439
