seed,p,n,k_star,p_edge,noise_scale,mu_scale,q_source,K_multiplier,K,criterion,mu_star,mu_star_relative,log_loss_star,auc_star,stability_star,support,k_actual,S_recall,S_precision,C_inclusion,causal_precision,correlate_inclusion,fit_seconds
18,30,300,5,0.1,1.0,49.92866721885643,oracle,2.0,10,log_loss,0.0,0.0,0.10127703622558841,0.9948888888888888,0.4155677655677656,"[4, 8, 10, 11, 13, 18, 19]",7,0.8,0.5714285714285714,0.42857142857142855,0.8571428571428571,0.14285714285714285,319.6818630695343
18,30,300,5,0.1,1.0,49.92866721885643,uniform,2.0,10,log_loss,0.0,0.0,0.08864121901109549,0.9957777777777779,0.5266133866133866,"[4, 8, 10, 11, 13, 18, 19]",7,0.8,0.5714285714285714,0.42857142857142855,0.8571428571428571,0.14285714285714285,293.62031626701355
18,30,300,5,0.1,1.0,49.92866721885643,adversarial,2.0,10,log_loss,0.0,0.0,0.0940226984271841,0.9937777777777776,0.43206793206793204,"[4, 8, 10, 11, 13, 18, 19]",7,0.8,0.5714285714285714,0.42857142857142855,0.8571428571428571,0.14285714285714285,302.2464499473572
18,30,300,5,0.1,1.0,49.92866721885643,pc,2.0,10,log_loss,0.0,0.0,0.09031123270031297,0.9962222222222221,0.43755577755577757,"[4, 8, 10, 11, 13, 18, 19]",7,0.8,0.5714285714285714,0.42857142857142855,0.8571428571428571,0.14285714285714285,286.9208068847656
18,30,300,5,0.1,1.0,49.92866721885643,ges,2.0,10,log_loss,40.49868132145282,0.8111308307896868,0.05605913838549229,0.9975555555555555,0.6372222222222221,"[4, 5, 8, 10, 11, 13, 24]",7,1.0,0.7142857142857143,0.2857142857142857,1.0,0.0,286.4209260940552
18,30,300,5,0.1,1.0,49.92866721885643,iamb,2.0,10,log_loss,11.534169702784867,0.23101297000831592,0.08747575710509957,0.9968888888888889,0.5455555555555556,"[2, 4, 10, 11, 13, 18, 24]",7,1.0,0.7142857142857143,0.2857142857142857,0.8571428571428571,0.14285714285714285,259.9399688243866
18,30,300,5,0.1,1.0,49.92866721885643,bootstrap_l1,2.0,10,log_loss,142.1986351024978,2.848035868435799,0.07135061060594203,0.9984444444444444,0.6617063492063492,"[4, 6, 8, 10, 11, 13, 18]",7,0.8,0.5714285714285714,0.42857142857142855,0.7142857142857143,0.2857142857142857,298.9230010509491
