seed,p,n,k_star,p_edge,noise_scale,mu_scale,q_source,K_multiplier,K,criterion,mu_star,mu_star_relative,log_loss_star,auc_star,stability_star,support,k_actual,S_recall,S_precision,C_inclusion,causal_precision,correlate_inclusion,fit_seconds
18,30,300,5,0.6,1.0,6928.625146099948,oracle,2.0,10,log_loss,0.0,0.0,0.11951048201176093,0.9940000000000001,0.33166666666666667,"[10, 26]",2,0.2,0.5,0.5,1.0,0.0,319.54860281944275
18,30,300,5,0.6,1.0,6928.625146099948,uniform,2.0,10,log_loss,0.0,0.0,0.10353218312170502,0.9962222222222223,0.25261904761904763,"[10, 26]",2,0.2,0.5,0.5,1.0,0.0,345.29418206214905
18,30,300,5,0.6,1.0,6928.625146099948,adversarial,2.0,10,log_loss,69.28625146099948,0.01,0.13359889712077433,0.9886666666666667,0.19976190476190475,"[2, 26]",2,0.0,0.0,1.0,1.0,0.0,349.66853880882263
18,30,300,5,0.6,1.0,6928.625146099948,pc,2.0,10,log_loss,0.0,0.0,0.09976616788079994,0.9948888888888889,0.330952380952381,"[10, 26]",2,0.2,0.5,0.5,1.0,0.0,362.12786412239075
18,30,300,5,0.6,1.0,6928.625146099948,ges,2.0,10,log_loss,0.0,0.0,0.17644973497385924,0.9893333333333334,0.22773809523809524,"[10, 26]",2,0.2,0.5,0.5,1.0,0.0,311.9986708164215
18,30,300,5,0.6,1.0,6928.625146099948,iamb,2.0,10,log_loss,0.0,0.0,0.1963930837678476,0.9848888888888888,0.2869047619047619,"[10, 26]",2,0.2,0.5,0.5,1.0,0.0,314.9175498485565
18,30,300,5,0.6,1.0,6928.625146099948,bootstrap_l1,2.0,10,log_loss,0.0,0.0,0.09306047418903804,0.9913333333333334,0.2804761904761905,"[10, 26]",2,0.2,0.5,0.5,1.0,0.0,354.19898104667664
