seed,p,n,k_star,p_edge,noise_scale,mu_scale,q_source,K_multiplier,K,criterion,mu_star,mu_star_relative,log_loss_star,auc_star,stability_star,support,k_actual,S_recall,S_precision,C_inclusion,causal_precision,correlate_inclusion,fit_seconds
6,30,300,5,0.3,1.0,265.2154104250701,oracle,2.0,10,log_loss,2.6521541042507013,0.01,0.02990638566955157,0.9991111111111112,0.5160858585858585,"[2, 3, 7, 19, 21, 23, 25]",7,0.8,0.5714285714285714,0.42857142857142855,1.0,0.0,320.35483479499817
6,30,300,5,0.3,1.0,265.2154104250701,uniform,2.0,10,log_loss,0.0,0.0,0.05140442241118679,0.9975555555555555,0.3823196248196248,"[2, 7, 9, 12, 24]",5,0.2,0.2,0.8,1.0,0.0,335.1950001716614
6,30,300,5,0.3,1.0,265.2154104250701,adversarial,2.0,10,log_loss,0.0,0.0,0.04717472193991064,0.9982222222222221,0.34675324675324676,"[2, 7, 9, 12, 24]",5,0.2,0.2,0.8,1.0,0.0,332.25368428230286
6,30,300,5,0.3,1.0,265.2154104250701,pc,2.0,10,log_loss,0.0,0.0,0.04283751756569611,0.9984444444444444,0.35138888888888886,"[2, 7, 9, 12, 24]",5,0.2,0.2,0.8,1.0,0.0,338.19831705093384
6,30,300,5,0.3,1.0,265.2154104250701,ges,2.0,10,log_loss,4.969652568655639,0.01873817422860384,0.03847795745144195,0.9997777777777778,0.4714682539682539,"[3, 7, 13, 19, 21]",5,0.6,0.6,0.4,1.0,0.0,356.7954058647156
6,30,300,5,0.3,1.0,265.2154104250701,iamb,2.0,10,log_loss,2.6521541042507013,0.01,0.046180204757889656,0.9984444444444444,0.5267857142857143,"[7, 13, 19, 20, 23, 29]",6,0.8,0.6666666666666666,0.3333333333333333,1.0,0.0,315.2500171661377
6,30,300,5,0.3,1.0,265.2154104250701,bootstrap_l1,2.0,10,log_loss,2.6521541042507013,0.01,0.031590029636333804,0.9993333333333332,0.7038888888888889,"[2, 7, 9, 10, 15, 19, 20, 23]",8,0.6,0.375,0.625,1.0,0.0,331.4138562679291
