seed,p,n,k_star,p_edge,noise_scale,mu_scale,q_source,K_multiplier,K,criterion,mu_star,mu_star_relative,log_loss_star,auc_star,stability_star,support,k_actual,S_recall,S_precision,C_inclusion,causal_precision,correlate_inclusion,fit_seconds
9,30,500,5,0.2,1.0,778.1499572484074,oracle,2.0,10,log_loss,7.7814995724840745,0.01,0.03262132106739198,0.99928,0.6375019425019426,"[0, 1, 5, 16, 18, 20, 21, 27, 29]",9,1.0,0.5555555555555556,0.4444444444444444,1.0,0.0,344.26764702796936
9,30,500,5,0.2,1.0,778.1499572484074,uniform,2.0,10,log_loss,0.0,0.0,0.02767311072229975,0.9996,0.5441181041181041,"[1, 3, 5, 8, 16, 18, 21, 27, 29]",9,0.8,0.4444444444444444,0.5555555555555556,1.0,0.0,333.89666414260864
9,30,500,5,0.2,1.0,778.1499572484074,adversarial,2.0,10,log_loss,0.0,0.0,0.02149880437054654,0.9998400000000001,0.608034188034188,"[1, 3, 5, 8, 16, 18, 21, 27, 29]",9,0.8,0.4444444444444444,0.5555555555555556,1.0,0.0,292.0434889793396
9,30,500,5,0.2,1.0,778.1499572484074,pc,2.0,10,log_loss,336.8425405813342,0.4328761281083057,0.02779220594041451,0.9996,0.5708857808857808,"[1, 3, 5, 16, 21, 24, 27, 29]",8,0.6,0.375,0.625,1.0,0.0,277.03015899658203
9,30,500,5,0.2,1.0,778.1499572484074,ges,2.0,10,log_loss,1182.7187442212055,1.519911082952933,0.03258065491236358,0.9994400000000001,0.7372222222222222,"[1, 3, 5, 12, 18, 21, 27, 29]",8,0.6,0.375,0.625,1.0,0.0,287.2686450481415
9,30,500,5,0.2,1.0,778.1499572484074,iamb,2.0,10,log_loss,179.76273273579866,0.23101297000831592,0.023817789067739677,0.99976,0.7482828282828283,"[1, 3, 5, 16, 18, 19, 20, 21, 27, 29]",10,1.0,0.5,0.5,1.0,0.0,190.7869429588318
9,30,500,5,0.2,1.0,778.1499572484074,bootstrap_l1,2.0,10,log_loss,51.197071063959335,0.0657933224657568,0.024784537321011775,0.99968,0.6833333333333332,"[1, 3, 5, 8, 16, 21, 24, 27, 29]",9,0.6,0.3333333333333333,0.6666666666666666,1.0,0.0,174.90344095230103
