seed,p,n,k_star,p_edge,noise_scale,mu_scale,q_source,K_multiplier,K,criterion,mu_star,mu_star_relative,log_loss_star,auc_star,stability_star,support,k_actual,S_recall,S_precision,C_inclusion,causal_precision,correlate_inclusion,fit_seconds
5,50,300,5,0.2,1.0,950.8900918007741,oracle,2.0,10,log_loss,9.508900918007742,0.01,0.16824666350379422,0.9906666666666668,0.5180555555555556,"[2, 12, 13, 24, 30, 33, 36, 39]",8,0.6,0.375,0.625,1.0,0.0,347.9336061477661
5,50,300,5,0.2,1.0,950.8900918007741,uniform,2.0,10,log_loss,0.0,0.0,0.4793913922431291,0.9431111111111111,0.413459595959596,"[2, 13, 14, 30, 33, 35, 36, 39]",8,0.2,0.125,0.875,1.0,0.0,344.3259711265564
5,50,300,5,0.2,1.0,950.8900918007741,adversarial,2.0,10,log_loss,0.0,0.0,0.5462514184024838,0.9044444444444444,0.3761327561327561,"[2, 13, 14, 30, 33, 35, 36, 39]",8,0.2,0.125,0.875,1.0,0.0,329.9254162311554
5,50,300,5,0.2,1.0,950.8900918007741,pc,2.0,10,log_loss,771.2962701520435,0.8111308307896867,0.31872094322450284,0.9308888888888889,0.5601190476190476,"[2, 13, 14, 30, 38, 39]",6,0.2,0.16666666666666666,0.8333333333333334,1.0,0.0,330.0048391819
5,50,300,5,0.2,1.0,950.8900918007741,ges,2.0,10,log_loss,219.667944258377,0.2310129700083159,0.03001969593772453,0.9997777777777778,0.8833333333333334,"[0, 2, 4, 7, 12, 24, 30, 36, 48]",9,1.0,0.5555555555555556,0.4444444444444444,1.0,0.0,357.3639590740204
5,50,300,5,0.2,1.0,950.8900918007741,iamb,2.0,10,log_loss,117.2301749244351,0.12328467394420659,0.07852904633877288,0.9977777777777778,0.48853174603174604,"[2, 7, 18, 36]",4,0.4,0.5,0.5,1.0,0.0,382.79655504226685
5,50,300,5,0.2,1.0,950.8900918007741,bootstrap_l1,2.0,10,log_loss,0.0,0.0,0.46839151920801625,0.9377777777777778,0.41540764790764795,"[2, 13, 14, 30, 33, 35, 36, 39]",8,0.2,0.125,0.875,1.0,0.0,340.42007398605347
