seed,p,n,k_star,p_edge,noise_scale,mu_scale,q_source,K_multiplier,K,criterion,mu_star,mu_star_relative,log_loss_star,auc_star,stability_star,support,k_actual,S_recall,S_precision,C_inclusion,causal_precision,correlate_inclusion,fit_seconds
5,30,300,5,0.3,1.0,912.9060419244051,oracle,2.0,10,log_loss,0.0,0.0,0.0328770460726148,0.9997777777777778,0.48556998556998554,"[2, 3, 6, 7, 16, 24, 28]",7,0.2,0.14285714285714285,0.8571428571428571,1.0,0.0,296.9078919887543
5,30,300,5,0.3,1.0,912.9060419244051,uniform,2.0,10,log_loss,0.0,0.0,0.049638738221555914,0.9986666666666666,0.5547077922077922,"[2, 3, 6, 7, 16, 24, 28]",7,0.2,0.14285714285714285,0.8571428571428571,1.0,0.0,319.9384467601776
5,30,300,5,0.3,1.0,912.9060419244051,adversarial,2.0,10,log_loss,0.0,0.0,0.10681692701489705,0.9933333333333334,0.4263636363636364,"[2, 3, 6, 7, 16, 24, 28]",7,0.2,0.14285714285714285,0.8571428571428571,1.0,0.0,312.4325110912323
5,30,300,5,0.3,1.0,912.9060419244051,pc,2.0,10,log_loss,0.0,0.0,0.04281131356869669,0.9986666666666666,0.41334415584415585,"[2, 3, 6, 7, 16, 24, 28]",7,0.2,0.14285714285714285,0.8571428571428571,1.0,0.0,300.95616269111633
5,30,300,5,0.3,1.0,912.9060419244051,ges,2.0,10,log_loss,60.06312159727008,0.0657933224657568,0.03183709399516807,0.9995555555555555,0.85,"[2, 4, 16, 20, 22, 27]",6,1.0,0.8333333333333334,0.16666666666666666,1.0,0.0,332.51058626174927
5,30,300,5,0.3,1.0,912.9060419244051,iamb,2.0,10,log_loss,9.129060419244052,0.01,0.03413391757942836,1.0,0.8,"[2, 4, 6, 20, 22, 27]",6,1.0,0.8333333333333334,0.16666666666666666,1.0,0.0,324.55835819244385
5,30,300,5,0.3,1.0,912.9060419244051,bootstrap_l1,2.0,10,log_loss,32.05388148520023,0.03511191734215131,0.041264030774094226,0.9991111111111112,0.7482142857142857,"[2, 6, 14, 16, 20, 28]",6,0.4,0.3333333333333333,0.6666666666666666,1.0,0.0,337.7324478626251
