seed,p,n,k_star,p_edge,noise_scale,mu_scale,q_source,K_multiplier,K,criterion,mu_star,mu_star_relative,log_loss_star,auc_star,stability_star,support,k_actual,S_recall,S_precision,C_inclusion,causal_precision,correlate_inclusion,fit_seconds
11,30,300,5,0.6,1.0,3122.034632240857,oracle,2.0,10,log_loss,31.22034632240857,0.01,0.13774989262276033,0.9895555555555555,0.5152380952380952,"[0, 17, 25]",3,0.2,0.3333333333333333,0.6666666666666666,1.0,0.0,258.3582489490509
11,30,300,5,0.6,1.0,3122.034632240857,uniform,2.0,10,log_loss,0.0,0.0,0.13728589128615978,0.9924444444444444,0.75,"[0, 17, 24, 25]",4,0.2,0.25,0.75,1.0,0.0,279.87278509140015
11,30,300,5,0.6,1.0,3122.034632240857,adversarial,2.0,10,log_loss,31.22034632240857,0.01,0.10798884648808045,0.9966666666666667,0.6625,"[0, 16, 24, 25]",4,0.0,0.0,1.0,1.0,0.0,297.8767640590668
11,30,300,5,0.6,1.0,3122.034632240857,pc,2.0,10,log_loss,0.0,0.0,0.15378985487373492,0.9895555555555555,0.5204761904761904,"[0, 17, 24, 25]",4,0.2,0.25,0.75,1.0,0.0,300.93062710762024
11,30,300,5,0.6,1.0,3122.034632240857,ges,2.0,10,log_loss,0.0,0.0,0.11758780385984921,0.9933333333333334,0.7899999999999999,"[0, 17, 24, 25]",4,0.2,0.25,0.75,1.0,0.0,327.5093309879303
11,30,300,5,0.6,1.0,3122.034632240857,iamb,2.0,10,log_loss,0.0,0.0,0.1807375232121424,0.9891111111111112,0.48551587301587296,"[0, 17, 24, 25]",4,0.2,0.25,0.75,1.0,0.0,332.95009779930115
11,30,300,5,0.6,1.0,3122.034632240857,bootstrap_l1,2.0,10,log_loss,31.22034632240857,0.01,0.12370948829510262,0.9948888888888889,0.7566666666666667,"[0, 18, 24, 25]",4,0.2,0.25,0.75,1.0,0.0,317.48262190818787
