seed,p,n,k_star,p_edge,noise_scale,mu_scale,q_source,K_multiplier,K,criterion,mu_star,mu_star_relative,log_loss_star,auc_star,stability_star,support,k_actual,S_recall,S_precision,C_inclusion,causal_precision,correlate_inclusion,fit_seconds
8,30,300,7,0.2,1.0,465.62215112883086,oracle,2.0,14,log_loss,4.656221511288309,0.01,0.08843765516992888,0.9957777777777779,0.5491208791208791,"[3, 5, 6, 10, 13, 16, 17, 20, 23, 25, 26, 29]",12,0.7142857142857143,0.4166666666666667,0.5833333333333334,0.75,0.25,545.9485900402069
8,30,300,7,0.2,1.0,465.62215112883086,uniform,2.0,14,log_loss,0.0,0.0,0.06504333449174275,0.9986666666666666,0.5233974358974358,"[3, 5, 6, 9, 10, 13, 16, 23, 25, 26, 27, 29]",12,0.5714285714285714,0.3333333333333333,0.6666666666666666,0.75,0.25,565.7003931999207
8,30,300,7,0.2,1.0,465.62215112883086,adversarial,2.0,14,log_loss,0.0,0.0,0.08009195578239284,0.9986666666666666,0.4929463183874949,"[3, 5, 6, 9, 10, 13, 16, 23, 25, 26, 27, 29]",12,0.5714285714285714,0.3333333333333333,0.6666666666666666,0.75,0.25,544.0964832305908
8,30,300,7,0.2,1.0,465.62215112883086,pc,2.0,14,log_loss,30.634828336418515,0.0657933224657568,0.07417706804087111,0.998,0.5608591898297781,"[3, 5, 6, 9, 10, 13, 16, 23, 25, 26, 27, 29]",12,0.5714285714285714,0.3333333333333333,0.6666666666666666,0.75,0.25,540.0308167934418
8,30,300,7,0.2,1.0,465.62215112883086,ges,2.0,14,log_loss,16.348886483110192,0.03511191734215131,0.05362625319552881,0.9986666666666666,0.6499494949494948,"[5, 6, 10, 20, 23, 25, 26, 27, 29]",9,0.7142857142857143,0.5555555555555556,0.4444444444444444,0.7777777777777778,0.2222222222222222,598.2800271511078
8,30,300,7,0.2,1.0,465.62215112883086,iamb,2.0,14,log_loss,201.55671394210867,0.4328761281083057,0.051570443095086495,0.9993333333333332,0.7575757575757576,"[5, 6, 10, 12, 20, 23, 24, 25, 26, 29]",10,0.8571428571428571,0.6,0.4,0.8,0.2,568.7603011131287
8,30,300,7,0.2,1.0,465.62215112883086,bootstrap_l1,2.0,14,log_loss,57.404075083117995,0.12328467394420659,0.04364704947149649,0.9991111111111112,0.7062087912087913,"[3, 6, 9, 10, 13, 17, 19, 20, 23, 25, 26, 29]",12,0.5714285714285714,0.3333333333333333,0.6666666666666666,0.8333333333333334,0.16666666666666666,596.6070010662079
