seed,p,n,k_star,p_edge,noise_scale,mu_scale,q_source,K_multiplier,K,criterion,mu_star,mu_star_relative,log_loss_star,auc_star,stability_star,support,k_actual,S_recall,S_precision,C_inclusion,causal_precision,correlate_inclusion,fit_seconds
10,30,300,5,0.2,1.0,134.40001758643473,oracle,2.0,10,log_loss,1.3440001758643474,0.01,0.07714085669825595,0.9953333333333333,0.6043006993006992,"[3, 8, 9, 10, 12, 14, 26, 28]",8,1.0,0.625,0.375,1.0,0.0,258.99886202812195
10,30,300,5,0.2,1.0,134.40001758643473,uniform,2.0,10,log_loss,0.0,0.0,0.11270110713443396,0.994,0.4407509157509157,"[2, 3, 8, 9, 10, 12, 19, 23, 26, 28]",10,0.8,0.4,0.6,0.8,0.2,255.2870728969574
10,30,300,5,0.2,1.0,134.40001758643473,adversarial,2.0,10,log_loss,0.0,0.0,0.1960810916759445,0.9868888888888889,0.4104578754578755,"[2, 3, 8, 9, 10, 12, 19, 23, 26, 28]",10,0.8,0.4,0.6,0.8,0.2,253.648827791214
10,30,300,5,0.2,1.0,134.40001758643473,pc,2.0,10,log_loss,8.842623696467685,0.0657933224657568,0.11063222652517071,0.9951111111111113,0.5551864801864802,"[2, 3, 8, 10, 12, 15, 24, 26, 27, 28]",10,0.8,0.4,0.6,0.9,0.1,261.9855852127075
10,30,300,5,0.2,1.0,134.40001758643473,ges,2.0,10,log_loss,4.719042308278578,0.03511191734215131,0.07292849334775972,0.9960000000000001,0.7955555555555556,"[1, 3, 10, 12, 14, 15, 26, 27, 28]",9,1.0,0.5555555555555556,0.4444444444444444,1.0,0.0,257.0551850795746
10,30,300,5,0.2,1.0,134.40001758643473,iamb,2.0,10,log_loss,31.048147231812177,0.23101297000831592,0.09356137680253296,0.994,0.6839898989898989,"[1, 2, 3, 10, 12, 14, 16, 26, 28]",9,1.0,0.5555555555555556,0.4444444444444444,0.8888888888888888,0.1111111111111111,252.53257203102112
10,30,300,5,0.2,1.0,134.40001758643473,bootstrap_l1,2.0,10,log_loss,4.719042308278578,0.03511191734215131,0.07702795737622614,0.9960000000000001,0.693997668997669,"[0, 1, 2, 3, 10, 12, 15, 16, 18, 26]",10,0.6,0.3,0.7,0.8,0.2,261.4960799217224
