seed,p,n,k_star,p_edge,noise_scale,mu_scale,q_source,K_multiplier,K,criterion,mu_star,mu_star_relative,log_loss_star,auc_star,stability_star,support,k_actual,S_recall,S_precision,C_inclusion,causal_precision,correlate_inclusion,fit_seconds
16,30,300,5,0.3,1.0,385.90918006679726,oracle,2.0,10,log_loss,3.8590918006679726,0.01,0.14221937356600997,0.9857777777777776,0.7416666666666666,"[4, 5, 9, 18, 24, 26]",6,1.0,0.8333333333333334,0.16666666666666666,1.0,0.0,249.93598794937134
16,30,300,5,0.3,1.0,385.90918006679726,uniform,2.0,10,log_loss,0.0,0.0,0.16927006022668736,0.9822222222222223,0.6611111111111111,"[4, 5, 9, 18, 24, 26]",6,1.0,0.8333333333333334,0.16666666666666666,1.0,0.0,280.78253698349
16,30,300,5,0.3,1.0,385.90918006679726,adversarial,2.0,10,log_loss,3.8590918006679726,0.01,0.23731148547697872,0.966,0.4032323232323233,"[5, 9, 10, 14, 16, 20, 21, 28]",8,0.2,0.125,0.875,0.5,0.5,308.73030614852905
16,30,300,5,0.3,1.0,385.90918006679726,pc,2.0,10,log_loss,167.05087166876615,0.4328761281083057,0.09978761729979031,0.9951111111111111,0.6453787878787879,"[4, 5, 9, 18, 21, 24, 26, 28]",8,1.0,0.625,0.375,0.75,0.25,287.79842615127563
16,30,300,5,0.3,1.0,385.90918006679726,ges,2.0,10,log_loss,3.8590918006679726,0.01,0.09590286939826771,0.9948888888888888,0.7625,"[4, 5, 9, 18, 24, 26, 28]",7,1.0,0.7142857142857143,0.2857142857142857,0.8571428571428571,0.14285714285714285,342.26787209510803
16,30,300,5,0.3,1.0,385.90918006679726,iamb,2.0,10,log_loss,25.390247126630598,0.0657933224657568,0.09308843368344909,0.9959999999999999,0.7930555555555556,"[1, 4, 9, 18, 24, 25, 26, 28]",8,1.0,0.625,0.375,0.875,0.125,330.7456340789795
16,30,300,5,0.3,1.0,385.90918006679726,bootstrap_l1,2.0,10,log_loss,167.05087166876615,0.4328761281083057,0.13365427907156724,0.9886666666666667,0.77,"[4, 9, 14, 16, 18, 21, 24, 26]",8,1.0,0.625,0.375,0.875,0.125,343.3431820869446
