seed,p,n,k_star,p_edge,noise_scale,mu_scale,q_source,K_multiplier,K,criterion,mu_star,mu_star_relative,log_loss_star,auc_star,stability_star,support,k_actual,S_recall,S_precision,C_inclusion,causal_precision,correlate_inclusion,fit_seconds
1,15,300,5,0.2,1.0,263.8950918330493,oracle,2.0,10,log_loss,2.6389509183304933,0.01,0.11310951317258644,0.9944444444444445,0.7394444444444443,"[0, 5, 7, 8, 10, 11, 13]",7,1.0,0.7142857142857143,0.2857142857142857,1.0,0.0,179.5653519630432
1,15,300,5,0.2,1.0,263.8950918330493,uniform,2.0,10,log_loss,0.0,0.0,0.08755522956517582,0.9942222222222222,0.7722222222222223,"[0, 5, 7, 8, 10, 11, 13]",7,1.0,0.7142857142857143,0.2857142857142857,1.0,0.0,184.60601711273193
1,15,300,5,0.2,1.0,263.8950918330493,adversarial,2.0,10,log_loss,0.0,0.0,0.09135724240546442,0.9971111111111111,0.7302777777777777,"[0, 5, 7, 8, 10, 11, 13]",7,1.0,0.7142857142857143,0.2857142857142857,1.0,0.0,225.74826288223267
1,15,300,5,0.2,1.0,263.8950918330493,pc,2.0,10,log_loss,0.0,0.0,0.08003222238895873,0.9975555555555555,0.7366666666666666,"[0, 5, 7, 8, 10, 11, 13]",7,1.0,0.7142857142857143,0.2857142857142857,1.0,0.0,181.04519987106323
1,15,300,5,0.2,1.0,263.8950918330493,ges,2.0,10,log_loss,1408.328733704552,5.336699231206307,0.07641656523064305,0.9966666666666667,0.8094444444444443,"[0, 5, 7, 8, 10, 11, 13]",7,1.0,0.7142857142857143,0.2857142857142857,1.0,0.0,184.74971294403076
1,15,300,5,0.2,1.0,263.8950918330493,iamb,2.0,10,log_loss,17.362534874102316,0.0657933224657568,0.07419921307841314,0.9991111111111112,0.8116919191919191,"[0, 5, 7, 8, 10, 11, 13]",7,1.0,0.7142857142857143,0.2857142857142857,1.0,0.0,192.27904987335205
1,15,300,5,0.2,1.0,263.8950918330493,bootstrap_l1,2.0,10,log_loss,214.053445079862,0.8111308307896868,0.10573663191026277,0.9951111111111113,0.7662121212121212,"[0, 3, 5, 7, 8, 11, 12, 13]",8,1.0,0.625,0.25,0.75,0.125,242.0859797000885
