seed,p,n,k_star,p_edge,noise_scale,mu_scale,q_source,K_multiplier,K,criterion,mu_star,mu_star_relative,log_loss_star,auc_star,stability_star,support,k_actual,S_recall,S_precision,C_inclusion,causal_precision,correlate_inclusion,fit_seconds
0,30,75,5,0.2,1.0,78.47925445447534,oracle,2.0,10,log_loss,18.129725655566705,0.23101297000831592,0.4751238249508729,0.9928571428571429,0.4987040737040737,"[2, 4, 10, 14, 15, 17, 20, 22, 28]",9,0.8,0.4444444444444444,0.5555555555555556,0.7777777777777778,0.2222222222222222,222.746817111969
0,30,75,5,0.2,1.0,78.47925445447534,uniform,2.0,10,log_loss,0.0,0.0,0.7162269302914895,0.9607142857142857,0.30645562770562773,"[2, 10, 13, 15, 17, 20, 22, 24]",8,0.8,0.5,0.5,0.75,0.25,229.64037775993347
0,30,75,5,0.2,1.0,78.47925445447534,adversarial,2.0,10,log_loss,1.4705579432988929,0.01873817422860384,0.7747665671016357,0.9428571428571428,0.2780802530802531,"[0, 4, 11, 13, 15, 17, 20, 23, 24]",9,0.2,0.1111111111111111,0.8888888888888888,0.7777777777777778,0.2222222222222222,216.4236340522766
0,30,75,5,0.2,1.0,78.47925445447534,pc,2.0,10,log_loss,9.675289296804415,0.1232846739442066,0.4504525392134838,0.9714285714285713,0.4433449883449884,"[2, 7, 10, 14, 17, 20, 22, 25, 28]",9,0.8,0.4444444444444444,0.5555555555555556,0.7777777777777778,0.2222222222222222,235.68472480773926
0,30,75,5,0.2,1.0,78.47925445447534,ges,2.0,10,log_loss,18.129725655566705,0.23101297000831592,0.196106142538005,0.9928571428571429,0.5888888888888889,"[2, 9, 10, 17, 21, 22, 23, 25]",8,1.0,0.625,0.375,1.0,0.0,230.3141269683838
0,30,75,5,0.2,1.0,78.47925445447534,iamb,2.0,10,log_loss,63.65694286541381,0.8111308307896868,0.3911372532601448,0.9857142857142858,0.5525757575757575,"[2, 10, 14, 17, 21, 22, 23, 28]",8,1.0,0.625,0.375,0.75,0.25,221.5737268924713
0,30,75,5,0.2,1.0,78.47925445447534,bootstrap_l1,2.0,10,log_loss,418.82017691284267,5.336699231206307,0.2827952257154457,0.9714285714285713,0.7908333333333333,"[2, 3, 7, 10, 14, 17, 20, 25, 29]",9,0.6,0.3333333333333333,0.6666666666666666,0.8888888888888888,0.1111111111111111,211.4457869529724
