seed,p,n,k_star,p_edge,noise_scale,mu_scale,q_source,K_multiplier,K,criterion,mu_star,mu_star_relative,log_loss_star,auc_star,stability_star,support,k_actual,S_recall,S_precision,C_inclusion,causal_precision,correlate_inclusion,fit_seconds
13,30,300,5,0.3,1.0,597.3171886477039,oracle,2.0,10,log_loss,5.973171886477039,0.01,0.12152220751932141,0.9942222222222222,0.4941558441558443,"[9, 10, 13, 16, 17, 19, 28]",7,0.4,0.2857142857142857,0.7142857142857143,1.0,0.0,314.89783573150635
13,30,300,5,0.3,1.0,597.3171886477039,uniform,2.0,10,log_loss,0.0,0.0,0.11647413516534522,0.9931111111111111,0.35339549339549337,"[6, 9, 12, 16, 19, 27, 28]",7,0.2,0.14285714285714285,0.8571428571428571,1.0,0.0,292.77367210388184
13,30,300,5,0.3,1.0,597.3171886477039,adversarial,2.0,10,log_loss,5.973171886477039,0.01,0.07300081920458792,0.9982222222222223,0.5156818181818181,"[0, 5, 9, 11, 15, 16, 27, 28]",8,0.0,0.0,1.0,0.875,0.125,308.859570980072
13,30,300,5,0.3,1.0,597.3171886477039,pc,2.0,10,log_loss,5.973171886477039,0.01,0.08089945745763638,0.9988888888888889,0.40980158730158733,"[0, 10, 12, 15, 16, 18, 27, 28]",8,0.2,0.125,0.875,0.875,0.125,280.536257982254
13,30,300,5,0.3,1.0,597.3171886477039,ges,2.0,10,log_loss,484.50238747277217,0.8111308307896868,0.06722379473964013,0.9984444444444444,0.5166666666666666,"[9, 16, 17]",3,0.2,0.3333333333333333,0.6666666666666666,1.0,0.0,313.3861336708069
13,30,300,5,0.3,1.0,597.3171886477039,iamb,2.0,10,log_loss,137.9880177865236,0.23101297000831594,0.05609972896199479,0.9977777777777778,0.4391269841269841,"[6, 10, 16, 17, 26, 28]",6,0.8,0.6666666666666666,0.3333333333333333,1.0,0.0,285.211345911026
13,30,300,5,0.3,1.0,597.3171886477039,bootstrap_l1,2.0,10,log_loss,0.0,0.0,0.07571638539743783,0.9964444444444445,0.4177233877233877,"[6, 9, 12, 16, 19, 27, 28]",7,0.2,0.14285714285714285,0.8571428571428571,1.0,0.0,270.7272701263428
