seed,p,n,k_star,p_edge,noise_scale,mu_scale,q_source,K_multiplier,K,criterion,mu_star,mu_star_relative,log_loss_star,auc_star,stability_star,support,k_actual,S_recall,S_precision,C_inclusion,causal_precision,correlate_inclusion,fit_seconds
14,30,300,5,0.5,1.0,1058.9773881665983,oracle,2.0,10,log_loss,0.0,0.0,0.07182268902534056,0.9975555555555555,0.35194305694305694,"[0, 5, 8, 13, 24, 29]",6,0.0,0.0,1.0,1.0,0.0,294.06839084625244
14,30,300,5,0.5,1.0,1058.9773881665983,uniform,2.0,10,log_loss,0.0,0.0,0.12664410000004317,0.9857777777777779,0.2983294483294483,"[0, 5, 8, 13, 24, 29]",6,0.0,0.0,1.0,1.0,0.0,286.4308319091797
14,30,300,5,0.5,1.0,1058.9773881665983,adversarial,2.0,10,log_loss,0.0,0.0,0.05765350902155638,0.9984444444444444,0.4896212121212121,"[0, 5, 8, 13, 24, 29]",6,0.0,0.0,1.0,1.0,0.0,276.8488130569458
14,30,300,5,0.5,1.0,1058.9773881665983,pc,2.0,10,log_loss,19.843302803617558,0.01873817422860384,0.11252920231815051,0.994,0.4417857142857143,"[0, 6, 8, 13, 25, 27, 28]",7,0.0,0.0,1.0,1.0,0.0,293.63963985443115
14,30,300,5,0.5,1.0,1058.9773881665983,ges,2.0,10,log_loss,0.0,0.0,0.0957051732800049,0.9957777777777779,0.34417388167388163,"[0, 5, 8, 13, 24, 29]",6,0.0,0.0,1.0,1.0,0.0,299.9472680091858
14,30,300,5,0.5,1.0,1058.9773881665983,iamb,2.0,10,log_loss,37.18272652051288,0.03511191734215131,0.0527129906495175,0.9993333333333332,0.4638888888888889,"[3, 8, 11, 12, 16, 17, 24]",7,0.8,0.5714285714285714,0.42857142857142855,1.0,0.0,321.7742669582367
14,30,300,5,0.5,1.0,1058.9773881665983,bootstrap_l1,2.0,10,log_loss,19.843302803617558,0.01873817422860384,0.09165731314075973,0.9948888888888889,0.5519444444444443,"[0, 5, 13, 24]",4,0.0,0.0,1.0,1.0,0.0,294.08592677116394
