seed,p,n,k_star,p_edge,noise_scale,mu_scale,q_source,K_multiplier,K,criterion,mu_star,mu_star_relative,log_loss_star,auc_star,stability_star,support,k_actual,S_recall,S_precision,C_inclusion,causal_precision,correlate_inclusion,fit_seconds
10,30,300,5,0.6,1.0,5075.0646673774045,oracle,2.0,10,log_loss,50.75064667377404,0.01,0.09734722747964353,0.9955555555555555,0.5316666666666666,"[9, 10, 14]",3,0.4,0.6666666666666666,0.3333333333333333,1.0,0.0,297.6940851211548
10,30,300,5,0.6,1.0,5075.0646673774045,uniform,2.0,10,log_loss,0.0,0.0,0.12235839053874367,0.9935555555555556,0.24805555555555556,"[4, 9, 10, 11]",4,0.2,0.25,0.75,1.0,0.0,293.7051661014557
10,30,300,5,0.6,1.0,5075.0646673774045,adversarial,2.0,10,log_loss,50.75064667377404,0.01,0.08564625399811022,0.9964444444444445,0.27924603174603174,"[4, 6, 9, 11]",4,0.0,0.0,1.0,1.0,0.0,307.18788599967957
10,30,300,5,0.6,1.0,5075.0646673774045,pc,2.0,10,log_loss,0.0,0.0,0.1486569261163771,0.9891111111111112,0.3738095238095238,"[4, 9, 10, 11]",4,0.2,0.25,0.75,1.0,0.0,259.18169808387756
10,30,300,5,0.6,1.0,5075.0646673774045,ges,2.0,10,log_loss,333.9053661953303,0.0657933224657568,0.02437435976627462,1.0,0.7047619047619047,"[3, 10, 14, 19, 28, 29]",6,0.8,0.6666666666666666,0.3333333333333333,1.0,0.0,314.16883087158203
10,30,300,5,0.6,1.0,5075.0646673774045,iamb,2.0,10,log_loss,50.75064667377404,0.01,0.02824568938383647,0.9995555555555555,0.495,"[9, 10, 14]",3,0.4,0.6666666666666666,0.3333333333333333,1.0,0.0,301.2094819545746
10,30,300,5,0.6,1.0,5075.0646673774045,bootstrap_l1,2.0,10,log_loss,0.0,0.0,0.03202591380336381,0.9995555555555555,0.44952380952380955,"[4, 9, 10, 11]",4,0.2,0.25,0.75,1.0,0.0,293.37886810302734
