seed,p,n,k_star,p_edge,noise_scale,mu_scale,q_source,K_multiplier,K,criterion,mu_star,mu_star_relative,log_loss_star,auc_star,stability_star,support,k_actual,S_recall,S_precision,C_inclusion,causal_precision,correlate_inclusion,fit_seconds
7,50,300,5,0.2,1.0,984.7423645910635,oracle,2.0,10,log_loss,9.847423645910636,0.010000000000000002,0.20954356853490913,0.9824444444444443,0.3186507936507937,"[7, 17, 40, 44, 49]",5,0.2,0.2,0.8,1.0,0.0,281.64022612571716
7,50,300,5,0.2,1.0,984.7423645910635,uniform,2.0,10,log_loss,0.0,0.0,0.40406940579500167,0.9646666666666668,0.35714285714285715,"[7, 34, 39, 44, 49]",5,0.0,0.0,1.0,0.8,0.2,311.77518486976624
7,50,300,5,0.2,1.0,984.7423645910635,adversarial,2.0,10,log_loss,0.0,0.0,0.31519702420928897,0.9651111111111111,0.44523809523809527,"[7, 34, 39, 44, 49]",5,0.0,0.0,1.0,0.8,0.2,305.2187259197235
7,50,300,5,0.2,1.0,984.7423645910635,pc,2.0,10,log_loss,121.40364133765627,0.12328467394420659,0.28334634507495426,0.9693333333333334,0.6799999999999999,"[7, 39, 40, 49]",4,0.0,0.0,1.0,1.0,0.0,301.0762231349945
7,50,300,5,0.2,1.0,984.7423645910635,ges,2.0,10,log_loss,34.576192508836044,0.03511191734215131,0.12876482645074033,0.9922222222222222,0.6833333333333333,"[7, 14, 26, 40, 44]",5,0.0,0.0,1.0,1.0,0.0,343.2376379966736
7,50,300,5,0.2,1.0,984.7423645910635,iamb,2.0,10,log_loss,9.847423645910636,0.010000000000000002,0.07091734583992249,0.9973333333333333,0.2875974025974026,"[4, 7, 30, 38]",4,0.2,0.25,0.75,0.75,0.25,358.2953100204468
7,50,300,5,0.2,1.0,984.7423645910635,bootstrap_l1,2.0,10,log_loss,64.78947193923169,0.0657933224657568,0.2897672434709919,0.9664444444444443,0.8,"[7, 25, 34, 44, 49]",5,0.0,0.0,1.0,0.8,0.2,315.20351815223694
