seed,p,n,k_star,p_edge,noise_scale,mu_scale,q_source,K_multiplier,K,criterion,mu_star,mu_star_relative,log_loss_star,auc_star,stability_star,support,k_actual,S_recall,S_precision,C_inclusion,causal_precision,correlate_inclusion,fit_seconds
4,30,200,5,0.2,1.0,84.66634553877455,oracle,2.0,10,log_loss,0.8466634553877456,0.01,0.10318044561351916,0.9935,0.555986790986791,"[2, 8, 13, 20, 23, 26, 27, 29]",8,0.8,0.5,0.5,1.0,0.0,234.2685351371765
4,30,200,5,0.2,1.0,84.66634553877455,uniform,2.0,10,log_loss,0.0,0.0,0.08964845902214086,0.994,0.44772727272727275,"[1, 2, 5, 6, 13, 16, 20, 23, 29]",9,0.4,0.2222222222222222,0.7777777777777778,0.7777777777777778,0.2222222222222222,247.86011815071106
4,30,200,5,0.2,1.0,84.66634553877455,adversarial,2.0,10,log_loss,0.0,0.0,0.15854122929530773,0.9914999999999999,0.37868686868686874,"[1, 2, 5, 6, 13, 16, 20, 23, 29]",9,0.4,0.2222222222222222,0.7777777777777778,0.7777777777777778,0.2222222222222222,230.02731370925903
4,30,200,5,0.2,1.0,84.66634553877455,pc,2.0,10,log_loss,36.65003983790465,0.4328761281083057,0.12999843208848155,0.9945,0.4845959595959596,"[1, 2, 13, 20, 23, 27, 29]",7,0.6,0.42857142857142855,0.5714285714285714,1.0,0.0,456.39182901382446
4,30,200,5,0.2,1.0,84.66634553877455,ges,2.0,10,log_loss,10.43806280379535,0.12328467394420659,0.055048254642120355,0.9984999999999999,0.6716666666666666,"[2, 8, 13, 20, 23, 24, 27, 29]",8,0.8,0.5,0.5,1.0,0.0,522.1707572937012
4,30,200,5,0.2,1.0,84.66634553877455,iamb,2.0,10,log_loss,36.65003983790465,0.4328761281083057,0.09604047450123154,0.9934999999999998,0.7444444444444444,"[7, 8, 13, 20, 26, 27, 29]",7,1.0,0.7142857142857143,0.2857142857142857,1.0,0.0,517.1548938751221
4,30,200,5,0.2,1.0,84.66634553877455,bootstrap_l1,2.0,10,log_loss,19.559023942662638,0.23101297000831592,0.06607156061213462,0.9974999999999999,0.6529761904761904,"[1, 2, 13, 20, 26, 29]",6,0.4,0.3333333333333333,0.6666666666666666,1.0,0.0,536.434800863266
