seed,p,n,k_star,p_edge,noise_scale,mu_scale,q_source,K_multiplier,K,criterion,mu_star,mu_star_relative,log_loss_star,auc_star,stability_star,support,k_actual,S_recall,S_precision,C_inclusion,causal_precision,correlate_inclusion,fit_seconds
7,30,100,5,0.2,1.0,38.76438774740502,oracle,2.0,10,log_loss,0.7263738514760312,0.01873817422860384,0.8747752267867746,0.9,0.32301087801087797,"[3, 4, 9, 17, 18, 22, 23, 25, 29]",9,0.8,0.4444444444444444,0.5555555555555556,1.0,0.0,235.89246892929077
7,30,100,5,0.2,1.0,38.76438774740502,uniform,2.0,10,log_loss,0.0,0.0,0.9814722163238491,0.8949999999999999,0.15655844155844154,"[4, 6, 11, 16, 17, 22, 23, 24]",8,0.6,0.375,0.625,0.875,0.125,242.0226891040802
7,30,100,5,0.2,1.0,38.76438774740502,adversarial,2.0,10,log_loss,0.38764387747405016,0.01,0.304769619754275,0.982,0.38286713286713286,"[4, 11, 15, 16, 17, 21, 24, 28]",8,0.2,0.125,0.875,0.875,0.125,231.4991810321808
7,30,100,5,0.2,1.0,38.76438774740502,pc,2.0,10,log_loss,387.64387747405016,10.0,0.45101466920070166,0.97,0.44556277056277055,"[4, 5, 10, 11, 12, 13, 22, 24, 28, 29]",10,0.0,0.0,1.0,0.7,0.3,252.13661885261536
7,30,100,5,0.2,1.0,38.76438774740502,ges,2.0,10,log_loss,110.4023667225627,2.848035868435799,0.14474585662706485,0.986,0.6324242424242424,"[4, 6, 9, 12, 17, 18, 20, 23]",8,1.0,0.625,0.375,1.0,0.0,261.30660104751587
7,30,100,5,0.2,1.0,38.76438774740502,iamb,2.0,10,log_loss,206.87387828975955,5.336699231206307,0.27348351028597395,0.978,0.6265656565656565,"[4, 6, 9, 17, 18, 20, 23, 24]",8,1.0,0.625,0.375,1.0,0.0,232.32649183273315
7,30,100,5,0.2,1.0,38.76438774740502,bootstrap_l1,2.0,10,log_loss,206.87387828975955,5.336699231206307,0.31681246868619783,0.984,0.7195454545454546,"[5, 7, 10, 11, 13, 22, 24, 25, 29]",9,0.0,0.0,1.0,0.6666666666666666,0.3333333333333333,237.7059440612793
