seed,p,n,k_star,p_edge,noise_scale,mu_scale,q_source,K_multiplier,K,criterion,mu_star,mu_star_relative,log_loss_star,auc_star,stability_star,support,k_actual,S_recall,S_precision,C_inclusion,causal_precision,correlate_inclusion,fit_seconds
4,30,1000,5,0.2,1.0,371.3556238894722,oracle,2.0,10,log_loss,0.0,0.0,0.05384040095531798,0.9985199999999999,0.7244444444444444,"[5, 7, 8, 13, 20, 26, 27, 29]",8,1.0,0.625,0.375,1.0,0.0,424.606812953949
4,30,1000,5,0.2,1.0,371.3556238894722,uniform,2.0,10,log_loss,0.0,0.0,0.05801101815244745,0.998,0.6578174603174604,"[5, 7, 8, 13, 20, 26, 27, 29]",8,1.0,0.625,0.375,1.0,0.0,438.787926197052
4,30,1000,5,0.2,1.0,371.3556238894722,adversarial,2.0,10,log_loss,0.0,0.0,0.06170526445720156,0.9979999999999999,0.6847222222222222,"[5, 7, 8, 13, 20, 26, 27, 29]",8,1.0,0.625,0.375,1.0,0.0,561.1761989593506
4,30,1000,5,0.2,1.0,371.3556238894722,pc,2.0,10,log_loss,45.782457008560996,0.12328467394420659,0.053264492928492155,0.99828,0.6623629148629149,"[5, 7, 8, 13, 20, 27, 29]",7,1.0,0.7142857142857143,0.2857142857142857,1.0,0.0,932.1585702896118
4,30,1000,5,0.2,1.0,371.3556238894722,ges,2.0,10,log_loss,6.958526381212809,0.01873817422860384,0.05557499245688887,0.9982599999999999,0.7662698412698412,"[5, 7, 8, 13, 20, 27, 29]",7,1.0,0.7142857142857143,0.2857142857142857,1.0,0.0,889.8324689865112
4,30,1000,5,0.2,1.0,371.3556238894722,iamb,2.0,10,log_loss,24.432720312032345,0.0657933224657568,0.054005407270360586,0.99854,0.7755952380952381,"[7, 8, 20, 27, 29]",5,1.0,1.0,0.0,1.0,0.0,33110.89384508133
4,30,1000,5,0.2,1.0,371.3556238894722,bootstrap_l1,2.0,10,log_loss,13.039007970550177,0.03511191734215131,0.058897151673030626,0.9976200000000001,0.7242063492063492,"[5, 7, 8, 13, 20, 27, 29]",7,1.0,0.7142857142857143,0.2857142857142857,1.0,0.0,493.88264179229736
