seed,p,n,k_star,p_edge,noise_scale,mu_scale,q_source,K_multiplier,K,criterion,mu_star,mu_star_relative,log_loss_star,auc_star,stability_star,support,k_actual,S_recall,S_precision,C_inclusion,causal_precision,correlate_inclusion,fit_seconds
19,30,300,5,0.4,1.0,1127.2324149328492,oracle,2.0,10,log_loss,0.0,0.0,0.07516910027628995,0.9968888888888889,0.4852525252525252,"[20, 21, 23, 24, 26, 27, 29]",7,0.4,0.2857142857142857,0.7142857142857143,1.0,0.0,310.3498809337616
19,30,300,5,0.4,1.0,1127.2324149328492,uniform,2.0,10,log_loss,0.0,0.0,0.12031358112489729,0.9944444444444445,0.5528174603174604,"[20, 21, 23, 24, 26, 27, 29]",7,0.4,0.2857142857142857,0.7142857142857143,1.0,0.0,327.9746859073639
19,30,300,5,0.4,1.0,1127.2324149328492,adversarial,2.0,10,log_loss,0.0,0.0,0.12582639363920162,0.9982222222222223,0.4830952380952381,"[20, 21, 23, 24, 26, 27, 29]",7,0.4,0.2857142857142857,0.7142857142857143,1.0,0.0,307.1487488746643
19,30,300,5,0.4,1.0,1127.2324149328492,pc,2.0,10,log_loss,11.272324149328492,0.01,0.07327789874684622,0.9988888888888889,0.5955555555555556,"[3, 19, 20, 21, 23, 26, 27, 29]",8,0.6,0.375,0.625,1.0,0.0,319.4225871562958
19,30,300,5,0.4,1.0,1127.2324149328492,ges,2.0,10,log_loss,11.272324149328492,0.01,0.028276818242458042,1.0,0.6533333333333332,"[0, 3, 7, 14, 20, 23, 27]",7,0.8,0.5714285714285714,0.42857142857142855,1.0,0.0,322.4645450115204
19,30,300,5,0.4,1.0,1127.2324149328492,iamb,2.0,10,log_loss,11.272324149328492,0.01,0.03596051076884625,0.9993333333333332,0.6513888888888889,"[3, 7, 8, 10, 20, 21, 23]",7,1.0,0.7142857142857143,0.2857142857142857,1.0,0.0,289.34866404533386
19,30,300,5,0.4,1.0,1127.2324149328492,bootstrap_l1,2.0,10,log_loss,914.332965217547,0.8111308307896868,0.034383866585407305,0.9993333333333332,0.7589285714285714,"[2, 3, 19, 20, 21, 23, 27, 29]",8,0.6,0.375,0.625,1.0,0.0,300.59819412231445
