seed,p,n,k_star,p_edge,noise_scale,mu_scale,q_source,K_multiplier,K,criterion,mu_star,mu_star_relative,log_loss_star,auc_star,stability_star,support,k_actual,S_recall,S_precision,C_inclusion,causal_precision,correlate_inclusion,fit_seconds
1,30,200,5,0.2,1.0,96.92895851043437,oracle,2.0,10,log_loss,0.9692895851043437,0.01,0.08253222734215063,0.9945,0.6483333333333332,"[0, 1, 7, 11, 13, 15, 16, 27, 28]",9,1.0,0.5555555555555556,0.3333333333333333,0.7777777777777778,0.1111111111111111,235.0660879611969
1,30,200,5,0.2,1.0,96.92895851043437,uniform,2.0,10,log_loss,0.0,0.0,0.11758393931033555,0.9970000000000001,0.4766433566433566,"[0, 1, 7, 11, 13, 15, 16, 27, 28]",9,1.0,0.5555555555555556,0.3333333333333333,0.7777777777777778,0.1111111111111111,243.53053998947144
1,30,200,5,0.2,1.0,96.92895851043437,adversarial,2.0,10,log_loss,0.0,0.0,0.11753127907557492,0.9964999999999999,0.5847979797979798,"[0, 1, 7, 11, 13, 15, 16, 27, 28]",9,1.0,0.5555555555555556,0.3333333333333333,0.7777777777777778,0.1111111111111111,270.02907514572144
1,30,200,5,0.2,1.0,96.92895851043437,pc,2.0,10,log_loss,517.2806983642631,5.336699231206307,0.08696484053366413,0.9964999999999999,0.5787878787878787,"[1, 6, 7, 9, 15, 22, 26, 27, 29]",9,0.8,0.4444444444444444,0.5555555555555556,0.6666666666666666,0.3333333333333333,312.00855827331543
1,30,200,5,0.2,1.0,96.92895851043437,ges,2.0,10,log_loss,41.95823226156744,0.4328761281083057,0.08179734926170748,0.998,0.7343434343434343,"[1, 5, 7, 12, 13, 15, 16, 22, 27, 29]",10,1.0,0.5,0.5,0.9,0.1,300.6086468696594
1,30,200,5,0.2,1.0,96.92895851043437,iamb,2.0,10,log_loss,3.403361579279185,0.03511191734215131,0.0772482234519366,0.998,0.5987878787878789,"[0, 1, 7, 11, 12, 13, 15, 16, 22, 27]",10,1.0,0.5,0.4,0.8,0.1,242.81115198135376
1,30,200,5,0.2,1.0,96.92895851043437,bootstrap_l1,2.0,10,log_loss,78.62206664414772,0.8111308307896868,0.11462229024627221,0.9949999999999999,0.669090909090909,"[0, 1, 5, 7, 13, 15, 26, 27, 28]",9,1.0,0.5555555555555556,0.3333333333333333,0.6666666666666666,0.2222222222222222,248.14942002296448
