seed,p,n,k_star,p_edge,noise_scale,mu_scale,q_source,K_multiplier,K,criterion,mu_star,mu_star_relative,log_loss_star,auc_star,stability_star,support,k_actual,S_recall,S_precision,C_inclusion,causal_precision,correlate_inclusion,fit_seconds
9,30,300,5,0.6,1.0,2201.7426042244397,oracle,2.0,10,log_loss,0.0,0.0,0.3066206825742574,0.9357777777777777,0.23166666666666663,[28],1,0.0,0.0,1.0,1.0,0.0,308.4479742050171
9,30,300,5,0.6,1.0,2201.7426042244397,uniform,2.0,10,log_loss,0.0,0.0,0.4319419579611263,0.8784444444444445,0.265,[28],1,0.0,0.0,1.0,1.0,0.0,341.0842180252075
9,30,300,5,0.6,1.0,2201.7426042244397,adversarial,2.0,10,log_loss,0.0,0.0,0.09768920455077565,0.9928888888888888,0.3085714285714286,[28],1,0.0,0.0,1.0,1.0,0.0,342.15092492103577
9,30,300,5,0.6,1.0,2201.7426042244397,pc,2.0,10,log_loss,22.0174260422444,0.01,0.4481683950986504,0.8704444444444445,0.12,"[0, 24, 28]",3,0.0,0.0,1.0,1.0,0.0,336.59585404396057
9,30,300,5,0.6,1.0,2201.7426042244397,ges,2.0,10,log_loss,41.2566365244975,0.01873817422860384,0.11393084038482995,0.9944444444444445,0.34988095238095235,"[5, 8, 15, 16, 23, 26, 29]",7,0.6,0.42857142857142855,0.5714285714285714,0.8571428571428571,0.14285714285714285,293.953497171402
9,30,300,5,0.6,1.0,2201.7426042244397,iamb,2.0,10,log_loss,41.2566365244975,0.01873817422860384,0.04278283509050691,0.9975555555555555,0.4503174603174604,"[0, 1, 16, 18, 20, 22, 23]",7,0.6,0.42857142857142855,0.5714285714285714,0.8571428571428571,0.14285714285714285,281.29010105133057
9,30,300,5,0.6,1.0,2201.7426042244397,bootstrap_l1,2.0,10,log_loss,0.0,0.0,0.46966866963367027,0.7753333333333334,0.1542857142857143,[28],1,0.0,0.0,1.0,1.0,0.0,272.5546610355377
