seed,p,n,k_star,p_edge,noise_scale,mu_scale,q_source,K_multiplier,K,criterion,mu_star,mu_star_relative,log_loss_star,auc_star,stability_star,support,k_actual,S_recall,S_precision,C_inclusion,causal_precision,correlate_inclusion,fit_seconds
19,30,300,5,0.7,1.0,23806.177551888286,oracle,2.0,10,log_loss,238.06177551888285,0.01,0.043159233738072754,0.9988888888888889,0.39666666666666667,"[19, 20, 21, 29]",4,0.2,0.25,0.75,1.0,0.0,324.7210829257965
19,30,300,5,0.7,1.0,23806.177551888286,uniform,2.0,10,log_loss,0.0,0.0,0.07786632142817859,0.999111111111111,0.35333333333333333,"[19, 21, 29]",3,0.0,0.0,1.0,1.0,0.0,313.51902508735657
19,30,300,5,0.7,1.0,23806.177551888286,adversarial,2.0,10,log_loss,0.0,0.0,0.04550138897646414,0.9993333333333332,0.2692857142857143,"[19, 21, 29]",3,0.0,0.0,1.0,1.0,0.0,313.2674660682678
19,30,300,5,0.7,1.0,23806.177551888286,pc,2.0,10,log_loss,238.06177551888285,0.01,0.012904358307709834,1.0,0.6833333333333333,"[22, 29]",2,0.0,0.0,1.0,1.0,0.0,276.8247072696686
19,30,300,5,0.7,1.0,23806.177551888286,ges,2.0,10,log_loss,238.06177551888285,0.01,0.02037037437641881,1.0,0.4833333333333332,[22],1,0.0,0.0,1.0,1.0,0.0,343.9255380630493
19,30,300,5,0.7,1.0,23806.177551888286,iamb,2.0,10,log_loss,238.06177551888285,0.01,0.019417430986217434,0.9997777777777778,1.0,"[7, 10, 20, 29]",4,0.6,0.75,0.25,1.0,0.0,342.2692799568176
19,30,300,5,0.7,1.0,23806.177551888286,bootstrap_l1,2.0,10,log_loss,238.06177551888285,0.01,0.0607594886301769,0.9982222222222221,0.5433333333333332,"[7, 19, 21, 28]",4,0.2,0.25,0.75,1.0,0.0,366.62431168556213
