seed,p,n,k_star,p_edge,noise_scale,mu_scale,q_source,K_multiplier,K,criterion,mu_star,mu_star_relative,log_loss_star,auc_star,stability_star,support,k_actual,S_recall,S_precision,C_inclusion,causal_precision,correlate_inclusion,fit_seconds
8,50,300,5,0.2,1.0,177.66157711048666,oracle,2.0,10,log_loss,21.902949606479865,0.12328467394420659,0.46434029265242327,0.9733333333333334,0.6664898989898991,"[5, 10, 11, 14, 19, 32, 33, 45, 47]",9,0.8,0.4444444444444444,0.5555555555555556,0.8888888888888888,0.1111111111111111,329.33895921707153
8,50,300,5,0.2,1.0,177.66157711048666,uniform,2.0,10,log_loss,0.0,0.0,0.9166555041799844,0.8977777777777778,0.36127428127428135,"[10, 14, 21, 24, 27, 30, 33, 41, 47]",9,0.2,0.1111111111111111,0.8888888888888888,1.0,0.0,311.6090543270111
8,50,300,5,0.2,1.0,177.66157711048666,adversarial,2.0,10,log_loss,1.7766157711048667,0.01,0.14445983483415403,0.9937777777777776,0.5846969696969697,"[1, 10, 12, 14, 19, 20, 21, 47]",8,0.0,0.0,1.0,0.875,0.125,308.77095007896423
8,50,300,5,0.2,1.0,177.66157711048666,pc,2.0,10,log_loss,1776.6157711048666,10.0,0.08688065287240353,0.9962222222222223,0.37,"[5, 8, 10, 14, 30, 40, 47]",7,0.2,0.14285714285714285,0.8571428571428571,1.0,0.0,348.4575562477112
8,50,300,5,0.2,1.0,177.66157711048666,ges,2.0,10,log_loss,76.90545561320266,0.4328761281083057,0.07478142912457897,0.9968888888888889,0.7377777777777779,"[2, 5, 11, 13, 30, 33, 45, 47]",8,1.0,0.625,0.375,0.875,0.125,329.07091093063354
8,50,300,5,0.2,1.0,177.66157711048666,iamb,2.0,10,log_loss,41.04212858465496,0.23101297000831592,0.07691319978872371,0.9977777777777778,0.5937373737373737,"[5, 11, 13, 14, 21, 33, 37, 45, 47]",9,1.0,0.5555555555555556,0.4444444444444444,0.8888888888888888,0.1111111111111111,338.2008981704712
8,50,300,5,0.2,1.0,177.66157711048666,bootstrap_l1,2.0,10,log_loss,144.10678264103507,0.811130830789687,0.15315043303964448,0.9922222222222222,0.7342424242424243,"[5, 10, 14, 20, 21, 24, 30, 40, 47]",9,0.2,0.1111111111111111,0.8888888888888888,1.0,0.0,274.83400440216064
