seed,p,n,k_star,p_edge,noise_scale,mu_scale,q_source,K_multiplier,K,criterion,mu_star,mu_star_relative,log_loss_star,auc_star,stability_star,support,k_actual,S_recall,S_precision,C_inclusion,causal_precision,correlate_inclusion,fit_seconds
2,30,300,7,0.2,1.0,60.258724824312,oracle,2.0,14,log_loss,2.115799365174684,0.03511191734215131,0.2253487074893091,0.9822222222222221,0.5855860805860806,"[1, 2, 4, 8, 10, 13, 14, 19, 25, 28, 29]",11,1.0,0.6363636363636364,0.36363636363636365,0.9090909090909091,0.09090909090909091,523.9675221443176
2,30,300,7,0.2,1.0,60.258724824312,uniform,2.0,14,log_loss,0.0,0.0,0.20029580569815936,0.9864444444444445,0.5551190476190476,"[1, 2, 4, 10, 13, 14, 16, 19, 25, 28, 29]",11,0.8571428571428571,0.5454545454545454,0.45454545454545453,0.8181818181818182,0.18181818181818182,515.0452971458435
2,30,300,7,0.2,1.0,60.258724824312,adversarial,2.0,14,log_loss,0.0,0.0,0.15665045958520005,0.9888888888888889,0.5414331501831502,"[1, 2, 4, 10, 13, 14, 16, 19, 25, 28, 29]",11,0.8571428571428571,0.5454545454545454,0.45454545454545453,0.8181818181818182,0.18181818181818182,484.76264786720276
2,30,300,7,0.2,1.0,60.258724824312,pc,2.0,14,log_loss,0.6025872482431199,0.009999999999999998,0.15875412478583123,0.9935555555555556,0.5460620017237665,"[1, 2, 4, 10, 13, 14, 16, 19, 25, 28, 29]",11,0.8571428571428571,0.5454545454545454,0.45454545454545453,0.8181818181818182,0.18181818181818182,646.1154561042786
2,30,300,7,0.2,1.0,60.258724824312,ges,2.0,14,log_loss,321.5826904433782,5.336699231206307,0.11231385542486197,0.9937777777777779,0.8530885780885781,"[1, 2, 4, 8, 10, 13, 14, 19, 23, 28, 29]",11,1.0,0.6363636363636364,0.36363636363636365,0.9090909090909091,0.09090909090909091,1080.555466890335
2,30,300,7,0.2,1.0,60.258724824312,iamb,2.0,14,log_loss,7.428977242258972,0.12328467394420659,0.11487757741955403,0.9948888888888889,0.8504079254079254,"[1, 2, 4, 8, 10, 13, 14, 19, 28, 29]",10,1.0,0.7,0.3,0.9,0.1,920.4084451198578
2,30,300,7,0.2,1.0,60.258724824312,bootstrap_l1,2.0,14,log_loss,321.5826904433782,5.336699231206307,0.10929550829563736,0.9955555555555555,0.8754578754578753,"[1, 2, 10, 13, 14, 17, 18, 19, 24, 25, 28, 29]",12,0.8571428571428571,0.5,0.5,1.0,0.0,791.1731719970703
