seed,p,n,k_star,p_edge,noise_scale,mu_scale,q_source,K_multiplier,K,criterion,mu_star,mu_star_relative,log_loss_star,auc_star,stability_star,support,k_actual,S_recall,S_precision,C_inclusion,causal_precision,correlate_inclusion,fit_seconds
8,30,300,5,0.5,1.0,4167.262326677218,oracle,2.0,10,log_loss,0.0,0.0,0.026776140259470928,1.0,0.40547619047619043,"[3, 5, 11, 26, 27]",5,0.4,0.4,0.6,1.0,0.0,312.93407797813416
8,30,300,5,0.5,1.0,4167.262326677218,uniform,2.0,10,log_loss,0.0,0.0,0.029974252681532372,0.9993333333333332,0.42666666666666664,"[3, 5, 11, 26, 27]",5,0.4,0.4,0.6,1.0,0.0,333.24107694625854
8,30,300,5,0.5,1.0,4167.262326677218,adversarial,2.0,10,log_loss,0.0,0.0,0.02871137422615474,0.9997777777777778,0.4576190476190476,"[3, 5, 11, 26, 27]",5,0.4,0.4,0.6,1.0,0.0,337.1045780181885
8,30,300,5,0.5,1.0,4167.262326677218,pc,2.0,10,log_loss,0.0,0.0,0.02945891779488513,0.9995555555555555,0.3968253968253968,"[3, 5, 11, 26, 27]",5,0.4,0.4,0.6,1.0,0.0,340.1763913631439
8,30,300,5,0.5,1.0,4167.262326677218,ges,2.0,10,log_loss,0.0,0.0,0.01783466723318452,1.0,0.4204761904761905,"[3, 5, 11, 26, 27]",5,0.4,0.4,0.6,1.0,0.0,344.87469696998596
8,30,300,5,0.5,1.0,4167.262326677218,iamb,2.0,10,log_loss,0.0,0.0,0.025588186792899113,1.0,0.44297619047619047,"[3, 5, 11, 26, 27]",5,0.4,0.4,0.6,1.0,0.0,332.7575240135193
8,30,300,5,0.5,1.0,4167.262326677218,bootstrap_l1,2.0,10,log_loss,146.3205703573516,0.03511191734215131,0.023957370544935346,0.9997777777777778,0.656547619047619,"[3, 11, 17, 19, 26, 27]",6,0.2,0.16666666666666666,0.8333333333333334,1.0,0.0,340.67455196380615
