seed,p,n,k_star,p_edge,noise_scale,mu_scale,q_source,K_multiplier,K,criterion,mu_star,mu_star_relative,log_loss_star,auc_star,stability_star,support,k_actual,S_recall,S_precision,C_inclusion,causal_precision,correlate_inclusion,fit_seconds
6,20,300,5,0.2,1.0,70.05764254010009,oracle,2.0,10,log_loss,0.0,0.0,0.152740114758986,0.9922222222222222,0.49005439005439005,"[4, 6, 12, 13, 14, 15, 16, 17]",8,1.0,0.625,0.375,0.875,0.125,255.65924882888794
6,20,300,5,0.2,1.0,70.05764254010009,uniform,2.0,10,log_loss,0.0,0.0,0.1006873890567603,0.9955555555555555,0.5118795093795094,"[4, 6, 12, 13, 14, 15, 16, 17]",8,1.0,0.625,0.375,0.875,0.125,273.06296610832214
6,20,300,5,0.2,1.0,70.05764254010009,adversarial,2.0,10,log_loss,0.0,0.0,0.13728003135840874,0.9904444444444443,0.47955710955710956,"[4, 6, 12, 13, 14, 15, 16, 17]",8,1.0,0.625,0.375,0.875,0.125,256.0861051082611
6,20,300,5,0.2,1.0,70.05764254010009,pc,2.0,10,log_loss,0.700576425401001,0.01,0.08332290537392184,0.9960000000000001,0.5366161616161615,"[0, 4, 11, 12, 13, 14, 15, 16, 17]",9,1.0,0.5555555555555556,0.4444444444444444,1.0,0.0,282.85101199150085
6,20,300,5,0.2,1.0,70.05764254010009,ges,2.0,10,log_loss,16.18422407496946,0.23101297000831592,0.09292992250962395,0.9957777777777779,0.7064646464646465,"[4, 11, 12, 13, 15, 16, 17, 19]",8,1.0,0.625,0.375,1.0,0.0,267.77909088134766
6,20,300,5,0.2,1.0,70.05764254010009,iamb,2.0,10,log_loss,8.637033617856016,0.12328467394420657,0.07155905992678753,0.9959999999999999,0.6709920634920635,"[0, 11, 12, 13, 15, 16, 17, 19]",8,1.0,0.625,0.375,1.0,0.0,277.2115249633789
6,20,300,5,0.2,1.0,70.05764254010009,bootstrap_l1,2.0,10,log_loss,0.0,0.0,0.10140109459093091,0.9944444444444447,0.5029292929292929,"[4, 6, 12, 13, 14, 15, 16, 17]",8,1.0,0.625,0.375,0.875,0.125,290.55895709991455
