seed,p,n,k_star,p_edge,noise_scale,mu_scale,q_source,K_multiplier,K,criterion,mu_star,mu_star_relative,log_loss_star,auc_star,stability_star,support,k_actual,S_recall,S_precision,C_inclusion,causal_precision,correlate_inclusion,fit_seconds
2,30,300,5,0.7,1.0,22828.906867254096,oracle,2.0,10,log_loss,228.28906867254096,0.01,0.051545346689330675,0.9982222222222223,0.7166666666666666,"[2, 8, 13, 15, 22, 29]",6,0.6,0.5,0.5,1.0,0.0,323.2027928829193
2,30,300,5,0.7,1.0,22828.906867254096,uniform,2.0,10,log_loss,0.0,0.0,0.127438124993082,0.9913333333333332,0.5399999999999999,"[8, 11, 13, 15]",4,0.2,0.25,0.75,1.0,0.0,378.57161378860474
2,30,300,5,0.7,1.0,22828.906867254096,adversarial,2.0,10,log_loss,228.28906867254096,0.01,0.10043907131864356,0.9955555555555555,0.75,"[11, 13, 15]",3,0.0,0.0,1.0,1.0,0.0,334.8924059867859
2,30,300,5,0.7,1.0,22828.906867254096,pc,2.0,10,log_loss,0.0,0.0,0.1378498653192536,0.9884444444444445,0.5133333333333334,"[8, 11, 13, 15]",4,0.2,0.25,0.75,1.0,0.0,317.4154119491577
2,30,300,5,0.7,1.0,22828.906867254096,ges,2.0,10,log_loss,228.28906867254096,0.01,0.09041324651212759,0.9955555555555555,0.5916666666666667,"[2, 15]",2,0.2,0.5,0.5,1.0,0.0,313.9470899105072
2,30,300,5,0.7,1.0,22828.906867254096,iamb,2.0,10,log_loss,228.28906867254096,0.01,0.07437760320582418,0.9971111111111111,0.6933333333333334,"[2, 8, 15, 29]",4,0.6,0.75,0.25,1.0,0.0,317.59886717796326
2,30,300,5,0.7,1.0,22828.906867254096,bootstrap_l1,2.0,10,log_loss,5273.773577447608,0.23101297000831592,0.10295259262021994,0.9951111111111111,0.6242857142857142,"[8, 11, 13, 15, 24]",5,0.2,0.2,0.8,1.0,0.0,357.94455909729004
