seed,p,n,k_star,p_edge,noise_scale,mu_scale,q_source,K_multiplier,K,criterion,mu_star,mu_star_relative,log_loss_star,auc_star,stability_star,support,k_actual,S_recall,S_precision,C_inclusion,causal_precision,correlate_inclusion,fit_seconds
16,30,300,5,0.1,1.0,46.902069981794256,oracle,2.0,10,log_loss,0.0,0.0,0.25965813954640754,0.9731111111111111,0.5295027195027195,"[4, 9, 15, 18, 24, 26, 27]",7,1.0,0.7142857142857143,0.14285714285714285,0.7142857142857143,0.14285714285714285,238.16748976707458
16,30,300,5,0.1,1.0,46.902069981794256,uniform,2.0,10,log_loss,0.0,0.0,0.2919036266630545,0.9671111111111111,0.5008424908424909,"[4, 9, 15, 18, 24, 26, 27]",7,1.0,0.7142857142857143,0.14285714285714285,0.7142857142857143,0.14285714285714285,250.93296885490417
16,30,300,5,0.1,1.0,46.902069981794256,adversarial,2.0,10,log_loss,0.4690206998179426,0.01,0.2570852300094109,0.976,0.5910497835497835,"[3, 4, 7, 9, 18, 24, 26]",7,1.0,0.7142857142857143,0.2857142857142857,0.7142857142857143,0.2857142857142857,288.93478083610535
16,30,300,5,0.1,1.0,46.902069981794256,pc,2.0,10,log_loss,71.28697597876317,1.5199110829529332,0.29007768655119015,0.9651111111111114,0.5356132756132757,"[4, 7, 9, 18, 24, 26]",6,1.0,0.8333333333333334,0.16666666666666666,0.8333333333333334,0.16666666666666666,246.3930733203888
16,30,300,5,0.1,1.0,46.902069981794256,ges,2.0,10,log_loss,133.57877761203602,2.848035868435799,0.24724884088855775,0.9728888888888889,0.7138888888888889,"[4, 9, 18, 24, 26]",5,1.0,1.0,0.0,1.0,0.0,277.75721311569214
16,30,300,5,0.1,1.0,46.902069981794256,iamb,2.0,10,log_loss,38.04371499008881,0.8111308307896868,0.22429444854425223,0.9717777777777779,0.9333333333333333,"[4, 9, 18, 24, 26]",5,1.0,1.0,0.0,1.0,0.0,285.5679452419281
16,30,300,5,0.1,1.0,46.902069981794256,bootstrap_l1,2.0,10,log_loss,0.4690206998179426,0.01,0.23202688229358753,0.9724444444444444,0.5939898989898988,"[0, 4, 9, 18, 21, 24, 26]",7,1.0,0.7142857142857143,0.14285714285714285,0.7142857142857143,0.14285714285714285,338.7904601097107
