seed,p,n,k_star,p_edge,noise_scale,mu_scale,q_source,K_multiplier,K,criterion,mu_star,mu_star_relative,log_loss_star,auc_star,stability_star,support,k_actual,S_recall,S_precision,C_inclusion,causal_precision,correlate_inclusion,fit_seconds
16,30,300,5,0.2,1.0,877.1761601025967,oracle,2.0,10,log_loss,8.771761601025966,0.01,0.07109143723580835,0.9975555555555555,0.4988492063492063,"[1, 4, 9, 18, 24]",5,0.8,0.8,0.2,1.0,0.0,291.1077790260315
16,30,300,5,0.2,1.0,877.1761601025967,uniform,2.0,10,log_loss,0.0,0.0,0.08076849967991243,0.9975555555555555,0.3736868686868687,"[1, 4, 9, 18, 24]",5,0.8,0.8,0.2,1.0,0.0,298.02807807922363
16,30,300,5,0.2,1.0,877.1761601025967,adversarial,2.0,10,log_loss,8.771761601025966,0.01,0.09141638858692194,0.9962222222222221,0.37084415584415586,"[0, 5, 8, 20, 21, 25]",6,0.0,0.0,1.0,0.5,0.5,287.27731585502625
16,30,300,5,0.2,1.0,877.1761601025967,pc,2.0,10,log_loss,8.771761601025966,0.01,0.05479807858591292,0.9984444444444444,0.37566433566433566,"[3, 4, 9, 10, 14, 15, 17, 24, 25, 28]",10,0.6,0.3,0.6,0.4,0.5,289.55829310417175
16,30,300,5,0.2,1.0,877.1761601025967,ges,2.0,10,log_loss,8.771761601025966,0.01,0.06714355996178051,0.9975555555555555,0.6172619047619048,"[1, 4, 9, 18, 24]",5,0.8,0.8,0.2,1.0,0.0,355.9350731372833
16,30,300,5,0.2,1.0,877.1761601025967,iamb,2.0,10,log_loss,16.43667971718015,0.018738174228603837,0.0468044230076422,0.9988888888888889,0.7001984126984127,"[1, 4, 9, 18, 24]",5,0.8,0.8,0.2,1.0,0.0,380.80394411087036
16,30,300,5,0.2,1.0,877.1761601025967,bootstrap_l1,2.0,10,log_loss,57.71233396090445,0.0657933224657568,0.06395847546450448,0.9973333333333333,0.6579545454545455,"[0, 2, 3, 4, 5, 9, 24, 25]",8,0.6,0.375,0.5,0.75,0.125,381.28762793540955
