seed,p,n,k_star,p_edge,noise_scale,mu_scale,q_source,K_multiplier,K,criterion,mu_star,mu_star_relative,log_loss_star,auc_star,stability_star,support,k_actual,S_recall,S_precision,C_inclusion,causal_precision,correlate_inclusion,fit_seconds
5,30,300,5,0.2,1.0,128.0199694119309,oracle,2.0,10,log_loss,1.280199694119309,0.01,0.07771352614369201,0.9982222222222221,0.6098556998556998,"[2, 4, 7, 12, 14, 20, 22, 27]",8,1.0,0.625,0.375,1.0,0.0,268.9266691207886
5,30,300,5,0.2,1.0,128.0199694119309,uniform,2.0,10,log_loss,0.0,0.0,0.0965165656195388,0.9946666666666667,0.4243989343989344,"[2, 4, 6, 7, 9, 11, 12, 14, 22, 26]",10,0.6,0.3,0.7,0.8,0.2,276.08171486854553
5,30,300,5,0.2,1.0,128.0199694119309,adversarial,2.0,10,log_loss,0.0,0.0,0.19010010951679693,0.9895555555555557,0.2771212121212121,"[2, 4, 6, 7, 9, 11, 12, 14, 22, 26]",10,0.6,0.3,0.7,0.8,0.2,282.5306749343872
5,30,300,5,0.2,1.0,128.0199694119309,pc,2.0,10,log_loss,29.574273354223916,0.23101297000831592,0.0966772255938645,0.9953333333333333,0.6216666666666666,"[1, 2, 4, 7, 9, 12, 14, 18, 20, 24]",10,0.6,0.3,0.7,0.8,0.2,294.4708619117737
5,30,300,5,0.2,1.0,128.0199694119309,ges,2.0,10,log_loss,683.2040723397066,5.336699231206307,0.08924171271329093,0.9931111111111111,0.6958333333333333,"[0, 2, 4, 7, 8, 9, 14, 24]",8,0.4,0.25,0.75,0.875,0.125,292.30688095092773
5,30,300,5,0.2,1.0,128.0199694119309,iamb,2.0,10,log_loss,29.574273354223916,0.23101297000831592,0.07160882536155797,0.9968888888888889,0.6710101010101008,"[2, 4, 6, 14, 20, 22, 27]",7,1.0,0.7142857142857143,0.2857142857142857,1.0,0.0,290.00235891342163
5,30,300,5,0.2,1.0,128.0199694119309,bootstrap_l1,2.0,10,log_loss,15.782900187297201,0.12328467394420659,0.09356669977437528,0.9964444444444445,0.569941724941725,"[1, 2, 4, 6, 7, 9, 11, 14, 20, 24]",10,0.6,0.3,0.7,0.8,0.2,283.90196895599365
