seed,p,n,k_star,p_edge,noise_scale,mu_scale,q_source,K_multiplier,K,criterion,mu_star,mu_star_relative,log_loss_star,auc_star,stability_star,support,k_actual,S_recall,S_precision,C_inclusion,causal_precision,correlate_inclusion,fit_seconds
0,30,300,3,0.2,1.0,213.55459899975097,oracle,2.0,6,log_loss,0.0,0.0,0.05659164178164579,0.998,0.5267857142857143,"[2, 10, 11, 18, 22]",5,1.0,0.6,0.4,1.0,0.0,68.90717482566833
0,30,300,3,0.2,1.0,213.55459899975097,uniform,2.0,6,log_loss,0.0,0.0,0.07401605410208832,0.9953333333333333,0.45,"[2, 10, 11, 18, 22]",5,1.0,0.6,0.4,1.0,0.0,76.90016222000122
0,30,300,3,0.2,1.0,213.55459899975097,adversarial,2.0,6,log_loss,0.0,0.0,0.13196217293570495,0.9922222222222222,0.47202380952380957,"[2, 10, 11, 18, 22]",5,1.0,0.6,0.4,1.0,0.0,85.34981107711792
0,30,300,3,0.2,1.0,213.55459899975097,pc,2.0,6,log_loss,2135.5459899975094,9.999999999999998,0.06663513496058829,0.9988888888888889,0.8,"[2, 9, 10, 21, 22]",5,1.0,0.6,0.4,1.0,0.0,103.16901183128357
0,30,300,3,0.2,1.0,213.55459899975097,ges,2.0,6,log_loss,4.001623283376961,0.01873817422860384,0.05638248715512819,0.9988888888888889,0.7566666666666666,"[2, 7, 10, 22]",4,1.0,0.75,0.25,1.0,0.0,98.98440313339233
0,30,300,3,0.2,1.0,213.55459899975097,iamb,2.0,6,log_loss,26.328009106970082,0.12328467394420659,0.055630180554160434,0.998,0.6473809523809524,"[2, 3, 7, 10, 22]",5,1.0,0.6,0.4,1.0,0.0,104.07796621322632
0,30,300,3,0.2,1.0,213.55459899975097,bootstrap_l1,2.0,6,log_loss,7.498311428115524,0.03511191734215131,0.06346578156417185,0.9977777777777778,0.7619047619047619,"[2, 10, 11, 18, 22]",5,1.0,0.6,0.4,1.0,0.0,97.42653393745422
