seed,p,n,k_star,p_edge,noise_scale,mu_scale,q_source,K_multiplier,K,criterion,mu_star,mu_star_relative,log_loss_star,auc_star,stability_star,support,k_actual,S_recall,S_precision,C_inclusion,causal_precision,correlate_inclusion,fit_seconds
10,30,300,5,0.3,1.0,413.2558264473598,oracle,2.0,10,log_loss,4.132558264473598,0.01,0.035792563106646816,0.9997777777777778,0.3758413808413808,"[3, 9, 12, 15, 16, 24]",6,0.4,0.3333333333333333,0.6666666666666666,1.0,0.0,276.62809801101685
10,30,300,5,0.3,1.0,413.2558264473598,uniform,2.0,10,log_loss,0.0,0.0,0.12112956925757046,0.9951111111111111,0.2719164169164169,"[0, 3, 9, 12, 24]",5,0.4,0.4,0.6,1.0,0.0,273.4989290237427
10,30,300,5,0.3,1.0,413.2558264473598,adversarial,2.0,10,log_loss,0.0,0.0,0.06808093259422497,0.9975555555555555,0.3499084249084249,"[0, 3, 9, 12, 24]",5,0.4,0.4,0.6,1.0,0.0,259.31941294670105
10,30,300,5,0.3,1.0,413.2558264473598,pc,2.0,10,log_loss,50.94810981910638,0.12328467394420659,0.03724583405698996,0.9995555555555555,0.4931263181263181,"[0, 3, 9, 12, 16, 24]",6,0.4,0.3333333333333333,0.6666666666666666,1.0,0.0,261.4766800403595
10,30,300,5,0.3,1.0,413.2558264473598,ges,2.0,10,log_loss,95.46745584084574,0.23101297000831592,0.028371561993679916,0.9997777777777778,0.5928571428571429,"[3, 9, 12, 24, 28, 29]",6,0.6,0.5,0.5,1.0,0.0,305.02354407310486
10,30,300,5,0.3,1.0,413.2558264473598,iamb,2.0,10,log_loss,7.743659676956299,0.01873817422860384,0.04016286885344089,0.9997777777777778,0.42708513708513707,"[3, 4, 6, 12, 25, 28]",6,0.6,0.5,0.5,1.0,0.0,265.15509700775146
10,30,300,5,0.3,1.0,413.2558264473598,bootstrap_l1,2.0,10,log_loss,178.88858207073108,0.43287612810830567,0.03345162789420331,0.9997777777777778,0.6614141414141415,"[0, 3, 4, 7, 9, 11, 14, 17, 25]",9,0.4,0.2222222222222222,0.7777777777777778,0.7777777777777778,0.2222222222222222,297.5799617767334
