seed,p,n,k_star,p_edge,noise_scale,mu_scale,q_source,K_multiplier,K,criterion,mu_star,mu_star_relative,log_loss_star,auc_star,stability_star,support,k_actual,S_recall,S_precision,C_inclusion,causal_precision,correlate_inclusion,fit_seconds
1,30,300,5,0.2,0.5,64.47632590015576,oracle,2.0,10,log_loss,0.0,0.0,0.1067252586485794,0.9942222222222222,0.7037518037518037,"[1, 7, 12, 13, 15, 18, 27]",7,1.0,0.7142857142857143,0.2857142857142857,0.8571428571428571,0.14285714285714285,307.45241713523865
1,30,300,5,0.2,0.5,64.47632590015576,uniform,2.0,10,log_loss,0.0,0.0,0.108347306344914,0.9951111111111113,0.5565656565656566,"[1, 7, 12, 13, 15, 18, 27]",7,1.0,0.7142857142857143,0.2857142857142857,0.8571428571428571,0.14285714285714285,320.5056109428406
1,30,300,5,0.2,0.5,64.47632590015576,adversarial,2.0,10,log_loss,0.0,0.0,0.08186176990804664,0.9957777777777779,0.6807142857142856,"[1, 7, 12, 13, 15, 18, 27]",7,1.0,0.7142857142857143,0.2857142857142857,0.8571428571428571,0.14285714285714285,280.04588508605957
1,30,300,5,0.2,0.5,64.47632590015576,pc,2.0,10,log_loss,52.298735793659944,0.8111308307896868,0.06913534401239882,0.9968888888888889,0.6988095238095238,"[1, 7, 13, 15, 18, 27]",6,1.0,0.8333333333333334,0.16666666666666666,0.8333333333333334,0.16666666666666666,313.3801620006561
1,30,300,5,0.2,0.5,64.47632590015576,ges,2.0,10,log_loss,7.948942815721105,0.12328467394420659,0.08397217557428346,0.9971111111111112,0.5928535353535352,"[1, 7, 11, 12, 13, 15, 18, 27]",8,1.0,0.625,0.375,0.875,0.125,320.46653985977173
1,30,300,5,0.2,0.5,64.47632590015576,iamb,2.0,10,log_loss,52.298735793659944,0.8111308307896868,0.0780724670758364,0.998,0.6706349206349207,"[1, 5, 7, 13, 15, 16, 26, 27]",8,1.0,0.625,0.375,0.875,0.125,366.4606981277466
1,30,300,5,0.2,0.5,64.47632590015576,bootstrap_l1,2.0,10,log_loss,2.2638874255318786,0.03511191734215131,0.1269667596189204,0.9973333333333334,0.638095238095238,"[1, 7, 13, 15, 26, 27]",6,1.0,0.8333333333333334,0.16666666666666666,0.8333333333333334,0.16666666666666666,358.7938530445099
