seed,p,n,k_star,p_edge,noise_scale,mu_scale,q_source,K_multiplier,K,criterion,mu_star,mu_star_relative,log_loss_star,auc_star,stability_star,support,k_actual,S_recall,S_precision,C_inclusion,causal_precision,correlate_inclusion,fit_seconds
2,30,300,3,0.2,1.0,59.927808226776676,oracle,2.0,6,log_loss,0.0,0.0,0.14762329465254312,0.9888888888888889,0.6133333333333334,"[8, 10, 29]",3,1.0,1.0,0.0,1.0,0.0,185.41645693778992
2,30,300,3,0.2,1.0,59.927808226776676,uniform,2.0,6,log_loss,0.0,0.0,0.14042506547328337,0.9893333333333333,0.75,"[8, 10, 29]",3,1.0,1.0,0.0,1.0,0.0,191.32665586471558
2,30,300,3,0.2,1.0,59.927808226776676,adversarial,2.0,6,log_loss,0.5992780822677668,0.01,0.13620733731622106,0.99,0.5916666666666666,"[8, 10, 29]",3,1.0,1.0,0.0,1.0,0.0,214.05324792861938
2,30,300,3,0.2,1.0,59.927808226776676,pc,2.0,6,log_loss,91.08493990095583,1.5199110829529332,0.1394373587566389,0.989777777777778,0.6328571428571429,"[8, 10, 29]",3,1.0,1.0,0.0,1.0,0.0,273.5782070159912
2,30,300,3,0.2,1.0,59.927808226776676,ges,2.0,6,log_loss,1.1229377116916999,0.01873817422860384,0.14584550788052925,0.9891111111111112,0.6057142857142856,"[0, 8, 10, 28, 29]",5,1.0,0.6,0.4,0.6,0.4,134.53982830047607
2,30,300,3,0.2,1.0,59.927808226776676,iamb,2.0,6,log_loss,0.0,0.0,0.15943489059966923,0.9860000000000001,0.6599999999999999,"[8, 10, 29]",3,1.0,1.0,0.0,1.0,0.0,82.69890403747559
2,30,300,3,0.2,1.0,59.927808226776676,bootstrap_l1,2.0,6,log_loss,0.0,0.0,0.12834287848464926,0.9891111111111112,0.76,"[8, 10, 29]",3,1.0,1.0,0.0,1.0,0.0,104.24158000946045
