seed,p,n,k_star,p_edge,noise_scale,mu_scale,q_source,K_multiplier,K,criterion,mu_star,mu_star_relative,log_loss_star,auc_star,stability_star,support,k_actual,S_recall,S_precision,C_inclusion,causal_precision,correlate_inclusion,fit_seconds
6,30,300,5,0.6,1.0,2503.0466627406095,oracle,2.0,10,log_loss,0.0,0.0,0.08786168749247666,0.9948888888888888,0.4037698412698413,"[12, 13, 15, 25, 29]",5,0.2,0.2,0.8,1.0,0.0,309.94615507125854
6,30,300,5,0.6,1.0,2503.0466627406095,uniform,2.0,10,log_loss,0.0,0.0,0.061332688008550365,0.9982222222222223,0.3987301587301587,"[12, 13, 15, 25, 29]",5,0.2,0.2,0.8,1.0,0.0,337.20102405548096
6,30,300,5,0.6,1.0,2503.0466627406095,adversarial,2.0,10,log_loss,0.0,0.0,0.0683430011591051,0.9957777777777779,0.3386904761904762,"[12, 13, 15, 25, 29]",5,0.2,0.2,0.8,1.0,0.0,336.41955518722534
6,30,300,5,0.6,1.0,2503.0466627406095,pc,2.0,10,log_loss,25.030466627406096,0.01,0.0359211362009025,0.9993333333333332,0.5553571428571429,"[8, 10, 12, 13, 14, 15, 29]",7,0.2,0.14285714285714285,0.8571428571428571,1.0,0.0,329.46222591400146
6,30,300,5,0.6,1.0,2503.0466627406095,ges,2.0,10,log_loss,0.0,0.0,0.049102947891985646,0.9977777777777778,0.3434343434343434,"[12, 13, 15, 25, 29]",5,0.2,0.2,0.8,1.0,0.0,351.18956184387207
6,30,300,5,0.6,1.0,2503.0466627406095,iamb,2.0,10,log_loss,0.0,0.0,0.11005087146537999,0.9955555555555555,0.4165945165945166,"[12, 13, 15, 25, 29]",5,0.2,0.2,0.8,1.0,0.0,363.48482298851013
6,30,300,5,0.6,1.0,2503.0466627406095,bootstrap_l1,2.0,10,log_loss,25.030466627406096,0.01,0.061113546940174276,0.9973333333333333,0.35095959595959597,"[10, 11, 13, 14, 15, 29]",6,0.2,0.16666666666666666,0.8333333333333334,1.0,0.0,322.0187530517578
