seed,p,n,k_star,p_edge,noise_scale,mu_scale,q_source,K_multiplier,K,criterion,mu_star,mu_star_relative,log_loss_star,auc_star,stability_star,support,k_actual,S_recall,S_precision,C_inclusion,causal_precision,correlate_inclusion,fit_seconds
3,30,300,5,0.7,1.0,17493.418158347613,oracle,2.0,10,log_loss,0.0,0.0,0.051030227303365094,0.998,0.28305555555555556,"[0, 5, 6, 23, 24, 27, 29]",7,0.0,0.0,1.0,1.0,0.0,272.0936987400055
3,30,300,5,0.7,1.0,17493.418158347613,uniform,2.0,10,log_loss,0.0,0.0,0.05237094990922081,0.9982222222222223,0.44333333333333336,"[0, 5, 6, 23, 24, 27, 29]",7,0.0,0.0,1.0,1.0,0.0,282.33770298957825
3,30,300,5,0.7,1.0,17493.418158347613,adversarial,2.0,10,log_loss,0.0,0.0,0.08569962594408578,0.9991111111111112,0.33166666666666667,"[0, 5, 6, 23, 24, 27, 29]",7,0.0,0.0,1.0,1.0,0.0,288.65394711494446
3,30,300,5,0.7,1.0,17493.418158347613,pc,2.0,10,log_loss,174.93418158347615,0.01,0.04439678129499279,0.9988888888888889,0.43999999999999995,"[0, 10, 13, 25, 27]",5,0.0,0.0,1.0,1.0,0.0,271.4557650089264
3,30,300,5,0.7,1.0,17493.418158347613,ges,2.0,10,log_loss,174.93418158347615,0.01,0.07153303997423925,0.9957777777777779,0.4083333333333334,[0],1,0.0,0.0,1.0,1.0,0.0,287.7740669250488
3,30,300,5,0.7,1.0,17493.418158347613,iamb,2.0,10,log_loss,0.0,0.0,0.12922508526032495,0.9893333333333334,0.23500000000000001,"[0, 5, 6, 23, 24, 27, 29]",7,0.0,0.0,1.0,1.0,0.0,307.7275960445404
3,30,300,5,0.7,1.0,17493.418158347613,bootstrap_l1,2.0,10,log_loss,0.0,0.0,0.07185841249708551,0.9982222222222223,0.35857142857142854,"[0, 5, 6, 23, 24, 27, 29]",7,0.0,0.0,1.0,1.0,0.0,267.0609631538391
