seed,p,n,k_star,p_edge,noise_scale,mu_scale,q_source,K_multiplier,K,criterion,mu_star,mu_star_relative,log_loss_star,auc_star,stability_star,support,k_actual,S_recall,S_precision,C_inclusion,causal_precision,correlate_inclusion,fit_seconds
1,30,75,5,0.2,1.0,44.04178807928649,oracle,2.0,10,log_loss,0.825262698368918,0.01873817422860384,0.1043507356204495,0.9928571428571429,0.5450396825396826,"[0, 1, 7, 8, 13, 15, 16, 27]",8,1.0,0.625,0.25,0.75,0.125,266.23226714134216
1,30,75,5,0.2,1.0,44.04178807928649,uniform,2.0,10,log_loss,0.0,0.0,0.4028991000343652,0.9696428571428571,0.5232467532467533,"[1, 5, 7, 8, 13, 16, 27]",7,0.8,0.5714285714285714,0.42857142857142855,0.8571428571428571,0.14285714285714285,230.22170400619507
1,30,75,5,0.2,1.0,44.04178807928649,adversarial,2.0,10,log_loss,0.0,0.0,0.6834881410937952,0.9607142857142857,0.3942132867132867,"[1, 5, 7, 8, 13, 16, 27]",7,0.8,0.5714285714285714,0.42857142857142855,0.8571428571428571,0.14285714285714285,214.36028504371643
1,30,75,5,0.2,1.0,44.04178807928649,pc,2.0,10,log_loss,0.0,0.0,0.1700517448612919,1.0,0.5815295815295816,"[1, 5, 7, 8, 13, 16, 27]",7,0.8,0.5714285714285714,0.42857142857142855,0.8571428571428571,0.14285714285714285,236.4472301006317
1,30,75,5,0.2,1.0,44.04178807928649,ges,2.0,10,log_loss,2.89765556506902,0.0657933224657568,0.04719969290804972,1.0,0.85,"[1, 7, 13, 15, 16, 27]",6,1.0,0.8333333333333334,0.16666666666666666,1.0,0.0,223.80944991111755
1,30,75,5,0.2,1.0,44.04178807928649,iamb,2.0,10,log_loss,1.546391622640452,0.03511191734215131,0.1203955072079628,0.9928571428571429,0.7517857142857143,"[1, 7, 13, 15, 27]",5,1.0,1.0,0.0,1.0,0.0,235.22220301628113
1,30,75,5,0.2,1.0,44.04178807928649,bootstrap_l1,2.0,10,log_loss,19.06463869872807,0.4328761281083057,0.16872235425423548,0.9821428571428571,0.6562698412698412,"[0, 1, 7, 13, 16, 27]",6,0.8,0.6666666666666666,0.16666666666666666,0.8333333333333334,0.0,231.48103880882263
