seed,p,n,k_star,p_edge,noise_scale,mu_scale,q_source,K_multiplier,K,criterion,mu_star,mu_star_relative,log_loss_star,auc_star,stability_star,support,k_actual,S_recall,S_precision,C_inclusion,causal_precision,correlate_inclusion,fit_seconds
16,30,300,5,0.4,1.0,1118.3249598810744,oracle,2.0,10,log_loss,11.183249598810745,0.01,0.052120093751839805,0.9988888888888889,0.6013095238095237,"[1, 9, 16, 18, 24, 26]",6,0.8,0.6666666666666666,0.3333333333333333,1.0,0.0,301.90226674079895
16,30,300,5,0.4,1.0,1118.3249598810744,uniform,2.0,10,log_loss,0.0,0.0,0.05348351064954595,0.9973333333333333,0.5244047619047619,"[0, 9, 15, 16, 18, 24, 26]",7,0.8,0.5714285714285714,0.42857142857142855,1.0,0.0,283.63093304634094
16,30,300,5,0.4,1.0,1118.3249598810744,adversarial,2.0,10,log_loss,0.0,0.0,0.06299664884159983,0.9966666666666667,0.4125,"[0, 9, 15, 16, 18, 24, 26]",7,0.8,0.5714285714285714,0.42857142857142855,1.0,0.0,310.231214761734
16,30,300,5,0.4,1.0,1118.3249598810744,pc,2.0,10,log_loss,0.0,0.0,0.055816356845462115,0.9988888888888889,0.49071428571428577,"[0, 9, 15, 16, 18, 24, 26]",7,0.8,0.5714285714285714,0.42857142857142855,1.0,0.0,300.8291919231415
16,30,300,5,0.4,1.0,1118.3249598810744,ges,2.0,10,log_loss,11.183249598810745,0.01,0.025630173619369295,0.9993333333333332,0.8,"[9, 18, 24, 26]",4,0.8,1.0,0.0,1.0,0.0,372.18901801109314
16,30,300,5,0.4,1.0,1118.3249598810744,iamb,2.0,10,log_loss,20.95536794244797,0.01873817422860384,0.03833965155787238,0.9988888888888889,0.7363095238095237,"[9, 18, 24, 26]",4,0.8,1.0,0.0,1.0,0.0,365.67254400253296
16,30,300,5,0.4,1.0,1118.3249598810744,bootstrap_l1,2.0,10,log_loss,73.57831470696006,0.0657933224657568,0.04091449289482416,0.9986666666666666,0.7404761904761905,"[9, 14, 16, 18, 24, 26]",6,0.8,0.6666666666666666,0.3333333333333333,1.0,0.0,350.00444078445435
