seed,p,n,k_star,p_edge,noise_scale,mu_scale,q_source,K_multiplier,K,criterion,mu_star,mu_star_relative,log_loss_star,auc_star,stability_star,support,k_actual,S_recall,S_precision,C_inclusion,causal_precision,correlate_inclusion,fit_seconds
4,30,300,5,0.7,1.0,7260.809554832656,oracle,2.0,10,log_loss,0.0,0.0,0.10552702905505285,0.992,0.36714285714285716,"[5, 13, 14, 23]",4,0.0,0.0,1.0,1.0,0.0,506.98039984703064
4,30,300,5,0.7,1.0,7260.809554832656,uniform,2.0,10,log_loss,0.0,0.0,0.10202351338743287,0.9957777777777779,0.35404761904761906,"[5, 13, 14, 23]",4,0.0,0.0,1.0,1.0,0.0,298.0049731731415
4,30,300,5,0.7,1.0,7260.809554832656,adversarial,2.0,10,log_loss,0.0,0.0,0.07618605299074528,0.9964444444444445,0.4019047619047619,"[5, 13, 14, 23]",4,0.0,0.0,1.0,1.0,0.0,378.70731115341187
4,30,300,5,0.7,1.0,7260.809554832656,pc,2.0,10,log_loss,0.0,0.0,0.045645053912341055,0.9997777777777778,0.3839285714285714,"[5, 13, 14, 23]",4,0.0,0.0,1.0,1.0,0.0,342.57613492012024
4,30,300,5,0.7,1.0,7260.809554832656,ges,2.0,10,log_loss,0.0,0.0,0.07723761126419658,0.9977777777777778,0.42214285714285715,"[5, 13, 14, 23]",4,0.0,0.0,1.0,1.0,0.0,362.5370509624481
4,30,300,5,0.7,1.0,7260.809554832656,iamb,2.0,10,log_loss,0.0,0.0,0.05354243606357008,0.998,0.43095238095238103,"[5, 13, 14, 23]",4,0.0,0.0,1.0,1.0,0.0,381.1789119243622
4,30,300,5,0.7,1.0,7260.809554832656,bootstrap_l1,2.0,10,log_loss,895.1465385385238,0.12328467394420659,0.05180042297340141,0.998,0.6119047619047618,"[4, 5, 13, 14, 23]",5,0.0,0.0,1.0,1.0,0.0,402.07801604270935
