seed,p,n,k_star,p_edge,noise_scale,mu_scale,q_source,K_multiplier,K,criterion,mu_star,mu_star_relative,log_loss_star,auc_star,stability_star,support,k_actual,S_recall,S_precision,C_inclusion,causal_precision,correlate_inclusion,fit_seconds
4,30,300,5,0.2,0.5,51.67564690252266,oracle,2.0,10,log_loss,0.5167564690252265,0.009999999999999998,0.10056593225838173,0.9960000000000001,0.5872727272727273,"[5, 7, 8, 9, 13, 20, 27, 29]",8,1.0,0.625,0.25,0.875,0.0,521.8081629276276
4,30,300,5,0.2,0.5,51.67564690252266,uniform,2.0,10,log_loss,0.0,0.0,0.08056668448323805,0.9966666666666667,0.5167249417249417,"[5, 7, 8, 9, 13, 20, 27, 29]",8,1.0,0.625,0.25,0.875,0.0,584.9877948760986
4,30,300,5,0.2,0.5,51.67564690252266,adversarial,2.0,10,log_loss,0.0,0.0,0.11102854871210974,0.9937777777777779,0.6058158508158509,"[5, 7, 8, 9, 13, 20, 27, 29]",8,1.0,0.625,0.25,0.875,0.0,32818.62913608551
4,30,300,5,0.2,0.5,51.67564690252266,pc,2.0,10,log_loss,41.91571040363771,0.8111308307896868,0.09057464701347924,0.9964444444444445,0.6026029526029527,"[5, 7, 8, 10, 16, 20, 22, 26, 27, 29]",10,1.0,0.5,0.5,0.7,0.3,500.80093598365784
4,30,300,5,0.2,0.5,51.67564690252266,ges,2.0,10,log_loss,22.36915394865597,0.4328761281083057,0.09563793865710525,0.9937777777777779,0.701060606060606,"[5, 7, 8, 13, 20, 23, 27, 29]",8,1.0,0.625,0.375,1.0,0.0,229.29013514518738
4,30,300,5,0.2,0.5,51.67564690252266,iamb,2.0,10,log_loss,1.8144310426435728,0.03511191734215131,0.08814254774913499,0.9960000000000001,0.6206410256410257,"[2, 7, 8, 9, 10, 16, 20, 23, 27, 29]",10,1.0,0.5,0.4,0.7,0.2,301.9710428714752
4,30,300,5,0.2,0.5,51.67564690252266,bootstrap_l1,2.0,10,log_loss,11.93774466805279,0.23101297000831592,0.07625657697251685,0.9984444444444444,0.7187373737373738,"[4, 5, 7, 8, 9, 10, 14, 20, 23, 29]",10,0.8,0.4,0.5,0.8,0.1,346.81503415107727
