seed,p,n,k_star,p_edge,noise_scale,mu_scale,q_source,K_multiplier,K,criterion,mu_star,mu_star_relative,log_loss_star,auc_star,stability_star,support,k_actual,S_recall,S_precision,C_inclusion,causal_precision,correlate_inclusion,fit_seconds
7,30,75,5,0.2,1.0,30.612781245784454,oracle,2.0,10,log_loss,2.0141165880775684,0.0657933224657568,0.9006490547795629,0.8964285714285714,0.36021478521478517,"[6, 8, 9, 15, 17, 18, 20, 22, 26, 29]",10,0.8,0.4,0.6,1.0,0.0,225.50641703605652
7,30,75,5,0.2,1.0,30.612781245784454,uniform,2.0,10,log_loss,0.0,0.0,0.4782407280318665,0.9571428571428571,0.35162670662670664,"[7, 9, 10, 13, 15, 17, 18, 19, 20, 25]",10,0.6,0.3,0.7,0.9,0.1,232.7634401321411
7,30,75,5,0.2,1.0,30.612781245784454,adversarial,2.0,10,log_loss,0.30612781245784454,0.01,0.4137929282357312,0.9535714285714286,0.39564602064602067,"[10, 13, 17, 18, 20, 22, 24, 25, 26, 29]",10,0.4,0.2,0.8,0.9,0.1,222.11119627952576
7,30,75,5,0.2,1.0,30.612781245784454,pc,2.0,10,log_loss,163.37120613946473,5.336699231206307,0.488733469791947,0.9678571428571429,0.4209207459207459,"[3, 5, 6, 7, 9, 10, 13, 20, 29]",9,0.4,0.2222222222222222,0.7777777777777778,0.7777777777777778,0.2222222222222222,232.38513278961182
7,30,75,5,0.2,1.0,30.612781245784454,ges,2.0,10,log_loss,24.83097068467609,0.8111308307896868,0.43959541964117965,0.9571428571428571,0.5059090909090909,"[6, 9, 13, 17, 18, 20, 21, 22, 29]",9,0.8,0.4444444444444444,0.5555555555555556,0.8888888888888888,0.1111111111111111,236.77149605751038
7,30,75,5,0.2,1.0,30.612781245784454,iamb,2.0,10,log_loss,3.774086754411859,0.12328467394420659,0.4061929435549142,0.9642857142857142,0.5533100233100234,"[6, 8, 9, 15, 17, 18, 20, 21, 22]",9,0.8,0.4444444444444444,0.5555555555555556,1.0,0.0,230.81716084480286
7,30,75,5,0.2,1.0,30.612781245784454,bootstrap_l1,2.0,10,log_loss,2.0141165880775684,0.0657933224657568,0.8665316016906267,0.9535714285714286,0.570994560994561,"[3, 7, 9, 10, 13, 20, 21, 24, 25, 29]",10,0.2,0.1,0.9,0.9,0.1,232.3599648475647
