seed,p,n,k_star,p_edge,noise_scale,mu_scale,q_source,K_multiplier,K,criterion,mu_star,mu_star_relative,log_loss_star,auc_star,stability_star,support,k_actual,S_recall,S_precision,C_inclusion,causal_precision,correlate_inclusion,fit_seconds
16,30,300,5,0.5,1.0,778.2582994351023,oracle,2.0,10,log_loss,7.782582994351023,0.01,0.1223966878675542,0.992,0.8785714285714287,"[2, 4, 9, 25, 26, 28]",6,0.6,0.5,0.5,0.8333333333333334,0.16666666666666666,303.32843494415283
16,30,300,5,0.5,1.0,778.2582994351023,uniform,2.0,10,log_loss,0.0,0.0,0.1884433577477778,0.9906666666666666,0.7642857142857143,"[2, 4, 9, 25, 26, 28]",6,0.6,0.5,0.5,0.8333333333333334,0.16666666666666666,276.29639410972595
16,30,300,5,0.5,1.0,778.2582994351023,adversarial,2.0,10,log_loss,0.0,0.0,0.1612030348650499,0.9948888888888888,0.8892857142857142,"[2, 4, 9, 25, 26, 28]",6,0.6,0.5,0.5,0.8333333333333334,0.16666666666666666,276.302063703537
16,30,300,5,0.5,1.0,778.2582994351023,pc,2.0,10,log_loss,0.0,0.0,0.21697558477219178,0.9902222222222223,0.8055555555555556,"[2, 4, 9, 25, 26, 28]",6,0.6,0.5,0.5,0.8333333333333334,0.16666666666666666,298.6534080505371
16,30,300,5,0.5,1.0,778.2582994351023,ges,2.0,10,log_loss,179.78776118612424,0.23101297000831592,0.10398179476260175,0.994,0.7342857142857143,"[4, 9, 26, 28]",4,0.6,0.75,0.25,1.0,0.0,335.35258197784424
16,30,300,5,0.5,1.0,778.2582994351023,iamb,2.0,10,log_loss,7.782582994351023,0.01,0.18788824598814616,0.9926666666666666,0.7321428571428571,"[1, 2, 4, 9, 16, 25, 26, 28]",8,0.6,0.375,0.625,0.875,0.125,379.84701228141785
16,30,300,5,0.5,1.0,778.2582994351023,bootstrap_l1,2.0,10,log_loss,27.326141080608554,0.03511191734215131,0.11658597157747401,0.9944444444444445,0.9069444444444444,"[2, 4, 5, 9, 25, 26, 28]",7,0.6,0.42857142857142855,0.5714285714285714,0.8571428571428571,0.14285714285714285,356.0673542022705
