seed,p,n,k_star,p_edge,noise_scale,mu_scale,q_source,K_multiplier,K,criterion,mu_star,mu_star_relative,log_loss_star,auc_star,stability_star,support,k_actual,S_recall,S_precision,C_inclusion,causal_precision,correlate_inclusion,fit_seconds
8,30,300,5,0.2,1.0,489.23926882401105,oracle,2.0,10,log_loss,4.89239268824011,0.01,0.03466904036331369,0.9997777777777778,0.5913131313131312,"[3, 5, 6, 8, 9, 16, 20, 25, 29]",9,0.8,0.4444444444444444,0.5555555555555556,0.7777777777777778,0.2222222222222222,278.95781779289246
8,30,300,5,0.2,1.0,489.23926882401105,uniform,2.0,10,log_loss,0.0,0.0,0.029699051836809674,0.9993333333333332,0.691504329004329,"[3, 6, 8, 9, 16, 20, 23, 25]",8,0.6,0.375,0.625,0.75,0.25,300.40100288391113
8,30,300,5,0.2,1.0,489.23926882401105,adversarial,2.0,10,log_loss,0.0,0.0,0.0545767454004326,0.9966666666666667,0.517948717948718,"[3, 6, 8, 9, 16, 20, 23, 25]",8,0.6,0.375,0.625,0.75,0.25,296.2210340499878
8,30,300,5,0.2,1.0,489.23926882401105,pc,2.0,10,log_loss,60.31570373767023,0.12328467394420659,0.03193823792728638,0.9991111111111112,0.5873737373737373,"[6, 9, 16, 17, 20, 23, 25]",7,0.6,0.42857142857142855,0.5714285714285714,0.7142857142857143,0.2857142857142857,291.06944513320923
8,30,300,5,0.2,1.0,489.23926882401105,ges,2.0,10,log_loss,9.167450658699071,0.01873817422860384,0.03416723676794873,0.9995555555555555,0.5660714285714286,"[5, 6, 9, 20, 25, 26]",6,1.0,0.8333333333333334,0.16666666666666666,1.0,0.0,331.35781383514404
8,30,300,5,0.2,1.0,489.23926882401105,iamb,2.0,10,log_loss,4.89239268824011,0.01,0.0334269856394601,0.9995555555555555,0.6715151515151515,"[5, 6, 8, 9, 16, 18, 20, 23, 25]",9,0.8,0.4444444444444444,0.5555555555555556,0.6666666666666666,0.3333333333333333,306.5748736858368
8,30,300,5,0.2,1.0,489.23926882401105,bootstrap_l1,2.0,10,log_loss,4.89239268824011,0.01,0.01986325428592367,0.9997777777777778,1.0,"[3, 6, 9, 16, 20, 23, 25]",7,0.6,0.42857142857142855,0.5714285714285714,0.7142857142857143,0.2857142857142857,300.3745872974396
