seed,p,n,k_star,p_edge,noise_scale,mu_scale,q_source,K_multiplier,K,criterion,mu_star,mu_star_relative,log_loss_star,auc_star,stability_star,support,k_actual,S_recall,S_precision,C_inclusion,causal_precision,correlate_inclusion,fit_seconds
7,30,300,5,0.2,1.0,123.57245901636512,oracle,2.0,10,log_loss,0.0,0.0,0.13155507430647537,0.9926666666666668,0.4737862137862138,"[6, 9, 17, 18, 19, 20, 22, 23, 26]",9,1.0,0.5555555555555556,0.4444444444444444,1.0,0.0,273.6628301143646
7,30,300,5,0.2,1.0,123.57245901636512,uniform,2.0,10,log_loss,0.0,0.0,0.20043153927873872,0.9855555555555554,0.43661671661671664,"[6, 9, 17, 18, 19, 20, 22, 23, 26]",9,1.0,0.5555555555555556,0.4444444444444444,1.0,0.0,280.91990971565247
7,30,300,5,0.2,1.0,123.57245901636512,adversarial,2.0,10,log_loss,1.235724590163651,0.01,0.20248395066797178,0.981111111111111,0.5542793317793316,"[1, 3, 8, 12, 15, 16, 17, 20, 21]",9,0.2,0.1111111111111111,0.8888888888888888,0.8888888888888888,0.1111111111111111,304.23396492004395
7,30,300,5,0.2,1.0,123.57245901636512,pc,2.0,10,log_loss,8.130242643950226,0.0657933224657568,0.10569770404398342,0.9928888888888888,0.40375457875457876,"[1, 5, 6, 12, 16, 17, 19, 22, 29]",9,0.4,0.2222222222222222,0.7777777777777778,0.7777777777777778,0.2222222222222222,318.39950227737427
7,30,300,5,0.2,1.0,123.57245901636512,ges,2.0,10,log_loss,0.0,0.0,0.15188658335724514,0.9888888888888889,0.4416666666666666,"[6, 9, 17, 18, 19, 20, 22, 23, 26]",9,1.0,0.5555555555555556,0.4444444444444444,1.0,0.0,257.9772729873657
7,30,300,5,0.2,1.0,123.57245901636512,iamb,2.0,10,log_loss,53.491567599826425,0.4328761281083057,0.08578519712452326,0.9962222222222221,0.7451515151515152,"[4, 6, 9, 12, 14, 17, 18, 20, 23, 25]",10,1.0,0.5,0.5,1.0,0.0,275.88563084602356
7,30,300,5,0.2,1.0,123.57245901636512,bootstrap_l1,2.0,10,log_loss,15.234590318316405,0.12328467394420659,0.10818932124832965,0.9911111111111112,0.830909090909091,"[3, 6, 9, 12, 13, 15, 17, 18, 22, 23]",10,1.0,0.5,0.5,0.9,0.1,274.4692759513855
