seed,p,n,k_star,p_edge,noise_scale,mu_scale,q_source,K_multiplier,K,criterion,mu_star,mu_star_relative,log_loss_star,auc_star,stability_star,support,k_actual,S_recall,S_precision,C_inclusion,causal_precision,correlate_inclusion,fit_seconds
15,30,300,5,0.6,1.0,2469.817860905467,oracle,2.0,10,log_loss,24.698178609054672,0.01,0.13222342994879585,0.9875555555555555,0.41948412698412696,"[0, 2, 8, 10, 12, 28]",6,0.6,0.5,0.5,0.8333333333333334,0.16666666666666666,295.04019689559937
15,30,300,5,0.6,1.0,2469.817860905467,uniform,2.0,10,log_loss,0.0,0.0,0.30755877733592263,0.9302222222222223,0.21857142857142858,"[6, 20, 21, 28]",4,0.4,0.5,0.5,1.0,0.0,314.7784729003906
15,30,300,5,0.6,1.0,2469.817860905467,adversarial,2.0,10,log_loss,0.0,0.0,0.15774698548152943,0.9784444444444444,0.2542171717171717,"[6, 20, 21, 28]",4,0.4,0.5,0.5,1.0,0.0,307.85716795921326
15,30,300,5,0.6,1.0,2469.817860905467,pc,2.0,10,log_loss,0.0,0.0,0.16608160674927722,0.978,0.24841269841269842,"[6, 20, 21, 28]",4,0.4,0.5,0.5,1.0,0.0,331.89289808273315
15,30,300,5,0.6,1.0,2469.817860905467,ges,2.0,10,log_loss,24.698178609054672,0.01,0.03974305684821543,1.0,0.6208333333333333,"[0, 3, 5, 7, 21, 28]",6,0.4,0.3333333333333333,0.6666666666666666,1.0,0.0,298.5338099002838
15,30,300,5,0.6,1.0,2469.817860905467,iamb,2.0,10,log_loss,46.27987739056429,0.01873817422860384,0.03240780158444346,0.9995555555555555,0.7714285714285715,"[0, 6, 10, 17, 21, 28]",6,1.0,0.8333333333333334,0.16666666666666666,1.0,0.0,306.93296694755554
15,30,300,5,0.6,1.0,2469.817860905467,bootstrap_l1,2.0,10,log_loss,24.698178609054672,0.01,0.23548059222223544,0.9628888888888888,0.3263888888888889,"[0, 12, 28]",3,0.4,0.6666666666666666,0.3333333333333333,1.0,0.0,349.7515037059784
