seed,p,n,k_star,p_edge,noise_scale,mu_scale,q_source,K_multiplier,K,criterion,mu_star,mu_star_relative,log_loss_star,auc_star,stability_star,support,k_actual,S_recall,S_precision,C_inclusion,causal_precision,correlate_inclusion,fit_seconds
3,30,300,5,0.2,2.0,178.11681388131308,oracle,2.0,10,log_loss,1.7811681388131309,0.01,0.0937731944257393,0.9966666666666667,0.5884282384282384,"[1, 3, 4, 7, 8, 15, 16, 20, 21, 23]",10,1.0,0.5,0.5,0.9,0.1,515.1323349475861
3,30,300,5,0.2,2.0,178.11681388131308,uniform,2.0,10,log_loss,0.0,0.0,0.0837576528023812,0.9955555555555555,0.6201748251748251,"[1, 4, 5, 6, 7, 15, 16, 23, 25, 28]",10,0.8,0.4,0.6,0.8,0.2,198.7776222229004
3,30,300,5,0.2,2.0,178.11681388131308,adversarial,2.0,10,log_loss,0.0,0.0,0.06177188382021964,0.9982222222222223,0.6778221778221779,"[1, 4, 5, 6, 7, 15, 16, 23, 25, 28]",10,0.8,0.4,0.6,0.8,0.2,217.3586869239807
3,30,300,5,0.2,2.0,178.11681388131308,pc,2.0,10,log_loss,6.254022846248013,0.03511191734215131,0.08556795914749113,0.9953333333333333,0.37274725274725273,"[1, 3, 5, 6, 10, 15, 16, 24, 25]",9,0.8,0.4444444444444444,0.5555555555555556,0.8888888888888888,0.1111111111111111,253.84183621406555
3,30,300,5,0.2,2.0,178.11681388131308,ges,2.0,10,log_loss,21.95907332333861,0.12328467394420659,0.0646056751398474,0.9973333333333333,0.7533333333333333,"[1, 3, 5, 15, 16, 20, 24, 25, 28]",9,0.8,0.4444444444444444,0.5555555555555556,0.8888888888888888,0.1111111111111111,267.0763781070709
3,30,300,5,0.2,2.0,178.11681388131308,iamb,2.0,10,log_loss,21.95907332333861,0.12328467394420659,0.09974706364730256,0.9933333333333334,0.8827272727272728,"[1, 3, 4, 7, 8, 15, 16, 20, 27]",9,1.0,0.5555555555555556,0.4444444444444444,1.0,0.0,217.55637502670288
3,30,300,5,0.2,2.0,178.11681388131308,bootstrap_l1,2.0,10,log_loss,144.4760392211615,0.8111308307896868,0.06420963595464259,0.9991111111111112,0.5365651015651015,"[1, 7, 15, 16, 23, 28]",6,0.8,0.6666666666666666,0.3333333333333333,0.8333333333333334,0.16666666666666666,260.73466897010803
