seed,p,n,k_star,p_edge,noise_scale,mu_scale,q_source,K_multiplier,K,criterion,mu_star,mu_star_relative,log_loss_star,auc_star,stability_star,support,k_actual,S_recall,S_precision,C_inclusion,causal_precision,correlate_inclusion,fit_seconds
7,30,300,7,0.2,1.0,124.2195474904482,oracle,2.0,14,log_loss,1.2421954749044821,0.01,0.22446762362696976,0.9802222222222221,0.4894285345717234,"[2, 3, 6, 7, 9, 10, 12, 14, 16, 17, 18, 19, 26, 27]",14,0.8571428571428571,0.42857142857142855,0.5714285714285714,1.0,0.0,537.039556980133
7,30,300,7,0.2,1.0,124.2195474904482,uniform,2.0,14,log_loss,0.0,0.0,0.14047645088196453,0.9882222222222221,0.535797213622291,"[2, 3, 6, 9, 10, 12, 14, 16, 17, 18, 19, 21, 26]",13,0.8571428571428571,0.46153846153846156,0.5384615384615384,1.0,0.0,534.0380120277405
7,30,300,7,0.2,1.0,124.2195474904482,adversarial,2.0,14,log_loss,0.0,0.0,0.17493206292819757,0.9797777777777779,0.5500452488687783,"[2, 3, 6, 9, 10, 12, 14, 16, 17, 18, 19, 21, 26]",13,0.8571428571428571,0.46153846153846156,0.5384615384615384,1.0,0.0,553.0068869590759
7,30,300,7,0.2,1.0,124.2195474904482,pc,2.0,14,log_loss,15.314366409856792,0.12328467394420659,0.09694682166158779,0.9944444444444445,0.6320133053221288,"[2, 3, 4, 6, 9, 10, 12, 14, 16, 17, 18, 20, 26]",13,0.8571428571428571,0.46153846153846156,0.5384615384615384,1.0,0.0,531.3875570297241
7,30,300,7,0.2,1.0,124.2195474904482,ges,2.0,14,log_loss,1.2421954749044821,0.01,0.1201895489156017,0.9937777777777779,0.6835156755009696,"[0, 2, 3, 6, 9, 10, 14, 18, 19, 22, 23, 25, 26]",13,0.8571428571428571,0.46153846153846156,0.5384615384615384,1.0,0.0,590.0980448722839
7,30,300,7,0.2,1.0,124.2195474904482,iamb,2.0,14,log_loss,28.696326598857485,0.23101297000831592,0.06649106803893737,0.9977777777777778,0.6756181318681319,"[0, 2, 6, 9, 10, 12, 14, 17, 18, 22, 26]",11,0.8571428571428571,0.5454545454545454,0.45454545454545453,1.0,0.0,576.9802529811859
7,30,300,7,0.2,1.0,124.2195474904482,bootstrap_l1,2.0,14,log_loss,0.0,0.0,0.09666222676348946,0.9951111111111111,0.5848865423362327,"[2, 3, 6, 9, 10, 12, 14, 16, 17, 18, 19, 21, 26]",13,0.8571428571428571,0.46153846153846156,0.5384615384615384,1.0,0.0,539.4228749275208
