seed,p,n,k_star,p_edge,noise_scale,mu_scale,q_source,K_multiplier,K,criterion,mu_star,mu_star_relative,log_loss_star,auc_star,stability_star,support,k_actual,S_recall,S_precision,C_inclusion,causal_precision,correlate_inclusion,fit_seconds
3,10,300,5,0.2,1.0,65.70521542018648,oracle,2.0,10,log_loss,0.0,0.0,0.04313390081720676,0.9984444444444446,0.8476190476190475,"[0, 2, 3, 4, 6, 7]",6,1.0,0.8333333333333334,0.16666666666666666,0.8333333333333334,0.16666666666666666,60.85766124725342
3,10,300,5,0.2,1.0,65.70521542018648,uniform,2.0,10,log_loss,0.0,0.0,0.036957578005475736,0.9993333333333334,0.8089285714285716,"[0, 2, 3, 4, 6, 7]",6,1.0,0.8333333333333334,0.16666666666666666,0.8333333333333334,0.16666666666666666,58.78151607513428
3,10,300,5,0.2,1.0,65.70521542018648,adversarial,2.0,10,log_loss,1.231195774271402,0.01873817422860384,0.040977987760150554,0.9988888888888889,0.8696428571428572,"[0, 2, 3, 4, 6, 7]",6,1.0,0.8333333333333334,0.16666666666666666,0.8333333333333334,0.16666666666666666,65.22727084159851
3,10,300,5,0.2,1.0,65.70521542018648,pc,2.0,10,log_loss,350.64897261915394,5.336699231206307,0.035653889297584555,0.9995555555555555,0.8476190476190476,"[0, 2, 3, 4, 6, 7]",6,1.0,0.8333333333333334,0.16666666666666666,0.8333333333333334,0.16666666666666666,54.53996276855469
3,10,300,5,0.2,1.0,65.70521542018648,ges,2.0,10,log_loss,8.100446059511544,0.12328467394420657,0.04641346825179878,0.9988888888888889,0.7982142857142857,"[0, 2, 3, 4, 6, 7]",6,1.0,0.8333333333333334,0.16666666666666666,0.8333333333333334,0.16666666666666666,53.815123081207275
3,10,300,5,0.2,1.0,65.70521542018648,iamb,2.0,10,log_loss,0.0,0.0,0.04186800812758423,0.9993333333333334,0.8547619047619047,"[0, 2, 3, 4, 6, 7]",6,1.0,0.8333333333333334,0.16666666666666666,0.8333333333333334,0.16666666666666666,56.86151385307312
3,10,300,5,0.2,1.0,65.70521542018648,bootstrap_l1,2.0,10,log_loss,0.0,0.0,0.03750258808189734,0.9986666666666666,0.9428571428571428,"[0, 2, 3, 4, 6, 7]",6,1.0,0.8333333333333334,0.16666666666666666,0.8333333333333334,0.16666666666666666,59.8040509223938
