seed,p,n,k_star,p_edge,noise_scale,mu_scale,q_source,K_multiplier,K,criterion,mu_star,mu_star_relative,log_loss_star,auc_star,stability_star,support,k_actual,S_recall,S_precision,C_inclusion,causal_precision,correlate_inclusion,fit_seconds
5,30,300,5,0.1,1.0,57.42422182703035,oracle,2.0,10,log_loss,0.0,0.0,0.19034885820179515,0.9906666666666666,0.5591938616938616,"[2, 4, 12, 13, 15, 20, 22, 27]",8,1.0,0.625,0.375,0.875,0.125,254.1482651233673
5,30,300,5,0.1,1.0,57.42422182703035,uniform,2.0,10,log_loss,0.0,0.0,0.1047953399223767,0.9926666666666666,0.6477777777777778,"[2, 4, 12, 13, 15, 20, 22, 27]",8,1.0,0.625,0.375,0.875,0.125,277.1004102230072
5,30,300,5,0.1,1.0,57.42422182703035,adversarial,2.0,10,log_loss,0.0,0.0,0.14088749324565988,0.9953333333333333,0.5931060606060605,"[2, 4, 12, 13, 15, 20, 22, 27]",8,1.0,0.625,0.375,0.875,0.125,260.35857701301575
5,30,300,5,0.1,1.0,57.42422182703035,pc,2.0,10,log_loss,306.4558004769333,5.336699231206307,0.12021195268216947,0.99,0.7160714285714287,"[2, 4, 6, 16, 20, 22, 27]",7,1.0,0.7142857142857143,0.2857142857142857,1.0,0.0,278.352499961853
5,30,300,5,0.1,1.0,57.42422182703035,ges,2.0,10,log_loss,87.27971118485117,1.5199110829529332,0.10246772007607477,0.9951111111111113,0.7198412698412698,"[2, 4, 15, 20, 22, 27]",6,1.0,0.8333333333333334,0.16666666666666666,1.0,0.0,303.40305376052856
5,30,300,5,0.1,1.0,57.42422182703035,iamb,2.0,10,log_loss,0.0,0.0,0.11529592714710005,0.9955555555555555,0.7239898989898991,"[2, 4, 12, 13, 15, 20, 22, 27]",8,1.0,0.625,0.375,0.875,0.125,305.16815209388733
5,30,300,5,0.1,1.0,57.42422182703035,bootstrap_l1,2.0,10,log_loss,163.54624348039636,2.848035868435799,0.0838240075406838,0.9953333333333333,0.8047619047619048,"[2, 4, 15, 20, 22, 27]",6,1.0,0.8333333333333334,0.16666666666666666,1.0,0.0,284.08051681518555
