seed,p,n,k_star,p_edge,noise_scale,mu_scale,q_source,K_multiplier,K,criterion,mu_star,mu_star_relative,log_loss_star,auc_star,stability_star,support,k_actual,S_recall,S_precision,C_inclusion,causal_precision,correlate_inclusion,fit_seconds
0,50,300,5,0.2,1.0,1252.3121002108558,oracle,2.0,10,log_loss,0.0,0.0,0.1531224631491935,0.9926666666666666,0.32853174603174606,"[3, 8, 23, 44]",4,0.0,0.0,1.0,1.0,0.0,304.2452538013458
0,50,300,5,0.2,1.0,1252.3121002108558,uniform,2.0,10,log_loss,0.0,0.0,0.18986570513418086,0.9902222222222221,0.50515873015873,"[3, 8, 23, 44]",4,0.0,0.0,1.0,1.0,0.0,337.4706082344055
0,50,300,5,0.2,1.0,1252.3121002108558,adversarial,2.0,10,log_loss,0.0,0.0,0.24454835156544155,0.9831111111111112,0.37170634920634915,"[3, 8, 23, 44]",4,0.0,0.0,1.0,1.0,0.0,332.79173016548157
0,50,300,5,0.2,1.0,1252.3121002108558,pc,2.0,10,log_loss,0.0,0.0,0.17711536015659973,0.9926666666666666,0.33544372294372293,"[3, 8, 23, 44]",4,0.0,0.0,1.0,1.0,0.0,322.19071793556213
0,50,300,5,0.2,1.0,1252.3121002108558,ges,2.0,10,log_loss,12.523121002108558,0.01,0.0461311620900432,0.9984444444444444,0.6448412698412699,"[5, 16, 23, 27, 30, 41, 46]",7,0.8,0.5714285714285714,0.42857142857142855,1.0,0.0,340.44833111763
0,50,300,5,0.2,1.0,1252.3121002108558,iamb,2.0,10,log_loss,43.97107894917947,0.03511191734215131,0.1439162288297499,0.992,0.5501984126984126,"[12, 23, 27, 30, 41, 46]",6,0.8,0.6666666666666666,0.3333333333333333,1.0,0.0,344.275349855423
0,50,300,5,0.2,1.0,1252.3121002108558,bootstrap_l1,2.0,10,log_loss,12.523121002108558,0.01,0.04957275132106761,0.9991111111111112,0.48611111111111116,"[0, 1, 5, 7, 16, 33, 48]",7,0.2,0.14285714285714285,0.8571428571428571,1.0,0.0,333.16861510276794
