seed,p,n,k_star,p_edge,noise_scale,mu_scale,q_source,K_multiplier,K,criterion,mu_star,mu_star_relative,log_loss_star,auc_star,stability_star,support,k_actual,S_recall,S_precision,C_inclusion,causal_precision,correlate_inclusion,fit_seconds
10,30,300,5,0.1,1.0,56.63617613944838,oracle,2.0,10,log_loss,0.0,0.0,0.09565934093865,0.9955555555555555,0.6356410256410256,"[1, 3, 10, 11, 12, 14, 16, 22, 25, 28]",10,1.0,0.5,0.4,0.5,0.4,244.04219007492065
10,30,300,5,0.1,1.0,56.63617613944838,uniform,2.0,10,log_loss,0.0,0.0,0.13259213181125626,0.992,0.511938061938062,"[1, 3, 10, 11, 12, 14, 16, 22, 25, 28]",10,1.0,0.5,0.4,0.5,0.4,231.00269889831543
10,30,300,5,0.1,1.0,56.63617613944838,adversarial,2.0,10,log_loss,0.0,0.0,0.07888369948778104,0.9964444444444445,0.6937878787878788,"[1, 3, 10, 11, 12, 14, 16, 22, 25, 28]",10,1.0,0.5,0.4,0.5,0.4,241.45474195480347
10,30,300,5,0.1,1.0,56.63617613944838,pc,2.0,10,log_loss,0.0,0.0,0.12108827947674479,0.9944444444444445,0.566098901098901,"[1, 3, 10, 11, 12, 14, 16, 22, 25, 28]",10,1.0,0.5,0.4,0.5,0.4,228.6996169090271
10,30,300,5,0.1,1.0,56.63617613944838,ges,2.0,10,log_loss,566.3617613944838,10.0,0.07432889120433372,0.9975555555555555,0.6006565656565657,"[3, 9, 10, 12, 14, 16, 28]",7,1.0,0.7142857142857143,0.2857142857142857,0.8571428571428571,0.14285714285714285,240.24144411087036
10,30,300,5,0.1,1.0,56.63617613944838,iamb,2.0,10,log_loss,86.08195181042207,1.5199110829529332,0.06922642150981148,0.998,0.6784920634920635,"[1, 3, 4, 9, 10, 12, 14, 25, 28]",9,1.0,0.5555555555555556,0.3333333333333333,0.7777777777777778,0.1111111111111111,256.7248649597168
10,30,300,5,0.1,1.0,56.63617613944838,bootstrap_l1,2.0,10,log_loss,1.9886047351838336,0.03511191734215131,0.07633004111175849,0.9977777777777778,0.6437373737373737,"[1, 3, 10, 11, 12, 14, 16, 28]",8,1.0,0.625,0.25,0.625,0.25,248.1677601337433
