seed,p,n,k_star,p_edge,noise_scale,mu_scale,q_source,K_multiplier,K,criterion,mu_star,mu_star_relative,log_loss_star,auc_star,stability_star,support,k_actual,S_recall,S_precision,C_inclusion,causal_precision,correlate_inclusion,fit_seconds
19,30,300,5,0.2,1.0,262.26171855866664,oracle,2.0,10,log_loss,4.914305775845361,0.01873817422860384,0.0664967284376347,0.998,0.727972027972028,"[1, 3, 5, 7, 10, 14, 20, 23, 25, 28]",10,1.0,0.5,0.5,0.9,0.1,275.3016679286957
19,30,300,5,0.2,1.0,262.26171855866664,uniform,2.0,10,log_loss,0.0,0.0,0.06809924303152606,0.9977777777777778,0.5394055944055944,"[1, 5, 7, 15, 19, 21, 23, 25, 28]",9,0.4,0.2222222222222222,0.7777777777777778,0.8888888888888888,0.1111111111111111,284.6203649044037
19,30,300,5,0.2,1.0,262.26171855866664,adversarial,2.0,10,log_loss,0.0,0.0,0.06647905766077336,0.9971111111111112,0.4641724941724942,"[1, 5, 7, 15, 19, 21, 23, 25, 28]",9,0.4,0.2222222222222222,0.7777777777777778,0.8888888888888888,0.1111111111111111,282.4300627708435
19,30,300,5,0.2,1.0,262.26171855866664,pc,2.0,10,log_loss,398.6144926716004,1.5199110829529332,0.07773667979856709,0.9975555555555555,0.5596969696969697,"[6, 7, 10, 13, 22, 23, 25, 28]",8,0.6,0.375,0.625,0.75,0.25,279.5473401546478
19,30,300,5,0.2,1.0,262.26171855866664,ges,2.0,10,log_loss,2.6226171855866665,0.01,0.056870273610612275,0.9986666666666666,0.473951048951049,"[1, 3, 7, 9, 10, 15, 22, 23, 25, 27]",10,0.8,0.4,0.6,1.0,0.0,314.5436327457428
19,30,300,5,0.2,1.0,262.26171855866664,iamb,2.0,10,log_loss,4.914305775845361,0.01873817422860384,0.057881550244848166,0.9971111111111112,0.525,"[1, 3, 5, 7, 10, 12, 20, 23]",8,1.0,0.625,0.375,1.0,0.0,292.8784987926483
19,30,300,5,0.2,1.0,262.26171855866664,bootstrap_l1,2.0,10,log_loss,9.208511784042452,0.03511191734215131,0.03502350201902413,0.9993333333333332,0.7249999999999999,"[5, 7, 10, 13, 14, 19, 23, 25, 29]",9,0.6,0.3333333333333333,0.6666666666666666,0.8888888888888888,0.1111111111111111,260.2149860858917
