seed,p,n,k_star,p_edge,noise_scale,mu_scale,q_source,K_multiplier,K,criterion,mu_star,mu_star_relative,log_loss_star,auc_star,stability_star,support,k_actual,S_recall,S_precision,C_inclusion,causal_precision,correlate_inclusion,fit_seconds
9,30,75,5,0.2,1.0,118.6482598786188,oracle,2.0,10,log_loss,14.627512033183008,0.12328467394420659,0.26128232084413966,1.0,0.3972727272727273,"[0, 5, 6, 10, 16, 18, 20, 27, 28]",9,0.8,0.4444444444444444,0.5555555555555556,0.8888888888888888,0.1111111111111111,226.5627157688141
9,30,75,5,0.2,1.0,118.6482598786188,uniform,2.0,10,log_loss,0.0,0.0,0.1905346882706857,0.9964285714285716,0.31709790209790206,"[0, 3, 16, 20, 26, 27, 29]",7,0.6,0.42857142857142855,0.5714285714285714,1.0,0.0,206.17701983451843
9,30,75,5,0.2,1.0,118.6482598786188,adversarial,2.0,10,log_loss,1.186482598786188,0.01,0.2514115765072562,0.9964285714285716,0.5475757575757576,"[0, 1, 3, 12, 13, 24, 27, 28]",8,0.0,0.0,1.0,1.0,0.0,193.4814908504486
9,30,75,5,0.2,1.0,118.6482598786188,pc,2.0,10,log_loss,7.806263222194881,0.0657933224657568,0.20575413632955275,0.9928571428571429,0.3151232101232101,"[0, 3, 5, 10, 13, 16, 26, 27]",8,0.4,0.25,0.75,1.0,0.0,196.30254292488098
9,30,75,5,0.2,1.0,118.6482598786188,ges,2.0,10,log_loss,180.33480516259255,1.519911082952933,0.14255125877901015,0.9964285714285716,0.6483333333333333,"[0, 3, 5, 12, 13, 16, 19, 20, 28]",9,0.6,0.3333333333333333,0.6666666666666666,1.0,0.0,204.93850111961365
9,30,75,5,0.2,1.0,118.6482598786188,iamb,2.0,10,log_loss,14.627512033183008,0.12328467394420659,0.11582861340965978,0.9964285714285716,0.8541666666666666,"[0, 5, 16, 18, 20, 29]",6,1.0,0.8333333333333334,0.16666666666666666,1.0,0.0,172.18613004684448
9,30,75,5,0.2,1.0,118.6482598786188,bootstrap_l1,2.0,10,log_loss,7.806263222194881,0.0657933224657568,0.26888039060974406,0.9839285714285714,0.6254545454545454,"[0, 5, 6, 13, 16, 25, 27, 28]",8,0.4,0.25,0.75,0.875,0.125,126.26135110855103
