seed,p,n,k_star,p_edge,noise_scale,mu_scale,q_source,K_multiplier,K,criterion,mu_star,mu_star_relative,log_loss_star,auc_star,stability_star,support,k_actual,S_recall,S_precision,C_inclusion,causal_precision,correlate_inclusion,fit_seconds
15,30,300,5,0.2,1.0,204.52164432961715,oracle,2.0,10,log_loss,0.0,0.0,0.10416890952125506,0.9935555555555556,0.647062937062937,"[0, 2, 6, 10, 11, 12, 17, 23, 24, 28]",10,1.0,0.5,0.4,0.6,0.3,238.1041190624237
15,30,300,5,0.2,1.0,204.52164432961715,uniform,2.0,10,log_loss,0.0,0.0,0.1831386570866784,0.9880000000000001,0.5737121212121212,"[0, 2, 6, 10, 11, 12, 17, 23, 24, 28]",10,1.0,0.5,0.4,0.6,0.3,237.26673293113708
15,30,300,5,0.2,1.0,204.52164432961715,adversarial,2.0,10,log_loss,3.8323622049689128,0.01873817422860384,0.20406208719417113,0.977111111111111,0.35672161172161176,"[2, 9, 16, 24, 25, 27, 28]",7,0.2,0.14285714285714285,0.8571428571428571,0.14285714285714285,0.8571428571428571,272.06724405288696
15,30,300,5,0.2,1.0,204.52164432961715,pc,2.0,10,log_loss,2.0452164432961717,0.010000000000000002,0.09448727135984739,0.9953333333333333,0.696969696969697,"[0, 6, 10, 11, 12, 17, 20, 28]",8,1.0,0.625,0.25,0.75,0.125,247.97476410865784
15,30,300,5,0.2,1.0,204.52164432961715,ges,2.0,10,log_loss,88.53253751174869,0.4328761281083057,0.08994439299290205,0.9951111111111111,0.7958333333333333,"[0, 6, 10, 12, 17, 28]",6,1.0,0.8333333333333334,0.16666666666666666,1.0,0.0,266.5032148361206
15,30,300,5,0.2,1.0,204.52164432961715,iamb,2.0,10,log_loss,25.214384235709836,0.12328467394420659,0.11163824325859226,0.9913333333333334,0.72,"[0, 6, 10, 12, 15, 17, 20, 23, 28]",9,1.0,0.5555555555555556,0.4444444444444444,0.7777777777777778,0.2222222222222222,254.72408509254456
15,30,300,5,0.2,1.0,204.52164432961715,bootstrap_l1,2.0,10,log_loss,3.8323622049689128,0.01873817422860384,0.09393936166469147,0.9959999999999999,0.7840909090909092,"[0, 2, 6, 10, 11, 12, 17, 23, 24, 28]",10,1.0,0.5,0.4,0.6,0.3,239.0929627418518
