seed,p,n,k_star,p_edge,noise_scale,mu_scale,q_source,K_multiplier,K,criterion,mu_star,mu_star_relative,log_loss_star,auc_star,stability_star,support,k_actual,S_recall,S_precision,C_inclusion,causal_precision,correlate_inclusion,fit_seconds
0,30,300,5,0.3,1.0,1625.808064040155,oracle,2.0,10,log_loss,16.25808064040155,0.01,0.2717056059243367,0.9768888888888888,0.42365079365079367,"[3, 19, 21, 26, 28]",5,0.2,0.2,0.8,0.6,0.4,299.56529211997986
0,30,300,5,0.3,1.0,1625.808064040155,uniform,2.0,10,log_loss,0.0,0.0,0.22671970744233652,0.9868888888888889,0.543030303030303,"[3, 12, 15, 19, 20, 21, 25, 26, 28]",9,0.2,0.1111111111111111,0.8888888888888888,0.7777777777777778,0.2222222222222222,294.6706590652466
0,30,300,5,0.3,1.0,1625.808064040155,adversarial,2.0,10,log_loss,0.0,0.0,0.29608045370404346,0.9804444444444446,0.6223809523809523,"[3, 12, 15, 19, 20, 21, 25, 26, 28]",9,0.2,0.1111111111111111,0.8888888888888888,0.7777777777777778,0.2222222222222222,286.9161059856415
0,30,300,5,0.3,1.0,1625.808064040155,pc,2.0,10,log_loss,0.0,0.0,0.2537836770155032,0.9797777777777779,0.5327777777777778,"[3, 12, 15, 19, 20, 21, 25, 26, 28]",9,0.2,0.1111111111111111,0.8888888888888888,0.7777777777777778,0.2222222222222222,288.2869200706482
0,30,300,5,0.3,1.0,1625.808064040155,ges,2.0,10,log_loss,0.0,0.0,0.1847151932285545,0.9922222222222222,0.6618181818181819,"[3, 12, 15, 19, 20, 21, 25, 26, 28]",9,0.2,0.1111111111111111,0.8888888888888888,0.7777777777777778,0.2222222222222222,314.37852811813354
0,30,300,5,0.3,1.0,1625.808064040155,iamb,2.0,10,log_loss,30.464674766253534,0.01873817422860384,0.21293912218801841,0.979111111111111,0.5333333333333333,"[7, 15, 21]",3,0.2,0.3333333333333333,0.6666666666666666,1.0,0.0,286.4360840320587
0,30,300,5,0.3,1.0,1625.808064040155,bootstrap_l1,2.0,10,log_loss,16.25808064040155,0.01,0.07755452911665348,0.998,0.8263636363636364,"[3, 7, 12, 15, 18, 19, 20, 21, 26, 28]",10,0.2,0.1,0.9,0.8,0.2,291.6761622428894
