seed,p,n,k_star,p_edge,noise_scale,mu_scale,q_source,K_multiplier,K,criterion,mu_star,mu_star_relative,log_loss_star,auc_star,stability_star,support,k_actual,S_recall,S_precision,C_inclusion,causal_precision,correlate_inclusion,fit_seconds
5,10,300,5,0.2,1.0,59.91525855959715,oracle,2.0,10,log_loss,0.5991525855959715,0.01,0.19113679308151763,0.9777777777777779,0.9,"[0, 2, 4, 5, 8]",5,1.0,1.0,0.0,1.0,0.0,57.92277383804321
5,10,300,5,0.2,1.0,59.91525855959715,uniform,2.0,10,log_loss,0.0,0.0,0.17950076305402263,0.984,0.9000000000000001,"[0, 2, 4, 5, 8]",5,1.0,1.0,0.0,1.0,0.0,58.63646721839905
5,10,300,5,0.2,1.0,59.91525855959715,adversarial,2.0,10,log_loss,0.0,0.0,0.18885867417820829,0.9797777777777779,0.9333333333333333,"[0, 2, 4, 5, 8]",5,1.0,1.0,0.0,1.0,0.0,68.13851809501648
5,10,300,5,0.2,1.0,59.91525855959715,pc,2.0,10,log_loss,599.1525855959715,10.0,0.18402661944592286,0.984,0.9333333333333333,"[0, 2, 4, 5, 8]",5,1.0,1.0,0.0,1.0,0.0,66.34824204444885
5,10,300,5,0.2,1.0,59.91525855959715,ges,2.0,10,log_loss,7.386633115802767,0.12328467394420659,0.17419038800707642,0.9828888888888889,0.8714285714285716,"[0, 2, 4, 5, 8]",5,1.0,1.0,0.0,1.0,0.0,70.16270208358765
5,10,300,5,0.2,1.0,59.91525855959715,iamb,2.0,10,log_loss,0.0,0.0,0.19145301301666626,0.9842222222222222,0.8428571428571429,"[0, 2, 4, 5, 8]",5,1.0,1.0,0.0,1.0,0.0,70.05069422721863
5,10,300,5,0.2,1.0,59.91525855959715,bootstrap_l1,2.0,10,log_loss,0.0,0.0,0.17243017200734573,0.9842222222222222,0.9000000000000001,"[0, 2, 4, 5, 8]",5,1.0,1.0,0.0,1.0,0.0,71.3450620174408
