seed,p,n,k_star,p_edge,noise_scale,mu_scale,q_source,K_multiplier,K,criterion,mu_star,mu_star_relative,log_loss_star,auc_star,stability_star,support,k_actual,S_recall,S_precision,C_inclusion,causal_precision,correlate_inclusion,fit_seconds
1,30,300,3,0.2,1.0,112.1334318507393,oracle,2.0,6,log_loss,0.0,0.0,0.14672744401732937,0.9868888888888889,0.8333333333333334,"[1, 7, 12, 15, 27, 29]",6,1.0,0.5,0.5,0.8333333333333334,0.16666666666666666,98.62560272216797
1,30,300,3,0.2,1.0,112.1334318507393,uniform,2.0,6,log_loss,0.0,0.0,0.12597164240070713,0.9879999999999999,0.9,"[1, 7, 12, 15, 27, 29]",6,1.0,0.5,0.5,0.8333333333333334,0.16666666666666666,99.9766640663147
1,30,300,3,0.2,1.0,112.1334318507393,adversarial,2.0,6,log_loss,0.0,0.0,0.1507649574049218,0.9877777777777779,0.8333333333333334,"[1, 7, 12, 15, 27, 29]",6,1.0,0.5,0.5,0.8333333333333334,0.16666666666666666,96.05803894996643
1,30,300,3,0.2,1.0,112.1334318507393,pc,2.0,6,log_loss,3.937219790434915,0.03511191734215131,0.15047743097709762,0.9868888888888888,0.7375,"[1, 7, 12, 15, 27, 29]",6,1.0,0.5,0.5,0.8333333333333334,0.16666666666666666,110.82580018043518
1,30,300,3,0.2,1.0,112.1334318507393,ges,2.0,6,log_loss,0.0,0.0,0.1446577027147758,0.989111111111111,0.9333333333333333,"[1, 7, 12, 15, 27, 29]",6,1.0,0.5,0.5,0.8333333333333334,0.16666666666666666,112.59571099281311
1,30,300,3,0.2,1.0,112.1334318507393,iamb,2.0,6,log_loss,7.377631040947654,0.0657933224657568,0.1386609744265889,0.9864444444444445,0.9000000000000001,"[1, 7, 15, 27, 29]",5,1.0,0.6,0.4,0.8,0.2,116.52158117294312
1,30,300,3,0.2,1.0,112.1334318507393,bootstrap_l1,2.0,6,log_loss,25.904277129064376,0.23101297000831592,0.12507730725710442,0.9877777777777779,0.8857142857142856,"[1, 7, 12, 15, 27, 29]",6,1.0,0.5,0.5,0.8333333333333334,0.16666666666666666,95.37057209014893
