seed,p,n,k_star,p_edge,noise_scale,mu_scale,q_source,K_multiplier,K,criterion,mu_star,mu_star_relative,log_loss_star,auc_star,stability_star,support,k_actual,S_recall,S_precision,C_inclusion,causal_precision,correlate_inclusion,fit_seconds
0,30,300,5,0.5,1.0,9413.758868006451,oracle,2.0,10,log_loss,0.0,0.0,0.07024109276340675,0.9977777777777778,0.6347619047619047,"[0, 3, 15, 19, 20, 25]",6,0.0,0.0,1.0,1.0,0.0,320.93179416656494
0,30,300,5,0.5,1.0,9413.758868006451,uniform,2.0,10,log_loss,0.0,0.0,0.15915561306713716,0.9895555555555555,0.5261904761904761,"[0, 3, 15, 19, 20, 25]",6,0.0,0.0,1.0,1.0,0.0,313.3995289802551
0,30,300,5,0.5,1.0,9413.758868006451,adversarial,2.0,10,log_loss,0.0,0.0,0.09287487264820038,0.9953333333333333,0.6055555555555555,"[0, 3, 15, 19, 20, 25]",6,0.0,0.0,1.0,1.0,0.0,292.270779132843
0,30,300,5,0.5,1.0,9413.758868006451,pc,2.0,10,log_loss,0.0,0.0,0.14836657909594517,0.9817777777777777,0.5590476190476191,"[0, 3, 15, 19, 20, 25]",6,0.0,0.0,1.0,1.0,0.0,299.89578008651733
0,30,300,5,0.5,1.0,9413.758868006451,ges,2.0,10,log_loss,94.13758868006451,0.01,0.061285795682354205,0.9982222222222223,0.395,"[0, 2, 20, 29]",4,0.2,0.25,0.75,1.0,0.0,367.3631217479706
0,30,300,5,0.5,1.0,9413.758868006451,iamb,2.0,10,log_loss,0.0,0.0,0.23047149055653357,0.9837777777777778,0.40428571428571425,"[0, 3, 15, 19, 20, 25]",6,0.0,0.0,1.0,1.0,0.0,362.48916506767273
0,30,300,5,0.5,1.0,9413.758868006451,bootstrap_l1,2.0,10,log_loss,0.0,0.0,0.18088323189780672,0.9804444444444446,0.5875,"[0, 3, 15, 19, 20, 25]",6,0.0,0.0,1.0,1.0,0.0,304.1323330402374
