seed,p,n,k_star,p_edge,noise_scale,mu_scale,q_source,K_multiplier,K,criterion,mu_star,mu_star_relative,log_loss_star,auc_star,stability_star,support,k_actual,S_recall,S_precision,C_inclusion,causal_precision,correlate_inclusion,fit_seconds
3,30,100,5,0.2,1.0,35.09041622396791,oracle,2.0,10,log_loss,2.3087150700811443,0.0657933224657568,0.34170541720569286,0.982,0.5569264069264069,"[0, 1, 3, 4, 6, 7, 10, 15, 16, 20]",10,1.0,0.5,0.5,1.0,0.0,240.98801589012146
3,30,100,5,0.2,1.0,35.09041622396791,uniform,2.0,10,log_loss,0.0,0.0,1.0263604667599977,0.876,0.24286435786435784,"[1, 4, 6, 7, 10, 11, 20, 24]",8,0.4,0.25,0.75,1.0,0.0,335.873242855072
3,30,100,5,0.2,1.0,35.09041622396791,adversarial,2.0,10,log_loss,0.0,0.0,0.6358176014559935,0.9480000000000001,0.29244588744588745,"[1, 4, 6, 7, 10, 11, 20, 24]",8,0.4,0.25,0.75,1.0,0.0,445.03516602516174
3,30,100,5,0.2,1.0,35.09041622396791,pc,2.0,10,log_loss,0.0,0.0,0.49177131743139346,0.958,0.4007439782439783,"[1, 4, 6, 7, 10, 11, 20, 24]",8,0.4,0.25,0.75,1.0,0.0,462.5634489059448
3,30,100,5,0.2,1.0,35.09041622396791,ges,2.0,10,log_loss,2.3087150700811443,0.0657933224657568,0.23221991186806204,0.9800000000000001,0.49147630147630145,"[1, 3, 4, 6, 7, 15, 16, 20, 24]",9,1.0,0.5555555555555556,0.4444444444444444,1.0,0.0,466.5961289405823
3,30,100,5,0.2,1.0,35.09041622396791,iamb,2.0,10,log_loss,99.93876404420209,2.848035868435799,0.10106567226399965,0.998,0.7438888888888889,"[1, 3, 4, 6, 7, 15, 16, 23]",8,1.0,0.625,0.375,0.875,0.125,446.7588040828705
3,30,100,5,0.2,1.0,35.09041622396791,bootstrap_l1,2.0,10,log_loss,0.3509041622396791,0.01,0.5374310120236411,0.9460000000000001,0.5533838383838384,"[1, 4, 6, 7, 10, 20, 24]",7,0.4,0.2857142857142857,0.7142857142857143,1.0,0.0,457.0041449069977
