seed,p,n,k_star,p_edge,noise_scale,mu_scale,q_source,K_multiplier,K,criterion,mu_star,mu_star_relative,log_loss_star,auc_star,stability_star,support,k_actual,S_recall,S_precision,C_inclusion,causal_precision,correlate_inclusion,fit_seconds
5,30,200,5,0.2,1.0,54.0208746381666,oracle,2.0,10,log_loss,1.8967764850460236,0.03511191734215131,0.032777251371907415,0.999,0.6102952602952603,"[2, 3, 7, 8, 12, 14, 20, 22, 27]",9,0.8,0.4444444444444444,0.5555555555555556,1.0,0.0,303.11897802352905
5,30,200,5,0.2,1.0,54.0208746381666,uniform,2.0,10,log_loss,0.0,0.0,0.06819094792235553,0.9969999999999999,0.36160506160506156,"[2, 7, 8, 9, 14, 15, 27]",7,0.4,0.2857142857142857,0.7142857142857143,1.0,0.0,286.44013476371765
5,30,200,5,0.2,1.0,54.0208746381666,adversarial,2.0,10,log_loss,6.659945915947229,0.12328467394420659,0.052896127623548804,0.9974999999999999,0.3726773226773227,"[3, 6, 7, 9, 15, 17, 21, 26, 28]",9,0.0,0.0,1.0,0.8888888888888888,0.1111111111111111,270.218209028244
5,30,200,5,0.2,1.0,54.0208746381666,pc,2.0,10,log_loss,0.540208746381666,0.01,0.017016298220383377,1.0,0.5847902097902098,"[2, 3, 4, 7, 8, 9, 13, 14, 20, 24]",10,0.6,0.3,0.7,0.9,0.1,264.18928623199463
5,30,200,5,0.2,1.0,54.0208746381666,ges,2.0,10,log_loss,0.0,0.0,0.049040604510207086,0.9995,0.39496003996004,"[2, 7, 8, 9, 14, 15, 27]",7,0.4,0.2857142857142857,0.7142857142857143,1.0,0.0,297.19651103019714
5,30,200,5,0.2,1.0,54.0208746381666,iamb,2.0,10,log_loss,12.479522692609775,0.23101297000831592,0.02695891849174866,1.0,0.7801010101010102,"[2, 3, 4, 6, 7, 9, 20, 22, 27]",9,1.0,0.5555555555555556,0.4444444444444444,1.0,0.0,248.06334400177002
5,30,200,5,0.2,1.0,54.0208746381666,bootstrap_l1,2.0,10,log_loss,43.8179969252416,0.8111308307896868,0.01592427062844776,1.0,0.8658333333333333,"[2, 3, 7, 8, 9, 14, 20, 27]",8,0.6,0.375,0.625,1.0,0.0,294.31652188301086
