seed,p,n,k_star,p_edge,noise_scale,mu_scale,q_source,K_multiplier,K,criterion,mu_star,mu_star_relative,log_loss_star,auc_star,stability_star,support,k_actual,S_recall,S_precision,C_inclusion,causal_precision,correlate_inclusion,fit_seconds
7,30,300,5,0.4,1.0,2448.2944397798565,oracle,2.0,10,log_loss,0.0,0.0,0.06362524586473216,0.9968888888888889,0.505952380952381,"[7, 18, 19, 22]",4,0.2,0.25,0.75,1.0,0.0,292.51911187171936
7,30,300,5,0.4,1.0,2448.2944397798565,uniform,2.0,10,log_loss,0.0,0.0,0.29621745764184954,0.9784444444444447,0.22916666666666666,"[7, 18, 19, 22]",4,0.2,0.25,0.75,1.0,0.0,324.1104140281677
7,30,300,5,0.4,1.0,2448.2944397798565,adversarial,2.0,10,log_loss,24.482944397798565,0.01,0.05529498356386335,0.9982222222222223,0.5002380952380953,"[7, 15, 20, 22, 27]",5,0.0,0.0,1.0,1.0,0.0,318.78320932388306
7,30,300,5,0.4,1.0,2448.2944397798565,pc,2.0,10,log_loss,565.5877699883906,0.23101297000831592,0.022071032374092935,0.9997777777777778,0.7785714285714286,"[6, 7, 19, 22, 27]",5,0.2,0.2,0.8,1.0,0.0,274.7313039302826
7,30,300,5,0.4,1.0,2448.2944397798565,ges,2.0,10,log_loss,6972.830380984962,2.848035868435799,0.09699302250369364,0.9982222222222223,0.41773809523809524,"[17, 18, 19, 20, 23]",5,0.6,0.6,0.4,1.0,0.0,322.74657011032104
7,30,300,5,0.4,1.0,2448.2944397798565,iamb,2.0,10,log_loss,0.0,0.0,0.2622237806624004,0.9806666666666667,0.39623015873015877,"[7, 18, 19, 22]",4,0.2,0.25,0.75,1.0,0.0,341.0536448955536
7,30,300,5,0.4,1.0,2448.2944397798565,bootstrap_l1,2.0,10,log_loss,0.0,0.0,0.11429111453991592,0.9966666666666667,0.3786507936507936,"[7, 18, 19, 22]",4,0.2,0.25,0.75,1.0,0.0,306.9324071407318
