seed,p,n,k_star,p_edge,noise_scale,mu_scale,q_source,K_multiplier,K,criterion,mu_star,mu_star_relative,log_loss_star,auc_star,stability_star,support,k_actual,S_recall,S_precision,C_inclusion,causal_precision,correlate_inclusion,fit_seconds
2,30,100,5,0.2,1.0,40.15070040461573,oracle,2.0,10,log_loss,1.4097680738363487,0.03511191734215131,0.17668915908816268,0.992,0.5567599067599067,"[2, 6, 10, 12, 14, 19, 26, 29]",8,0.8,0.5,0.5,0.875,0.125,222.93282890319824
2,30,100,5,0.2,1.0,40.15070040461573,uniform,2.0,10,log_loss,0.0,0.0,0.29883597065091755,0.9879999999999999,0.5626689976689977,"[2, 6, 10, 12, 14, 19, 27, 29]",8,0.8,0.5,0.5,0.875,0.125,226.7587652206421
2,30,100,5,0.2,1.0,40.15070040461573,adversarial,2.0,10,log_loss,0.0,0.0,0.33495777068694144,0.9780000000000001,0.42368686868686867,"[2, 6, 10, 12, 14, 19, 27, 29]",8,0.8,0.5,0.5,0.875,0.125,232.11251521110535
2,30,100,5,0.2,1.0,40.15070040461573,pc,2.0,10,log_loss,4.949966008014574,0.12328467394420657,0.2897642888379579,0.984,0.47681818181818175,"[6, 10, 12, 14, 17, 19, 27, 29]",8,0.6,0.375,0.625,0.875,0.125,315.61081075668335
2,30,100,5,0.2,1.0,40.15070040461573,ges,2.0,10,log_loss,4.949966008014574,0.12328467394420657,0.08313506619837338,1.0,0.8405050505050505,"[2, 6, 8, 10, 12, 14, 19, 27, 29]",9,1.0,0.5555555555555556,0.4444444444444444,0.8888888888888888,0.1111111111111111,481.8540041446686
2,30,100,5,0.2,1.0,40.15070040461573,iamb,2.0,10,log_loss,2.641647978946875,0.0657933224657568,0.12412072714168657,0.994,0.8357575757575757,"[2, 6, 8, 10, 12, 14, 19, 26, 29]",9,1.0,0.5555555555555556,0.4444444444444444,0.8888888888888888,0.1111111111111111,366.3553559780121
2,30,100,5,0.2,1.0,40.15070040461573,bootstrap_l1,2.0,10,log_loss,61.02549453329827,1.5199110829529332,0.13452247595678854,0.992,0.7453030303030302,"[10, 12, 13, 14, 17, 19, 23, 26, 29]",9,0.6,0.3333333333333333,0.6666666666666666,0.8888888888888888,0.1111111111111111,219.4747030735016
