seed,p,n,k_star,p_edge,noise_scale,mu_scale,q_source,K_multiplier,K,criterion,mu_star,mu_star_relative,log_loss_star,auc_star,stability_star,support,k_actual,S_recall,S_precision,C_inclusion,causal_precision,correlate_inclusion,fit_seconds
5,20,300,5,0.2,1.0,119.3044031500844,oracle,2.0,10,log_loss,2.2355466924658742,0.01873817422860384,0.05348212847013685,0.9982222222222223,0.6657575757575758,"[0, 1, 4, 6, 9, 11, 17, 18, 19]",9,1.0,0.5555555555555556,0.4444444444444444,0.7777777777777778,0.2222222222222222,270.5066821575165
5,20,300,5,0.2,1.0,119.3044031500844,uniform,2.0,10,log_loss,0.0,0.0,0.052496059198525756,0.9995555555555555,0.6342424242424242,"[0, 1, 4, 11, 17, 18, 19]",7,0.8,0.5714285714285714,0.42857142857142855,0.7142857142857143,0.2857142857142857,300.74725914001465
5,20,300,5,0.2,1.0,119.3044031500844,adversarial,2.0,10,log_loss,0.0,0.0,0.08148580318363638,0.9957777777777779,0.5227189477189478,"[0, 1, 4, 11, 17, 18, 19]",7,0.8,0.5714285714285714,0.42857142857142855,0.7142857142857143,0.2857142857142857,304.3683910369873
5,20,300,5,0.2,1.0,119.3044031500844,pc,2.0,10,log_loss,0.0,0.0,0.06178942296864474,0.998,0.664520202020202,"[0, 1, 4, 11, 17, 18, 19]",7,0.8,0.5714285714285714,0.42857142857142855,0.7142857142857143,0.2857142857142857,291.0201117992401
5,20,300,5,0.2,1.0,119.3044031500844,ges,2.0,10,log_loss,14.708404442466328,0.12328467394420659,0.05920435752083186,0.998,0.5787878787878787,"[1, 4, 6, 11, 17, 18]",6,1.0,0.8333333333333334,0.16666666666666666,0.8333333333333334,0.16666666666666666,319.8727939128876
5,20,300,5,0.2,1.0,119.3044031500844,iamb,2.0,10,log_loss,51.644028101880885,0.4328761281083057,0.04489211930774038,0.9986666666666666,0.7044444444444444,"[0, 1, 4, 6, 9, 11, 17, 18]",8,1.0,0.625,0.375,0.875,0.125,279.9589250087738
5,20,300,5,0.2,1.0,119.3044031500844,bootstrap_l1,2.0,10,log_loss,4.189006341960459,0.03511191734215131,0.05614585275943277,0.9982222222222223,0.6581818181818182,"[0, 1, 4, 11, 17, 18, 19]",7,0.8,0.5714285714285714,0.42857142857142855,0.7142857142857143,0.2857142857142857,271.4381103515625
