seed,p,n,k_star,p_edge,noise_scale,mu_scale,q_source,K_multiplier,K,criterion,mu_star,mu_star_relative,log_loss_star,auc_star,stability_star,support,k_actual,S_recall,S_precision,C_inclusion,causal_precision,correlate_inclusion,fit_seconds
7,30,200,5,0.2,1.0,66.68198210540072,oracle,2.0,10,log_loss,0.6668198210540072,0.01,0.6038539960942418,0.94675,0.6196969696969697,"[6, 9, 12, 14, 15, 17, 18, 22, 23, 29]",10,1.0,0.5,0.5,1.0,0.0,247.51534914970398
7,30,200,5,0.2,1.0,66.68198210540072,uniform,2.0,10,log_loss,0.0,0.0,0.4987675858395487,0.9664999999999999,0.505970695970696,"[6, 9, 12, 14, 15, 17, 18, 22, 23, 29]",10,1.0,0.5,0.5,1.0,0.0,257.9984498023987
7,30,200,5,0.2,1.0,66.68198210540072,adversarial,2.0,10,log_loss,2.3413322438956428,0.03511191734215131,0.2235608368384065,0.9809999999999999,0.40443306693306696,"[1, 8, 12, 13, 24, 25, 26, 27, 28, 29]",10,0.0,0.0,1.0,0.8,0.2,263.10515999794006
7,30,200,5,0.2,1.0,66.68198210540072,pc,2.0,10,log_loss,666.8198210540072,10.0,0.25012128195234395,0.977,0.4883877233877234,"[5, 8, 11, 12, 13, 14, 17, 22, 24, 29]",10,0.2,0.1,0.9,0.7,0.3,284.13649797439575
7,30,200,5,0.2,1.0,66.68198210540072,ges,2.0,10,log_loss,28.86503822837319,0.4328761281083057,0.25080841309354496,0.982,0.6149494949494949,"[0, 6, 9, 14, 17, 18, 22, 23]",8,1.0,0.625,0.375,1.0,0.0,258.10839891433716
7,30,200,5,0.2,1.0,66.68198210540072,iamb,2.0,10,log_loss,2.3413322438956428,0.03511191734215131,0.3126448966420039,0.975,0.573560606060606,"[6, 9, 12, 15, 17, 18, 20, 22, 23, 29]",10,1.0,0.5,0.5,1.0,0.0,252.73214483261108
7,30,200,5,0.2,1.0,66.68198210540072,bootstrap_l1,2.0,10,log_loss,28.86503822837319,0.4328761281083057,0.16161980888145744,0.9850000000000001,0.7765151515151515,"[9, 10, 12, 13, 14, 22, 23, 26, 27, 29]",10,0.4,0.2,0.8,0.9,0.1,255.95215606689453
