seed,p,n,k_star,p_edge,noise_scale,mu_scale,q_source,K_multiplier,K,criterion,mu_star,mu_star_relative,log_loss_star,auc_star,stability_star,support,k_actual,S_recall,S_precision,C_inclusion,causal_precision,correlate_inclusion,fit_seconds
11,30,300,5,0.7,1.0,74107.01299602838,oracle,2.0,10,log_loss,741.0701299602838,0.01,0.0864151052910157,0.9953333333333333,0.5053571428571428,"[13, 18, 25, 27, 28]",5,0.4,0.4,0.6,1.0,0.0,278.4671869277954
11,30,300,5,0.7,1.0,74107.01299602838,uniform,2.0,10,log_loss,0.0,0.0,0.11339926523069266,0.9957777777777779,0.30952380952380953,"[1, 12, 27]",3,0.0,0.0,1.0,1.0,0.0,328.5648398399353
11,30,300,5,0.7,1.0,74107.01299602838,adversarial,2.0,10,log_loss,0.0,0.0,0.07588946321395783,0.9982222222222221,0.45,"[1, 12, 27]",3,0.0,0.0,1.0,1.0,0.0,331.55810284614563
11,30,300,5,0.7,1.0,74107.01299602838,pc,2.0,10,log_loss,0.0,0.0,0.10534970996851736,0.9924444444444445,0.3016666666666667,"[1, 12, 27]",3,0.0,0.0,1.0,1.0,0.0,325.7556071281433
11,30,300,5,0.7,1.0,74107.01299602838,ges,2.0,10,log_loss,741.0701299602838,0.01,0.059223124502983185,0.9986666666666666,0.9,"[18, 25, 28]",3,0.4,0.6666666666666666,0.3333333333333333,1.0,0.0,330.5487928390503
11,30,300,5,0.7,1.0,74107.01299602838,iamb,2.0,10,log_loss,741.0701299602838,0.01,0.059275809519333145,0.9977777777777778,0.4083333333333333,"[7, 13, 17, 18, 27, 28]",6,0.6,0.5,0.5,1.0,0.0,329.87026619911194
11,30,300,5,0.7,1.0,74107.01299602838,bootstrap_l1,2.0,10,log_loss,2602.039314790281,0.03511191734215131,0.0789591118224805,0.9960000000000001,0.8428571428571429,"[1, 13, 16, 17, 18, 23, 27]",7,0.4,0.2857142857142857,0.7142857142857143,1.0,0.0,278.16889905929565
