seed,p,n,k_star,p_edge,noise_scale,mu_scale,q_source,K_multiplier,K,criterion,mu_star,mu_star_relative,log_loss_star,auc_star,stability_star,support,k_actual,S_recall,S_precision,C_inclusion,causal_precision,correlate_inclusion,fit_seconds
13,30,300,5,0.6,1.0,5852.540070828083,oracle,2.0,10,log_loss,0.0,0.0,0.11768029701702387,0.9942222222222222,0.2825,"[2, 11, 27]",3,0.0,0.0,1.0,1.0,0.0,328.5679621696472
13,30,300,5,0.6,1.0,5852.540070828083,uniform,2.0,10,log_loss,0.0,0.0,0.1285329612905749,0.9944444444444445,0.21785714285714283,"[2, 11, 27]",3,0.0,0.0,1.0,1.0,0.0,330.0987756252289
13,30,300,5,0.6,1.0,5852.540070828083,adversarial,2.0,10,log_loss,58.525400708280834,0.01,0.041912975659290294,0.9997777777777778,0.28476190476190477,"[4, 11, 12, 27]",4,0.0,0.0,1.0,1.0,0.0,325.8153450489044
13,30,300,5,0.6,1.0,5852.540070828083,pc,2.0,10,log_loss,58.525400708280834,0.01,0.047054173701863,0.9997777777777778,0.35,"[4, 16, 20, 24]",4,0.2,0.25,0.75,1.0,0.0,293.1948070526123
13,30,300,5,0.6,1.0,5852.540070828083,ges,2.0,10,log_loss,58.525400708280834,0.01,0.04678152930693349,0.9986666666666666,0.4542857142857143,"[4, 17, 24, 28]",4,0.4,0.5,0.5,1.0,0.0,325.08167576789856
13,30,300,5,0.6,1.0,5852.540070828083,iamb,2.0,10,log_loss,0.0,0.0,0.05047640522689741,0.9986666666666666,0.3107936507936508,"[2, 11, 27]",3,0.0,0.0,1.0,1.0,0.0,276.0046589374542
13,30,300,5,0.6,1.0,5852.540070828083,bootstrap_l1,2.0,10,log_loss,205.493903208544,0.03511191734215131,0.08860097279794013,0.9966666666666667,0.29047619047619044,"[2, 6, 11, 27]",4,0.2,0.25,0.75,1.0,0.0,295.2691810131073
