seed,p,n,k_star,p_edge,noise_scale,mu_scale,q_source,K_multiplier,K,criterion,mu_star,mu_star_relative,log_loss_star,auc_star,stability_star,support,k_actual,S_recall,S_precision,C_inclusion,causal_precision,correlate_inclusion,fit_seconds
1,30,100,5,0.2,1.0,41.230160415892634,oracle,2.0,10,log_loss,0.7725779293462816,0.01873817422860384,0.14130093992019774,0.994,0.5425524475524475,"[4, 7, 13, 26, 27]",5,0.6,0.6,0.4,0.6,0.4,221.97355604171753
1,30,100,5,0.2,1.0,41.230160415892634,uniform,2.0,10,log_loss,0.0,0.0,0.06914059006800083,0.9960000000000001,0.6214285714285714,"[4, 5, 7, 13, 16, 26, 27]",7,0.6,0.42857142857142855,0.5714285714285714,0.7142857142857143,0.2857142857142857,234.25679993629456
1,30,100,5,0.2,1.0,41.230160415892634,adversarial,2.0,10,log_loss,0.0,0.0,0.10271257319156904,0.998,0.47696969696969704,"[4, 5, 7, 13, 16, 26, 27]",7,0.6,0.42857142857142855,0.5714285714285714,0.7142857142857143,0.2857142857142857,224.63777613639832
1,30,100,5,0.2,1.0,41.230160415892634,pc,2.0,10,log_loss,62.66617776804253,1.5199110829529332,0.02236774053905432,1.0,0.7557575757575759,"[0, 4, 7, 13, 20, 25, 26, 27, 29]",9,0.6,0.3333333333333333,0.5555555555555556,0.4444444444444444,0.4444444444444444,241.31212520599365
1,30,100,5,0.2,1.0,41.230160415892634,ges,2.0,10,log_loss,0.0,0.0,0.0882715680688809,0.9880000000000001,0.7142857142857142,"[4, 5, 7, 13, 16, 26, 27]",7,0.6,0.42857142857142855,0.5714285714285714,0.7142857142857143,0.2857142857142857,276.15529227256775
1,30,100,5,0.2,1.0,41.230160415892634,iamb,2.0,10,log_loss,62.66617776804253,1.5199110829529332,0.07075555387266384,0.998,0.6241666666666665,"[0, 1, 6, 7, 13, 15, 26, 27]",8,1.0,0.625,0.25,0.625,0.25,265.37442207336426
1,30,100,5,0.2,1.0,41.230160415892634,bootstrap_l1,2.0,10,log_loss,5.083046883540656,0.12328467394420659,0.046816390895573226,0.9960000000000001,0.7855952380952381,"[1, 4, 5, 7, 13, 16, 26, 27]",8,0.8,0.5,0.5,0.75,0.25,256.3708989620209
