seed,p,n,k_star,p_edge,noise_scale,mu_scale,q_source,K_multiplier,K,criterion,mu_star,mu_star_relative,log_loss_star,auc_star,stability_star,support,k_actual,S_recall,S_precision,C_inclusion,causal_precision,correlate_inclusion,fit_seconds
7,30,300,5,0.5,1.0,3920.9504320644573,oracle,2.0,10,log_loss,39.20950432064458,0.01,0.2523373786671114,0.9668888888888889,0.41690476190476194,"[15, 19, 22, 23, 25]",5,0.2,0.2,0.8,1.0,0.0,319.409795999527
7,30,300,5,0.5,1.0,3920.9504320644573,uniform,2.0,10,log_loss,0.0,0.0,0.3666156027966053,0.9186666666666665,0.3907142857142857,"[15, 19, 22, 25]",4,0.0,0.0,1.0,1.0,0.0,326.67481803894043
7,30,300,5,0.5,1.0,3920.9504320644573,adversarial,2.0,10,log_loss,0.0,0.0,0.20123481938982907,0.9724444444444444,0.3896031746031746,"[15, 19, 22, 25]",4,0.0,0.0,1.0,1.0,0.0,307.3790457248688
7,30,300,5,0.5,1.0,3920.9504320644573,pc,2.0,10,log_loss,39.20950432064458,0.01,0.3477135715097648,0.8904444444444446,0.41,"[15, 19, 22, 25]",4,0.0,0.0,1.0,1.0,0.0,308.8741548061371
7,30,300,5,0.5,1.0,3920.9504320644573,ges,2.0,10,log_loss,137.6720874733197,0.03511191734215131,0.014551881169927432,1.0,0.7428571428571428,"[0, 8, 12, 14, 17, 28]",6,0.2,0.16666666666666666,0.8333333333333334,1.0,0.0,308.84735918045044
7,30,300,5,0.5,1.0,3920.9504320644573,iamb,2.0,10,log_loss,73.47145233774332,0.018738174228603844,0.12213664438496075,0.9924444444444445,0.44833333333333325,"[7, 23]",2,0.2,0.5,0.5,1.0,0.0,342.4939241409302
7,30,300,5,0.5,1.0,3920.9504320644573,bootstrap_l1,2.0,10,log_loss,0.0,0.0,0.2155360991803877,0.9526666666666666,0.4852380952380952,"[15, 19, 22, 25]",4,0.0,0.0,1.0,1.0,0.0,329.7850420475006
