seed,p,n,k_star,p_edge,noise_scale,mu_scale,q_source,K_multiplier,K,criterion,mu_star,mu_star_relative,log_loss_star,auc_star,stability_star,support,k_actual,S_recall,S_precision,C_inclusion,causal_precision,correlate_inclusion,fit_seconds
3,30,200,5,0.2,1.0,82.80130920604306,oracle,2.0,10,log_loss,1.551545358259334,0.01873817422860384,0.10558825157328686,0.9934999999999998,0.7257575757575758,"[1, 5, 6, 7, 8, 10, 15, 16, 24, 25]",10,0.8,0.4,0.6,0.9,0.1,466.6322281360626
3,30,200,5,0.2,1.0,82.80130920604306,uniform,2.0,10,log_loss,0.0,0.0,0.9832980002788657,0.9237499999999998,0.477930402930403,"[1, 4, 5, 6, 7, 8, 15, 16, 24, 25]",10,0.8,0.4,0.6,0.9,0.1,496.11332082748413
3,30,200,5,0.2,1.0,82.80130920604306,adversarial,2.0,10,log_loss,2.907312724664496,0.03511191734215131,0.16966842209595942,0.9875,0.6741414141414142,"[0, 4, 5, 6, 10, 18, 20, 21, 24, 25]",10,0.0,0.0,1.0,0.9,0.1,502.57591915130615
3,30,200,5,0.2,1.0,82.80130920604306,pc,2.0,10,log_loss,67.16269472677145,0.8111308307896868,0.25013655726408274,0.9595,0.5518581418581419,"[4, 5, 6, 8, 10, 20, 24, 25]",8,0.0,0.0,1.0,0.875,0.125,453.5157072544098
3,30,200,5,0.2,1.0,82.80130920604306,ges,2.0,10,log_loss,19.128176360264916,0.23101297000831592,0.09636407028871391,0.9949999999999999,0.8481818181818183,"[0, 4, 5, 6, 15, 16, 20, 24, 26]",9,0.4,0.2222222222222222,0.7777777777777778,0.7777777777777778,0.2222222222222222,532.3458659648895
3,30,200,5,0.2,1.0,82.80130920604306,iamb,2.0,10,log_loss,441.88568318276566,5.336699231206307,0.082936999056669,0.9964999999999999,0.6863888888888889,"[1, 3, 4, 6, 7, 15, 16]",7,1.0,0.7142857142857143,0.2857142857142857,1.0,0.0,493.57206892967224
3,30,200,5,0.2,1.0,82.80130920604306,bootstrap_l1,2.0,10,log_loss,67.16269472677145,0.8111308307896868,0.26232757733928147,0.985,0.717027972027972,"[4, 5, 6, 7, 8, 10, 15, 16, 24]",9,0.6,0.3333333333333333,0.6666666666666666,0.8888888888888888,0.1111111111111111,178.5795931816101
