seed,p,n,k_star,p_edge,noise_scale,mu_scale,q_source,K_multiplier,K,criterion,mu_star,mu_star_relative,log_loss_star,auc_star,stability_star,support,k_actual,S_recall,S_precision,C_inclusion,causal_precision,correlate_inclusion,fit_seconds
9,30,300,5,0.2,0.5,232.54267131973472,oracle,2.0,10,log_loss,2.325426713197347,0.01,0.02638997441800981,0.9995555555555555,0.6281385281385281,"[1, 5, 8, 16, 18, 20, 21, 24, 28, 29]",10,1.0,0.5,0.5,1.0,0.0,278.0454452037811
9,30,300,5,0.2,0.5,232.54267131973472,uniform,2.0,10,log_loss,0.0,0.0,0.02039509665837433,1.0,0.48277777777777775,"[1, 5, 8, 16, 18, 20, 21, 24]",8,0.8,0.5,0.5,1.0,0.0,289.11514592170715
9,30,300,5,0.2,0.5,232.54267131973472,adversarial,2.0,10,log_loss,0.0,0.0,0.03463169556104417,1.0,0.4436108336108335,"[1, 5, 8, 16, 18, 20, 21, 24]",8,0.8,0.5,0.5,1.0,0.0,323.47201108932495
9,30,300,5,0.2,0.5,232.54267131973472,pc,2.0,10,log_loss,8.165019053901585,0.03511191734215131,0.02722142347274294,1.0,0.5496464646464647,"[0, 1, 3, 5, 8, 12, 13, 20, 21]",9,0.4,0.2222222222222222,0.7777777777777778,1.0,0.0,293.4246871471405
9,30,300,5,0.2,0.5,232.54267131973472,ges,2.0,10,log_loss,2.325426713197347,0.01,0.019200862572823642,0.9997777777777778,0.8077777777777779,"[0, 1, 3, 5, 8, 12, 18, 20]",8,0.6,0.375,0.625,1.0,0.0,321.78336000442505
9,30,300,5,0.2,0.5,232.54267131973472,iamb,2.0,10,log_loss,2.325426713197347,0.01,0.022376219240807363,1.0,0.6859126984126984,"[1, 5, 8, 16, 18, 20, 29]",7,1.0,0.7142857142857143,0.2857142857142857,1.0,0.0,273.50058794021606
9,30,300,5,0.2,0.5,232.54267131973472,bootstrap_l1,2.0,10,log_loss,4.3574250907741465,0.01873817422860384,0.02979543657847642,0.9997777777777778,0.4750000000000001,"[1, 5, 8, 16, 18, 20, 21, 24]",8,0.8,0.5,0.5,1.0,0.0,297.88597202301025
