seed,p,n,k_star,p_edge,noise_scale,mu_scale,q_source,K_multiplier,K,criterion,mu_star,mu_star_relative,log_loss_star,auc_star,stability_star,support,k_actual,S_recall,S_precision,C_inclusion,causal_precision,correlate_inclusion,fit_seconds
13,30,300,5,0.1,1.0,46.23969914320284,oracle,2.0,10,log_loss,0.0,0.0,0.08648868661063999,0.9948888888888888,0.6713286713286714,"[4, 6, 9, 10, 16, 17, 18, 24, 26]",9,1.0,0.5555555555555556,0.3333333333333333,0.8888888888888888,0.0,236.75784277915955
13,30,300,5,0.1,1.0,46.23969914320284,uniform,2.0,10,log_loss,0.0,0.0,0.12647395563308717,0.992,0.629055944055944,"[4, 6, 9, 10, 16, 17, 18, 24, 26]",9,1.0,0.5555555555555556,0.3333333333333333,0.8888888888888888,0.0,233.96418118476868
13,30,300,5,0.1,1.0,46.23969914320284,adversarial,2.0,10,log_loss,0.0,0.0,0.11809484746705892,0.9951111111111111,0.61002331002331,"[4, 6, 9, 10, 16, 17, 18, 24, 26]",9,1.0,0.5555555555555556,0.3333333333333333,0.8888888888888888,0.0,262.58048009872437
13,30,300,5,0.1,1.0,46.23969914320284,pc,2.0,10,log_loss,0.0,0.0,0.0884307843176837,0.9937777777777776,0.6220862470862472,"[4, 6, 9, 10, 16, 17, 18, 24, 26]",9,1.0,0.5555555555555556,0.3333333333333333,0.8888888888888888,0.0,231.03719401359558
13,30,300,5,0.1,1.0,46.23969914320284,ges,2.0,10,log_loss,37.50644558149129,0.8111308307896868,0.093319754089357,0.9957777777777779,0.644963924963925,"[6, 9, 10, 14, 17, 21, 24, 26, 28]",9,1.0,0.5555555555555556,0.4444444444444444,0.7777777777777778,0.2222222222222222,254.55347895622253
13,30,300,5,0.1,1.0,46.23969914320284,iamb,2.0,10,log_loss,131.69232170552178,2.848035868435799,0.06242459503926423,0.9982222222222223,0.9111111111111111,"[6, 9, 10, 16, 17, 24, 26, 28]",8,1.0,0.625,0.375,1.0,0.0,269.7644259929657
13,30,300,5,0.1,1.0,46.23969914320284,bootstrap_l1,2.0,10,log_loss,131.69232170552178,2.848035868435799,0.08748635775394285,0.9957777777777779,0.7100000000000001,"[4, 6, 9, 10, 12, 16, 17, 24, 26]",9,1.0,0.5555555555555556,0.3333333333333333,0.8888888888888888,0.0,267.0221619606018
