seed,p,n,k_star,p_edge,noise_scale,mu_scale,q_source,K_multiplier,K,criterion,mu_star,mu_star_relative,log_loss_star,auc_star,stability_star,support,k_actual,S_recall,S_precision,C_inclusion,causal_precision,correlate_inclusion,fit_seconds
3,30,300,5,0.3,1.0,718.6937673926648,oracle,2.0,10,log_loss,0.0,0.0,0.13862306636043065,0.9904444444444446,0.31186230436230444,"[7, 10, 12, 15, 20]",5,0.4,0.4,0.6,1.0,0.0,491.8887598514557
3,30,300,5,0.3,1.0,718.6937673926648,uniform,2.0,10,log_loss,0.0,0.0,0.13069244918149256,0.9928888888888888,0.29704184704184705,"[7, 10, 12, 15, 20]",5,0.4,0.4,0.6,1.0,0.0,240.25123000144958
3,30,300,5,0.3,1.0,718.6937673926648,adversarial,2.0,10,log_loss,0.0,0.0,0.15724528890926215,0.9917777777777778,0.35715229215229216,"[7, 10, 12, 15, 20]",5,0.4,0.4,0.6,1.0,0.0,260.41453409194946
3,30,300,5,0.3,1.0,718.6937673926648,pc,2.0,10,log_loss,0.0,0.0,0.08397191377184265,0.9960000000000001,0.38430458430458436,"[7, 10, 12, 15, 20]",5,0.4,0.4,0.6,1.0,0.0,268.55608010292053
3,30,300,5,0.3,1.0,718.6937673926648,ges,2.0,10,log_loss,7.186937673926648,0.01,0.26809445434298035,0.9720000000000001,0.5051587301587303,"[3, 7, 10, 15, 17, 19, 24]",7,0.6,0.42857142857142855,0.5714285714285714,1.0,0.0,266.4896922111511
3,30,300,5,0.3,1.0,718.6937673926648,iamb,2.0,10,log_loss,0.0,0.0,0.17548103525074532,0.9855555555555556,0.35214729714729714,"[7, 10, 12, 15, 20]",5,0.4,0.4,0.6,1.0,0.0,288.49812507629395
3,30,300,5,0.3,1.0,718.6937673926648,bootstrap_l1,2.0,10,log_loss,0.0,0.0,0.13963723000404793,0.9913333333333334,0.2905094905094906,"[7, 10, 12, 15, 20]",5,0.4,0.4,0.6,1.0,0.0,274.57317876815796
