seed,p,n,k_star,p_edge,noise_scale,mu_scale,q_source,K_multiplier,K,criterion,mu_star,mu_star_relative,log_loss_star,auc_star,stability_star,support,k_actual,S_recall,S_precision,C_inclusion,causal_precision,correlate_inclusion,fit_seconds
1,30,300,5,0.4,1.0,487.4230310417024,oracle,2.0,10,log_loss,4.874230310417024,0.01,0.16570449974751017,0.9880000000000001,0.6463636363636364,"[1, 5, 7, 8, 9, 11, 13, 15, 27]",9,1.0,0.5555555555555556,0.4444444444444444,1.0,0.0,299.92631125450134
1,30,300,5,0.4,1.0,487.4230310417024,uniform,2.0,10,log_loss,0.0,0.0,0.20156920660166494,0.9808888888888889,0.7872222222222222,"[0, 1, 7, 9, 13, 15, 27]",7,1.0,0.7142857142857143,0.2857142857142857,1.0,0.0,286.8586571216583
1,30,300,5,0.4,1.0,487.4230310417024,adversarial,2.0,10,log_loss,0.0,0.0,0.17851142335729797,0.9846666666666666,0.6691919191919191,"[0, 1, 7, 9, 13, 15, 27]",7,1.0,0.7142857142857143,0.2857142857142857,1.0,0.0,304.468496799469
1,30,300,5,0.4,1.0,487.4230310417024,pc,2.0,10,log_loss,0.0,0.0,0.1819855569550115,0.9837777777777778,0.5892171717171716,"[0, 1, 7, 9, 13, 15, 27]",7,1.0,0.7142857142857143,0.2857142857142857,1.0,0.0,289.3566839694977
1,30,300,5,0.4,1.0,487.4230310417024,ges,2.0,10,log_loss,17.114357176597107,0.03511191734215131,0.06741667267159193,0.9975555555555555,0.75,"[1, 7, 11, 13, 15, 27, 29]",7,1.0,0.7142857142857143,0.2857142857142857,1.0,0.0,339.9471929073334
1,30,300,5,0.4,1.0,487.4230310417024,iamb,2.0,10,log_loss,60.091789454873165,0.12328467394420659,0.09521372674246613,0.9948888888888888,0.7128968253968254,"[1, 7, 11, 13, 15, 27]",6,1.0,0.8333333333333334,0.16666666666666666,1.0,0.0,362.1530029773712
1,30,300,5,0.4,1.0,487.4230310417024,bootstrap_l1,2.0,10,log_loss,4.874230310417024,0.01,0.08844390831335255,0.9964444444444445,0.8733333333333334,"[1, 5, 7, 8, 9, 13, 15, 27]",8,1.0,0.625,0.375,1.0,0.0,328.6563539505005
