seed,p,n,k_star,p_edge,noise_scale,mu_scale,q_source,K_multiplier,K,criterion,mu_star,mu_star_relative,log_loss_star,auc_star,stability_star,support,k_actual,S_recall,S_precision,C_inclusion,causal_precision,correlate_inclusion,fit_seconds
4,30,300,5,0.6,1.0,6046.412035902706,oracle,2.0,10,log_loss,60.464120359027056,0.01,0.032436827638135476,0.9988888888888889,0.6933333333333334,"[8, 24, 26, 27]",4,0.4,0.5,0.5,1.0,0.0,32930.69730710983
4,30,300,5,0.6,1.0,6046.412035902706,uniform,2.0,10,log_loss,0.0,0.0,0.03600721970669739,1.0,0.503095238095238,"[8, 13, 14, 24, 26]",5,0.2,0.2,0.8,1.0,0.0,377.7633099555969
4,30,300,5,0.6,1.0,6046.412035902706,adversarial,2.0,10,log_loss,60.464120359027056,0.01,0.03167411175229866,0.9995555555555555,0.5104761904761904,"[5, 13, 14, 24, 26]",5,0.0,0.0,1.0,1.0,0.0,309.5986919403076
4,30,300,5,0.6,1.0,6046.412035902706,pc,2.0,10,log_loss,0.0,0.0,0.043427836542880814,0.9984444444444444,0.6285714285714286,"[8, 13, 14, 24, 26]",5,0.2,0.2,0.8,1.0,0.0,341.1997172832489
4,30,300,5,0.6,1.0,6046.412035902706,ges,2.0,10,log_loss,0.0,0.0,0.047580602510429684,0.9986666666666666,0.6395238095238096,"[8, 13, 14, 24, 26]",5,0.2,0.2,0.8,1.0,0.0,371.46299600601196
4,30,300,5,0.6,1.0,6046.412035902706,iamb,2.0,10,log_loss,0.0,0.0,0.0349069961546584,0.9988888888888889,0.5785714285714285,"[8, 13, 14, 24, 26]",5,0.2,0.2,0.8,1.0,0.0,377.38466572761536
4,30,300,5,0.6,1.0,6046.412035902706,bootstrap_l1,2.0,10,log_loss,113.29872218667215,0.01873817422860384,0.03791655365519788,0.9995555555555555,0.6966666666666667,"[8, 13, 14, 24, 26]",5,0.2,0.2,0.8,1.0,0.0,380.25606298446655
