seed,p,n,k_star,p_edge,noise_scale,mu_scale,q_source,K_multiplier,K,criterion,mu_star,mu_star_relative,log_loss_star,auc_star,stability_star,support,k_actual,S_recall,S_precision,C_inclusion,causal_precision,correlate_inclusion,fit_seconds
9,30,150,5,0.2,1.0,192.870005700347,oracle,2.0,10,log_loss,1.92870005700347,0.01,0.07084384308954292,1.0,0.5507395382395381,"[0, 5, 11, 16, 18, 20, 21, 23]",8,0.8,0.5,0.5,0.75,0.25,251.48257899284363
9,30,150,5,0.2,1.0,192.870005700347,uniform,2.0,10,log_loss,0.0,0.0,0.32009760580424274,0.9804444444444445,0.24721833721833725,"[0, 5, 21, 25, 27, 28]",6,0.2,0.16666666666666666,0.8333333333333334,1.0,0.0,264.9232499599457
9,30,150,5,0.2,1.0,192.870005700347,adversarial,2.0,10,log_loss,1.92870005700347,0.01,0.263086617522798,0.9786666666666667,0.3497979797979798,"[0, 3, 12, 14, 21, 26, 27, 28]",8,0.0,0.0,1.0,1.0,0.0,241.29315614700317
9,30,150,5,0.2,1.0,192.870005700347,pc,2.0,10,log_loss,44.555472842357986,0.23101297000831594,0.13512480985157743,0.9893333333333334,0.43388888888888894,"[0, 3, 5, 8, 21, 22, 26, 28]",8,0.2,0.125,0.875,1.0,0.0,253.6672601699829
9,30,150,5,0.2,1.0,192.870005700347,ges,2.0,10,log_loss,23.777915766384545,0.12328467394420659,0.0470417105879309,0.9973333333333333,0.6659090909090909,"[1, 3, 5, 12, 13, 14, 18, 21, 29]",9,0.6,0.3333333333333333,0.6666666666666666,1.0,0.0,283.2093780040741
9,30,150,5,0.2,1.0,192.870005700347,iamb,2.0,10,log_loss,3.6140317702849183,0.01873817422860384,0.05782175172212114,0.9991111111111112,0.4787062937062937,"[0, 5, 11, 16, 18, 20, 23]",7,0.8,0.5714285714285714,0.42857142857142855,0.7142857142857143,0.2857142857142857,266.659884929657
9,30,150,5,0.2,1.0,192.870005700347,bootstrap_l1,2.0,10,log_loss,293.14525923315284,1.5199110829529334,0.10111098593522316,0.9928888888888888,0.5872222222222223,"[5, 8, 13, 15, 19, 20, 21, 28]",8,0.4,0.25,0.75,0.875,0.125,273.0409400463104
