seed,p,n,k_star,p_edge,noise_scale,mu_scale,q_source,K_multiplier,K,criterion,mu_star,mu_star_relative,log_loss_star,auc_star,stability_star,support,k_actual,S_recall,S_precision,C_inclusion,causal_precision,correlate_inclusion,fit_seconds
4,30,300,5,0.2,1.0,103.35129380504532,oracle,2.0,10,log_loss,0.0,0.0,0.09863085595699483,0.9964444444444445,0.43445720945720945,"[5, 7, 8, 9, 13, 20, 27, 29]",8,1.0,0.625,0.25,0.875,0.0,463.92085909843445
4,30,300,5,0.2,1.0,103.35129380504532,uniform,2.0,10,log_loss,0.0,0.0,0.07813139285899237,0.9959999999999999,0.5106993006993006,"[5, 7, 8, 9, 13, 20, 27, 29]",8,1.0,0.625,0.25,0.875,0.0,559.0351150035858
4,30,300,5,0.2,1.0,103.35129380504532,adversarial,2.0,10,log_loss,0.0,0.0,0.11235128213342704,0.9928888888888888,0.49752525252525254,"[5, 7, 8, 9, 13, 20, 27, 29]",8,1.0,0.625,0.25,0.875,0.0,502.0330729484558
4,30,300,5,0.2,1.0,103.35129380504532,pc,2.0,10,log_loss,3.6288620852871456,0.03511191734215131,0.08275227547553143,0.9968888888888889,0.5725757575757575,"[5, 7, 8, 10, 16, 20, 22, 27, 29]",9,1.0,0.5555555555555556,0.4444444444444444,0.6666666666666666,0.3333333333333333,522.4844789505005
4,30,300,5,0.2,1.0,103.35129380504532,ges,2.0,10,log_loss,12.741630558466909,0.12328467394420657,0.08301933955296328,0.9951111111111111,0.5962121212121213,"[5, 7, 8, 13, 20, 26, 27, 29]",8,1.0,0.625,0.375,1.0,0.0,32804.66060590744
4,30,300,5,0.2,1.0,103.35129380504532,iamb,2.0,10,log_loss,1.9366145500705638,0.01873817422860384,0.07898854766401119,0.9962222222222221,0.5955477855477855,"[2, 4, 7, 8, 9, 10, 16, 20, 27, 29]",10,1.0,0.5,0.4,0.7,0.2,404.493262052536
4,30,300,5,0.2,1.0,103.35129380504532,bootstrap_l1,2.0,10,log_loss,6.799825000568519,0.0657933224657568,0.08092948970217748,0.9977777777777778,0.642070707070707,"[5, 7, 8, 9, 10, 20, 23, 29]",8,0.8,0.5,0.375,0.75,0.125,262.2030861377716
