seed,p,n,k_star,p_edge,noise_scale,mu_scale,q_source,K_multiplier,K,criterion,mu_star,mu_star_relative,log_loss_star,auc_star,stability_star,support,k_actual,S_recall,S_precision,C_inclusion,causal_precision,correlate_inclusion,fit_seconds
16,30,300,5,0.6,1.0,28257.42860375203,oracle,2.0,10,log_loss,0.0,0.0,0.03505824537110879,0.9993333333333332,0.37333333333333335,"[0, 9, 15, 16, 21, 29]",6,0.2,0.16666666666666666,0.8333333333333334,1.0,0.0,279.9650330543518
16,30,300,5,0.6,1.0,28257.42860375203,uniform,2.0,10,log_loss,0.0,0.0,0.050160395028417,0.998,0.48857142857142855,"[0, 9, 15, 16, 21, 29]",6,0.2,0.16666666666666666,0.8333333333333334,1.0,0.0,331.61393690109253
16,30,300,5,0.6,1.0,28257.42860375203,adversarial,2.0,10,log_loss,0.0,0.0,0.02588492333615066,0.9997777777777778,0.6267857142857143,"[0, 9, 15, 16, 21, 29]",6,0.2,0.16666666666666666,0.8333333333333334,1.0,0.0,336.75917887687683
16,30,300,5,0.6,1.0,28257.42860375203,pc,2.0,10,log_loss,0.0,0.0,0.021645002016595243,1.0,0.6123809523809525,"[0, 9, 15, 16, 21, 29]",6,0.2,0.16666666666666666,0.8333333333333334,1.0,0.0,390.41543889045715
16,30,300,5,0.6,1.0,28257.42860375203,ges,2.0,10,log_loss,0.0,0.0,0.029802190305817843,0.9993333333333332,0.5192857142857142,"[0, 9, 15, 16, 21, 29]",6,0.2,0.16666666666666666,0.8333333333333334,1.0,0.0,369.9804790019989
16,30,300,5,0.6,1.0,28257.42860375203,iamb,2.0,10,log_loss,0.0,0.0,0.03202268977056164,0.9986666666666666,0.5495238095238094,"[0, 9, 15, 16, 21, 29]",6,0.2,0.16666666666666666,0.8333333333333334,1.0,0.0,371.8878982067108
16,30,300,5,0.6,1.0,28257.42860375203,bootstrap_l1,2.0,10,log_loss,0.0,0.0,0.035333281909817923,0.9986666666666666,0.48976190476190473,"[0, 9, 15, 16, 21, 29]",6,0.2,0.16666666666666666,0.8333333333333334,1.0,0.0,363.8105220794678
