seed,p,n,k_star,p_edge,noise_scale,mu_scale,q_source,K_multiplier,K,criterion,mu_star,mu_star_relative,log_loss_star,auc_star,stability_star,support,k_actual,S_recall,S_precision,C_inclusion,causal_precision,correlate_inclusion,fit_seconds
9,20,300,5,0.2,1.0,144.48475365893657,oracle,2.0,10,log_loss,0.0,0.0,0.07821952073420152,0.9973333333333334,0.6143434343434342,"[0, 1, 5, 6, 8, 12, 17, 18, 19]",9,0.8,0.4444444444444444,0.5555555555555556,1.0,0.0,245.64581108093262
9,20,300,5,0.2,1.0,144.48475365893657,uniform,2.0,10,log_loss,0.0,0.0,0.06287182479766618,0.9984444444444444,0.5256565656565656,"[0, 1, 5, 6, 8, 12, 17, 18, 19]",9,0.8,0.4444444444444444,0.5555555555555556,1.0,0.0,263.0529499053955
9,20,300,5,0.2,1.0,144.48475365893657,adversarial,2.0,10,log_loss,1.4448475365893658,0.01,0.08377498903802069,0.9966666666666667,0.6134282384282386,"[0, 1, 3, 5, 6, 7, 11, 12, 14, 17]",10,0.4,0.2,0.8,0.7,0.3,251.40830278396606
9,20,300,5,0.2,1.0,144.48475365893657,pc,2.0,10,log_loss,1.4448475365893658,0.01,0.053790966868634826,0.998,0.6813131313131313,"[0, 1, 5, 6, 8, 10, 13, 14, 17, 19]",10,1.0,0.5,0.5,0.9,0.1,259.3106861114502
9,20,300,5,0.2,1.0,144.48475365893657,ges,2.0,10,log_loss,17.812755744751005,0.12328467394420659,0.05635675256970611,0.998,0.7154545454545456,"[0, 1, 5, 6, 8, 10, 17, 19]",8,0.8,0.5,0.5,1.0,0.0,258.9665129184723
9,20,300,5,0.2,1.0,144.48475365893657,iamb,2.0,10,log_loss,33.37785206367083,0.23101297000831594,0.0575263286542399,0.9977777777777778,0.6106818181818181,"[0, 5, 6, 8, 10, 12, 13, 19]",8,1.0,0.625,0.375,1.0,0.0,262.56414580345154
9,20,300,5,0.2,1.0,144.48475365893657,bootstrap_l1,2.0,10,log_loss,1.4448475365893658,0.01,0.05823728858149949,0.9988888888888889,0.8227777777777778,"[0, 1, 5, 6, 8, 12, 16, 17, 19]",9,0.8,0.4444444444444444,0.5555555555555556,0.8888888888888888,0.1111111111111111,277.44824290275574
