seed,p,n,k_star,p_edge,noise_scale,mu_scale,q_source,K_multiplier,K,criterion,mu_star,mu_star_relative,log_loss_star,auc_star,stability_star,support,k_actual,S_recall,S_precision,C_inclusion,causal_precision,correlate_inclusion,fit_seconds
12,30,300,5,0.7,1.0,45102.91292794975,oracle,2.0,10,log_loss,0.0,0.0,0.10133771754765715,0.9951111111111111,0.2888095238095238,"[2, 3, 12, 16, 26, 27, 29]",7,0.2,0.14285714285714285,0.8571428571428571,1.0,0.0,321.0428819656372
12,30,300,5,0.7,1.0,45102.91292794975,uniform,2.0,10,log_loss,0.0,0.0,0.040897415469863155,0.9991111111111112,0.4874603174603174,"[2, 3, 12, 16, 26, 27, 29]",7,0.2,0.14285714285714285,0.8571428571428571,1.0,0.0,326.08855724334717
12,30,300,5,0.7,1.0,45102.91292794975,adversarial,2.0,10,log_loss,0.0,0.0,0.0548896542801651,0.9982222222222223,0.41388888888888886,"[2, 3, 12, 16, 26, 27, 29]",7,0.2,0.14285714285714285,0.8571428571428571,1.0,0.0,322.31594133377075
12,30,300,5,0.7,1.0,45102.91292794975,pc,2.0,10,log_loss,451.0291292794975,0.01,0.07280020170002097,0.9973333333333334,0.3902380952380952,"[3, 12, 27, 29]",4,0.2,0.25,0.75,1.0,0.0,323.95611095428467
12,30,300,5,0.7,1.0,45102.91292794975,ges,2.0,10,log_loss,451.0291292794975,0.01,0.02285971031843392,1.0,0.5599999999999999,"[0, 12, 29]",3,0.4,0.6666666666666666,0.3333333333333333,1.0,0.0,324.1792058944702
12,30,300,5,0.7,1.0,45102.91292794975,iamb,2.0,10,log_loss,0.0,0.0,0.044523929674574345,0.9993333333333334,0.2874603174603174,"[2, 3, 12, 16, 26, 27, 29]",7,0.2,0.14285714285714285,0.8571428571428571,1.0,0.0,351.974650144577
12,30,300,5,0.7,1.0,45102.91292794975,bootstrap_l1,2.0,10,log_loss,19523.974314656934,0.4328761281083057,0.01987333095231777,1.0,0.5800000000000001,"[11, 12, 17, 27, 29]",5,0.4,0.4,0.6,1.0,0.0,289.6684100627899
