seed,p,n,k_star,p_edge,noise_scale,mu_scale,q_source,K_multiplier,K,criterion,mu_star,mu_star_relative,log_loss_star,auc_star,stability_star,support,k_actual,S_recall,S_precision,C_inclusion,causal_precision,correlate_inclusion,fit_seconds
17,30,300,5,0.1,1.0,40.215740882733925,oracle,2.0,10,log_loss,0.40215740882733925,0.01,0.1619419140019844,0.9877777777777779,0.589069264069264,"[4, 6, 7, 8, 20, 21, 22, 26, 27]",9,1.0,0.5555555555555556,0.3333333333333333,0.6666666666666666,0.2222222222222222,235.3890039920807
17,30,300,5,0.1,1.0,40.215740882733925,uniform,2.0,10,log_loss,0.0,0.0,0.22669061272749338,0.9802222222222223,0.5915423465423466,"[4, 6, 7, 8, 20, 21, 22, 26, 27]",9,1.0,0.5555555555555556,0.3333333333333333,0.6666666666666666,0.2222222222222222,238.37962198257446
17,30,300,5,0.1,1.0,40.215740882733925,adversarial,2.0,10,log_loss,0.0,0.0,0.19058692604731847,0.9857777777777779,0.5826689976689976,"[4, 6, 7, 8, 20, 21, 22, 26, 27]",9,1.0,0.5555555555555556,0.3333333333333333,0.6666666666666666,0.2222222222222222,293.73639488220215
17,30,300,5,0.1,1.0,40.215740882733925,pc,2.0,10,log_loss,402.1574088273393,10.0,0.19193470531412365,0.9857777777777776,0.4693389943389943,"[4, 6, 7, 9, 21, 22, 26, 27]",8,1.0,0.625,0.25,0.75,0.125,294.15221190452576
17,30,300,5,0.1,1.0,40.215740882733925,ges,2.0,10,log_loss,9.290357742405217,0.23101297000831592,0.14722978277888493,0.9886666666666667,0.6776340326340327,"[1, 4, 6, 7, 9, 17, 21, 22, 26, 27]",10,1.0,0.5,0.3,0.6,0.2,281.657851934433
17,30,300,5,0.1,1.0,40.215740882733925,iamb,2.0,10,log_loss,114.53587250974618,2.848035868435799,0.1770450292056071,0.9848888888888888,0.6946464646464646,"[1, 4, 6, 7, 17, 22, 26, 27]",8,1.0,0.625,0.125,0.625,0.125,287.2015507221222
17,30,300,5,0.1,1.0,40.215740882733925,bootstrap_l1,2.0,10,log_loss,402.1574088273393,10.0,0.17949526029809326,0.9868888888888889,0.6846969696969698,"[4, 6, 7, 9, 16, 21, 22, 26, 27]",9,1.0,0.5555555555555556,0.3333333333333333,0.6666666666666666,0.2222222222222222,318.3588960170746
