seed,p,n,k_star,p_edge,noise_scale,mu_scale,q_source,K_multiplier,K,criterion,mu_star,mu_star_relative,log_loss_star,auc_star,stability_star,support,k_actual,S_recall,S_precision,C_inclusion,causal_precision,correlate_inclusion,fit_seconds
8,30,300,5,0.4,1.0,514.3725564653921,oracle,2.0,10,log_loss,5.143725564653921,0.01,0.2733172637606851,0.9600000000000002,0.538888888888889,"[9, 12, 17, 19, 20]",5,0.2,0.2,0.8,1.0,0.0,285.5218107700348
8,30,300,5,0.4,1.0,514.3725564653921,uniform,2.0,10,log_loss,0.0,0.0,0.39951456176377736,0.976888888888889,0.48321428571428565,"[3, 6, 16, 19, 20]",5,0.4,0.4,0.6,1.0,0.0,312.74862408638
8,30,300,5,0.4,1.0,514.3725564653921,adversarial,2.0,10,log_loss,0.0,0.0,0.37017601039148096,0.97,0.6273809523809524,"[3, 6, 16, 19, 20]",5,0.4,0.4,0.6,1.0,0.0,300.0240409374237
8,30,300,5,0.4,1.0,514.3725564653921,pc,2.0,10,log_loss,222.6596006479098,0.4328761281083057,0.21539951156845988,0.9893333333333334,0.6666666666666666,"[6, 16, 19, 20]",4,0.4,0.5,0.5,1.0,0.0,320.47518587112427
8,30,300,5,0.4,1.0,514.3725564653921,ges,2.0,10,log_loss,33.842279475063236,0.0657933224657568,0.08859998215317016,0.9855555555555556,0.6,"[6, 16, 19, 20, 24, 25, 26, 28]",8,0.8,0.5,0.5,1.0,0.0,313.96953296661377
8,30,300,5,0.4,1.0,514.3725564653921,iamb,2.0,10,log_loss,5.143725564653921,0.01,0.1087003338079457,0.9924444444444445,0.6396428571428572,"[5, 6, 9, 19, 20, 25, 26]",7,1.0,0.7142857142857143,0.2857142857142857,1.0,0.0,307.91489005088806
8,30,300,5,0.4,1.0,514.3725564653921,bootstrap_l1,2.0,10,log_loss,0.0,0.0,0.3049013757199438,0.9831111111111112,0.7034523809523809,"[3, 6, 16, 19, 20]",5,0.4,0.4,0.6,1.0,0.0,315.05374813079834
