seed,p,n,k_star,p_edge,noise_scale,mu_scale,q_source,K_multiplier,K,criterion,mu_star,mu_star_relative,log_loss_star,auc_star,stability_star,support,k_actual,S_recall,S_precision,C_inclusion,causal_precision,correlate_inclusion,fit_seconds
9,10,300,5,0.2,1.0,47.11278764487871,oracle,2.0,10,log_loss,0.0,0.0,0.24033955285639194,0.9717777777777779,0.9,"[0, 1, 2, 3, 4, 5, 6, 9]",8,1.0,0.625,0.25,0.75,0.125,58.39358305931091
9,10,300,5,0.2,1.0,47.11278764487871,uniform,2.0,10,log_loss,0.0,0.0,0.25810648378094136,0.9624444444444444,0.7678571428571429,"[0, 1, 2, 3, 4, 5, 6, 9]",8,1.0,0.625,0.25,0.75,0.125,57.59306979179382
9,10,300,5,0.2,1.0,47.11278764487871,adversarial,2.0,10,log_loss,0.0,0.0,0.25223967955278326,0.9744444444444446,0.9,"[0, 1, 2, 3, 4, 5, 6, 9]",8,1.0,0.625,0.25,0.75,0.125,57.16110587120056
9,10,300,5,0.2,1.0,47.11278764487871,pc,2.0,10,log_loss,471.1278764487871,10.0,0.2832133179013204,0.9624444444444444,0.7884920634920635,"[0, 1, 2, 3, 4, 5, 6, 9]",8,1.0,0.625,0.25,0.75,0.125,56.97396111488342
9,10,300,5,0.2,1.0,47.11278764487871,ges,2.0,10,log_loss,0.0,0.0,0.244107996166685,0.97,0.8214285714285715,"[0, 1, 2, 3, 4, 5, 6, 9]",8,1.0,0.625,0.25,0.75,0.125,60.65442776679993
9,10,300,5,0.2,1.0,47.11278764487871,iamb,2.0,10,log_loss,10.883664999214522,0.23101297000831594,0.24080711531502277,0.9719999999999999,0.7958333333333334,"[0, 1, 2, 3, 4, 5, 6, 9]",8,1.0,0.625,0.25,0.75,0.125,57.593568086624146
9,10,300,5,0.2,1.0,47.11278764487871,bootstrap_l1,2.0,10,log_loss,0.0,0.0,0.2872240035365542,0.9671111111111111,0.8,"[0, 1, 2, 3, 4, 5, 6, 9]",8,1.0,0.625,0.25,0.75,0.125,59.62356781959534
