seed,p,n,k_star,p_edge,noise_scale,mu_scale,q_source,K_multiplier,K,criterion,mu_star,mu_star_relative,log_loss_star,auc_star,stability_star,support,k_actual,S_recall,S_precision,C_inclusion,causal_precision,correlate_inclusion,fit_seconds
7,30,300,5,0.6,1.0,323.0899011839391,oracle,2.0,10,log_loss,3.230899011839391,0.01,0.3441992251845972,0.947111111111111,0.7004761904761904,"[6, 21, 23]",3,0.4,0.6666666666666666,0.3333333333333333,1.0,0.0,293.84466791152954
7,30,300,5,0.6,1.0,323.0899011839391,uniform,2.0,10,log_loss,0.0,0.0,0.8806451993122524,0.8262222222222222,0.39,"[3, 15, 19, 21]",4,0.0,0.0,1.0,1.0,0.0,317.85736989974976
7,30,300,5,0.6,1.0,323.0899011839391,adversarial,2.0,10,log_loss,0.0,0.0,0.9094907615481537,0.8304444444444445,0.26289682539682535,"[3, 15, 19, 21]",4,0.0,0.0,1.0,1.0,0.0,304.662260055542
7,30,300,5,0.6,1.0,323.0899011839391,pc,2.0,10,log_loss,74.63795765219508,0.23101297000831594,0.45751591689155324,0.9477777777777778,0.7642857142857142,"[0, 1, 3, 4, 6, 19, 21, 25]",8,0.2,0.125,0.875,1.0,0.0,284.5953779220581
7,30,300,5,0.6,1.0,323.0899011839391,ges,2.0,10,log_loss,6.054114859887049,0.01873817422860384,0.5571424331725937,0.858,0.5333333333333333,"[3, 19]",2,0.0,0.0,1.0,1.0,0.0,322.9509470462799
7,30,300,5,0.6,1.0,323.0899011839391,iamb,2.0,10,log_loss,21.257158054024405,0.0657933224657568,0.16671005069114356,0.963111111111111,0.55,"[0, 1, 9, 16, 17, 21, 23]",7,0.6,0.42857142857142855,0.5714285714285714,1.0,0.0,310.57650113105774
7,30,300,5,0.6,1.0,323.0899011839391,bootstrap_l1,2.0,10,log_loss,39.83203312212786,0.1232846739442066,0.48068329730693804,0.9668888888888889,0.8732142857142857,"[0, 1, 3, 4, 7, 15, 21, 25]",8,0.0,0.0,1.0,1.0,0.0,295.3283998966217
