seed,p,n,k_star,p_edge,noise_scale,mu_scale,q_source,K_multiplier,K,criterion,mu_star,mu_star_relative,log_loss_star,auc_star,stability_star,support,k_actual,S_recall,S_precision,C_inclusion,causal_precision,correlate_inclusion,fit_seconds
9,30,100,5,0.2,1.0,139.50863411233604,oracle,2.0,10,log_loss,0.0,0.0,0.10559034939766569,0.998,0.5028787878787879,"[0, 2, 5, 6, 14, 18, 21, 26, 29]",9,0.6,0.3333333333333333,0.6666666666666666,0.7777777777777778,0.2222222222222222,251.89520502090454
9,30,100,5,0.2,1.0,139.50863411233604,uniform,2.0,10,log_loss,0.0,0.0,0.1477827507371681,0.994,0.5122494172494173,"[0, 2, 5, 6, 14, 18, 21, 26, 29]",9,0.6,0.3333333333333333,0.6666666666666666,0.7777777777777778,0.2222222222222222,240.1553521156311
9,30,100,5,0.2,1.0,139.50863411233604,adversarial,2.0,10,log_loss,0.0,0.0,0.05293608367441817,0.998,0.6545454545454545,"[0, 2, 5, 6, 14, 18, 21, 26, 29]",9,0.6,0.3333333333333333,0.6666666666666666,0.7777777777777778,0.2222222222222222,236.56109285354614
9,30,100,5,0.2,1.0,139.50863411233604,pc,2.0,10,log_loss,0.0,0.0,0.20507099299819836,0.9860000000000001,0.3638888888888888,"[0, 2, 5, 6, 14, 18, 21, 26, 29]",9,0.6,0.3333333333333333,0.6666666666666666,0.7777777777777778,0.2222222222222222,224.93381214141846
9,30,100,5,0.2,1.0,139.50863411233604,ges,2.0,10,log_loss,9.178736550910203,0.0657933224657568,0.0895805174022417,0.9960000000000001,0.5734848484848485,"[0, 2, 3, 5, 13, 14, 18, 26]",8,0.4,0.25,0.75,0.875,0.125,243.10421776771545
9,30,100,5,0.2,1.0,139.50863411233604,iamb,2.0,10,log_loss,60.38995737222633,0.4328761281083057,0.12128338263896983,1.0,0.5846969696969697,"[5, 6, 13, 16, 18, 21, 26, 29]",8,0.8,0.5,0.5,0.875,0.125,246.68317294120789
9,30,100,5,0.2,1.0,139.50863411233604,bootstrap_l1,2.0,10,log_loss,2.614137092391498,0.01873817422860384,0.1109946311108955,0.9960000000000001,0.6585858585858586,"[0, 1, 5, 6, 8, 18, 21, 26]",8,0.4,0.25,0.75,0.875,0.125,238.4388370513916
