seed,p,n,k_star,p_edge,noise_scale,mu_scale,q_source,K_multiplier,K,criterion,mu_star,mu_star_relative,log_loss_star,auc_star,stability_star,support,k_actual,S_recall,S_precision,C_inclusion,causal_precision,correlate_inclusion,fit_seconds
2,10,300,5,0.2,1.0,66.94972177966487,oracle,2.0,10,log_loss,0.0,0.0,0.08407936598086199,0.9957777777777779,0.8857142857142858,"[1, 2, 4, 6, 9]",5,1.0,1.0,0.0,1.0,0.0,74.93193221092224
2,10,300,5,0.2,1.0,66.94972177966487,uniform,2.0,10,log_loss,0.0,0.0,0.08236722552306712,0.9942222222222222,0.85,"[1, 2, 4, 6, 9]",5,1.0,1.0,0.0,1.0,0.0,76.01020908355713
2,10,300,5,0.2,1.0,66.94972177966487,adversarial,2.0,10,log_loss,0.0,0.0,0.0760880071461373,0.9964444444444445,0.9333333333333333,"[1, 2, 4, 6, 9]",5,1.0,1.0,0.0,1.0,0.0,68.05273604393005
2,10,300,5,0.2,1.0,66.94972177966487,pc,2.0,10,log_loss,15.466254069550816,0.23101297000831592,0.07230120208418163,0.9971111111111111,1.0,"[1, 2, 4, 6, 9]",5,1.0,1.0,0.0,1.0,0.0,68.31212997436523
2,10,300,5,0.2,1.0,66.94972177966487,ges,2.0,10,log_loss,0.0,0.0,0.11831476705111388,0.9935555555555556,0.730952380952381,"[1, 2, 4, 6, 9]",5,1.0,1.0,0.0,1.0,0.0,64.76435708999634
2,10,300,5,0.2,1.0,66.94972177966487,iamb,2.0,10,log_loss,1.2545155512639135,0.01873817422860384,0.0842460515020568,0.9973333333333334,0.9333333333333333,"[1, 2, 4, 6, 9]",5,1.0,1.0,0.0,1.0,0.0,62.67590403556824
2,10,300,5,0.2,1.0,66.94972177966487,bootstrap_l1,2.0,10,log_loss,0.0,0.0,0.07149252821393508,0.9955555555555555,0.8285714285714286,"[1, 2, 4, 6, 9]",5,1.0,1.0,0.0,1.0,0.0,64.17439389228821
