seed,p,n,k_star,p_edge,noise_scale,mu_scale,q_source,K_multiplier,K,criterion,mu_star,mu_star_relative,log_loss_star,auc_star,stability_star,support,k_actual,S_recall,S_precision,C_inclusion,causal_precision,correlate_inclusion,fit_seconds
4,15,300,5,0.2,1.0,23.43672162417615,oracle,2.0,10,log_loss,0.0,0.0,0.13113274532641114,0.992,0.8522222222222222,"[1, 2, 3, 5, 7, 8, 10, 12]",8,1.0,0.625,0.375,0.875,0.125,147.80844616889954
4,15,300,5,0.2,1.0,23.43672162417615,uniform,2.0,10,log_loss,0.0,0.0,0.16270094227625778,0.9853333333333334,0.8438888888888888,"[1, 2, 3, 5, 7, 8, 10, 12]",8,1.0,0.625,0.375,0.875,0.125,155.39237093925476
4,15,300,5,0.2,1.0,23.43672162417615,adversarial,2.0,10,log_loss,5.414186669659054,0.23101297000831592,0.14846121205236895,0.9837777777777778,0.8275,"[1, 2, 3, 5, 7, 8, 10, 12]",8,1.0,0.625,0.375,0.875,0.125,164.92929196357727
4,15,300,5,0.2,1.0,23.43672162417615,pc,2.0,10,log_loss,0.0,0.0,0.15197525042960228,0.9884444444444445,0.7463888888888889,"[1, 2, 3, 5, 7, 8, 10, 12]",8,1.0,0.625,0.375,0.875,0.125,149.96329617500305
4,15,300,5,0.2,1.0,23.43672162417615,ges,2.0,10,log_loss,5.414186669659054,0.23101297000831592,0.1402028060504934,0.99,0.8582828282828283,"[1, 2, 3, 5, 7, 8, 10, 12]",8,1.0,0.625,0.375,0.875,0.125,150.44978404045105
4,15,300,5,0.2,1.0,23.43672162417615,iamb,2.0,10,log_loss,19.01024748200462,0.8111308307896868,0.13882102589348927,0.9902222222222223,0.8311111111111111,"[1, 2, 3, 5, 7, 8, 10, 12]",8,1.0,0.625,0.375,0.875,0.125,154.6956489086151
4,15,300,5,0.2,1.0,23.43672162417615,bootstrap_l1,2.0,10,log_loss,66.7486238241986,2.8480358684357996,0.13685654830019617,0.9844444444444445,0.9555555555555555,"[1, 2, 3, 5, 7, 8, 10, 12]",8,1.0,0.625,0.375,0.875,0.125,161.52198672294617
