seed,p,n,k_star,p_edge,noise_scale,mu_scale,q_source,K_multiplier,K,criterion,mu_star,mu_star_relative,log_loss_star,auc_star,stability_star,support,k_actual,S_recall,S_precision,C_inclusion,causal_precision,correlate_inclusion,fit_seconds
1,30,150,5,0.2,1.0,96.86544749511913,oracle,2.0,10,log_loss,0.9686544749511913,0.01,0.05302774096869904,0.9982222222222223,0.7607142857142858,"[1, 5, 7, 13, 15, 22, 27, 28]",8,1.0,0.625,0.375,0.75,0.25,213.62935495376587
1,30,150,5,0.2,1.0,96.86544749511913,uniform,2.0,10,log_loss,0.0,0.0,0.12299210197041215,0.9973333333333333,0.603567821067821,"[1, 5, 7, 13, 15, 22, 27, 28]",8,1.0,0.625,0.375,0.75,0.25,219.94632816314697
1,30,150,5,0.2,1.0,96.86544749511913,adversarial,2.0,10,log_loss,0.0,0.0,0.1221197483240779,0.9973333333333333,0.591010101010101,"[1, 5, 7, 13, 15, 22, 27, 28]",8,1.0,0.625,0.375,0.75,0.25,242.73242282867432
1,30,150,5,0.2,1.0,96.86544749511913,pc,2.0,10,log_loss,1.8150816318952196,0.01873817422860384,0.06492813154259335,1.0,0.7041666666666667,"[1, 5, 7, 13, 15, 27]",6,1.0,0.8333333333333334,0.16666666666666666,1.0,0.0,280.77993607521057
1,30,150,5,0.2,1.0,96.86544749511913,ges,2.0,10,log_loss,3.4011315857591202,0.03511191734215131,0.060030550174857464,0.9973333333333333,0.7313888888888889,"[1, 7, 13, 15, 27, 29]",6,1.0,0.8333333333333334,0.16666666666666666,1.0,0.0,293.2558469772339
1,30,150,5,0.2,1.0,96.86544749511913,iamb,2.0,10,log_loss,22.377174717032055,0.23101297000831592,0.033066298936031864,0.9991111111111112,0.7155555555555555,"[1, 5, 7, 8, 11, 13, 15, 27]",8,1.0,0.625,0.375,0.875,0.125,268.66378712654114
1,30,150,5,0.2,1.0,96.86544749511913,bootstrap_l1,2.0,10,log_loss,275.8762688781839,2.848035868435799,0.07196809126048898,0.9955555555555555,0.7080555555555555,"[1, 5, 7, 8, 11, 13, 15, 27]",8,1.0,0.625,0.375,0.875,0.125,264.45004892349243
