seed,p,n,k_star,p_edge,noise_scale,mu_scale,q_source,K_multiplier,K,criterion,mu_star,mu_star_relative,log_loss_star,auc_star,stability_star,support,k_actual,S_recall,S_precision,C_inclusion,causal_precision,correlate_inclusion,fit_seconds
15,30,300,5,0.5,1.0,2509.3883834563176,oracle,2.0,10,log_loss,25.093883834563176,0.01,0.1140446328550346,0.9926666666666666,0.3945382395382395,"[0, 8, 11, 12, 17, 21, 23, 28]",8,0.6,0.375,0.625,1.0,0.0,262.745169878006
15,30,300,5,0.5,1.0,2509.3883834563176,uniform,2.0,10,log_loss,0.0,0.0,0.3243794606305571,0.9653333333333333,0.4732142857142857,"[8, 11, 12, 20, 21, 23]",6,0.0,0.0,1.0,1.0,0.0,289.0841028690338
15,30,300,5,0.5,1.0,2509.3883834563176,adversarial,2.0,10,log_loss,0.0,0.0,0.22345650238992834,0.9842222222222222,0.6785714285714286,"[8, 11, 12, 20, 21, 23]",6,0.0,0.0,1.0,1.0,0.0,266.49509620666504
15,30,300,5,0.5,1.0,2509.3883834563176,pc,2.0,10,log_loss,88.10943749927291,0.03511191734215131,0.133732603666529,0.9928888888888888,0.5154761904761904,"[6, 8, 11, 12, 21, 23]",6,0.2,0.16666666666666666,0.8333333333333334,1.0,0.0,231.0434238910675
15,30,300,5,0.5,1.0,2509.3883834563176,ges,2.0,10,log_loss,47.021356736439024,0.01873817422860384,0.20867106899547433,0.9715555555555555,0.5095238095238096,"[0, 8, 11, 12, 17, 28]",6,0.6,0.5,0.5,1.0,0.0,295.761155128479
15,30,300,5,0.5,1.0,2509.3883834563176,iamb,2.0,10,log_loss,88.10943749927291,0.03511191734215131,0.02968529775905509,1.0,0.6444444444444444,"[0, 6, 10, 11, 12, 24, 28]",7,0.8,0.5714285714285714,0.42857142857142855,1.0,0.0,261.57467103004456
15,30,300,5,0.5,1.0,2509.3883834563176,bootstrap_l1,2.0,10,log_loss,309.36912865379173,0.12328467394420657,0.14994785985369558,0.9862222222222222,0.58,"[5, 8, 20, 21, 23]",5,0.0,0.0,1.0,1.0,0.0,289.25031781196594
