seed,p,n,k_star,p_edge,noise_scale,mu_scale,q_source,K_multiplier,K,criterion,mu_star,mu_star_relative,log_loss_star,auc_star,stability_star,support,k_actual,S_recall,S_precision,C_inclusion,causal_precision,correlate_inclusion,fit_seconds
4,30,300,5,0.2,2.0,206.70258761009063,oracle,2.0,10,log_loss,0.0,0.0,0.10394183380115758,0.9957777777777779,0.43445720945720945,"[5, 7, 8, 9, 13, 20, 27, 29]",8,1.0,0.625,0.25,0.875,0.0,505.83849477767944
4,30,300,5,0.2,2.0,206.70258761009063,uniform,2.0,10,log_loss,0.0,0.0,0.09162949469299182,0.9957777777777779,0.531031746031746,"[5, 7, 8, 9, 13, 20, 27, 29]",8,1.0,0.625,0.25,0.875,0.0,570.919273853302
4,30,300,5,0.2,2.0,206.70258761009063,adversarial,2.0,10,log_loss,0.0,0.0,0.12537936347793008,0.9931111111111111,0.48308080808080806,"[5, 7, 8, 9, 13, 20, 27, 29]",8,1.0,0.625,0.25,0.875,0.0,32808.958465099335
4,30,300,5,0.2,2.0,206.70258761009063,pc,2.0,10,log_loss,3.8732291001411276,0.01873817422860384,0.08350210576886591,0.9968888888888889,0.5725757575757575,"[5, 7, 8, 10, 16, 20, 22, 27, 29]",9,1.0,0.5555555555555556,0.4444444444444444,0.6666666666666666,0.3333333333333333,410.60891699790955
4,30,300,5,0.2,2.0,206.70258761009063,ges,2.0,10,log_loss,13.599650001137038,0.0657933224657568,0.08746554191649376,0.9951111111111111,0.5923737373737374,"[5, 7, 8, 13, 20, 26, 27, 29]",8,1.0,0.625,0.375,1.0,0.0,238.45478081703186
4,30,300,5,0.2,2.0,206.70258761009063,iamb,2.0,10,log_loss,2.067025876100906,0.009999999999999998,0.08169541144606426,0.9959999999999999,0.5955477855477855,"[2, 4, 7, 8, 9, 10, 16, 20, 27, 29]",10,1.0,0.5,0.4,0.7,0.2,308.8158550262451
4,30,300,5,0.2,2.0,206.70258761009063,bootstrap_l1,2.0,10,log_loss,13.599650001137038,0.0657933224657568,0.08016203307584402,0.9977777777777778,0.6384848484848484,"[4, 5, 7, 8, 9, 10, 14, 20, 23, 29]",10,0.8,0.4,0.5,0.8,0.1,344.8657748699188
