seed,p,n,k_star,p_edge,noise_scale,mu_scale,q_source,K_multiplier,K,criterion,mu_star,mu_star_relative,log_loss_star,auc_star,stability_star,support,k_actual,S_recall,S_precision,C_inclusion,causal_precision,correlate_inclusion,fit_seconds
3,30,300,7,0.2,1.0,74.2706680623939,oracle,2.0,14,log_loss,4.886514013576266,0.0657933224657568,0.1174974405881696,0.9922222222222224,0.7784981684981684,"[1, 3, 4, 5, 6, 7, 8, 15, 16, 20, 21, 23, 24, 27]",14,1.0,0.5,0.5,0.9285714285714286,0.07142857142857142,443.71686697006226
3,30,300,7,0.2,1.0,74.2706680623939,uniform,2.0,14,log_loss,0.0,0.0,0.19982179085348778,0.9857777777777779,0.46017543859649124,"[0, 2, 4, 5, 6, 7, 8, 15, 23, 27]",10,0.42857142857142855,0.3,0.7,0.9,0.1,474.0117259025574
3,30,300,7,0.2,1.0,74.2706680623939,adversarial,2.0,14,log_loss,1.3916967182279396,0.01873817422860384,0.13297966168848446,0.9886666666666667,0.5592690058479534,"[0, 4, 5, 6, 9, 10, 11, 13, 15, 20, 23, 25]",12,0.2857142857142857,0.16666666666666666,0.8333333333333334,0.8333333333333334,0.16666666666666666,466.4653558731079
3,30,300,7,0.2,1.0,74.2706680623939,pc,2.0,14,log_loss,0.0,0.0,0.15872350191306947,0.9891111111111112,0.4864505012531328,"[0, 2, 4, 5, 6, 7, 8, 15, 23, 27]",10,0.42857142857142855,0.3,0.7,0.9,0.1,483.9382679462433
3,30,300,7,0.2,1.0,74.2706680623939,ges,2.0,14,log_loss,32.14999922286627,0.4328761281083057,0.1323827902483245,0.9926666666666666,0.8461538461538461,"[1, 3, 4, 6, 7, 16, 18, 20, 23, 24, 25, 26]",12,0.7142857142857143,0.4166666666666667,0.5833333333333334,0.9166666666666666,0.08333333333333333,704.2708940505981
3,30,300,7,0.2,1.0,74.2706680623939,iamb,2.0,14,log_loss,396.3602171497563,5.336699231206307,0.0909099535291247,0.9951111111111111,0.7636630036630037,"[1, 3, 7, 15, 16, 20, 21, 23, 24]",9,1.0,0.7777777777777778,0.2222222222222222,1.0,0.0,990.0895330905914
3,30,300,7,0.2,1.0,74.2706680623939,bootstrap_l1,2.0,14,log_loss,396.3602171497563,5.336699231206307,0.09393935675775769,0.9957777777777779,0.798901098901099,"[4, 5, 6, 7, 15, 20, 23, 24, 25, 27, 28]",11,0.42857142857142855,0.2727272727272727,0.7272727272727273,0.9090909090909091,0.09090909090909091,33336.76761174202
