seed,p,n,k_star,p_edge,noise_scale,mu_scale,q_source,K_multiplier,K,criterion,mu_star,mu_star_relative,log_loss_star,auc_star,stability_star,support,k_actual,S_recall,S_precision,C_inclusion,causal_precision,correlate_inclusion,fit_seconds
7,30,300,5,0.3,1.0,1100.127776033975,oracle,2.0,10,log_loss,0.0,0.0,0.04138287836524358,0.9991111111111112,0.5112878787878788,"[10, 14, 20, 23, 24, 25, 26]",7,0.2,0.14285714285714285,0.8571428571428571,1.0,0.0,289.8970561027527
7,30,300,5,0.3,1.0,1100.127776033975,uniform,2.0,10,log_loss,0.0,0.0,0.0405462065233035,0.9991111111111112,0.6465909090909092,"[10, 14, 20, 23, 24, 25, 26]",7,0.2,0.14285714285714285,0.8571428571428571,1.0,0.0,306.85159492492676
7,30,300,5,0.3,1.0,1100.127776033975,adversarial,2.0,10,log_loss,0.0,0.0,0.042424347531216426,0.998,0.6293253968253969,"[10, 14, 20, 23, 24, 25, 26]",7,0.2,0.14285714285714285,0.8571428571428571,1.0,0.0,300.74801421165466
7,30,300,5,0.3,1.0,1100.127776033975,pc,2.0,10,log_loss,11.001277760339748,0.01,0.031081518804818763,0.9993333333333332,0.39876845376845377,"[4, 6, 10, 14, 23, 26]",6,0.4,0.3333333333333333,0.6666666666666666,1.0,0.0,303.38832211494446
7,30,300,5,0.3,1.0,1100.127776033975,ges,2.0,10,log_loss,11.001277760339748,0.01,0.027240115438045432,0.9997777777777778,0.9333333333333333,"[10, 20, 21, 23, 26]",5,0.2,0.2,0.8,1.0,0.0,349.57730197906494
7,30,300,5,0.3,1.0,1100.127776033975,iamb,2.0,10,log_loss,0.0,0.0,0.028374260296384412,1.0,0.7268253968253967,"[10, 14, 20, 23, 24, 25, 26]",7,0.2,0.14285714285714285,0.8571428571428571,1.0,0.0,328.23007893562317
7,30,300,5,0.3,1.0,1100.127776033975,bootstrap_l1,2.0,10,log_loss,20.614385941051086,0.01873817422860384,0.023701360647750108,1.0,0.9555555555555555,"[4, 10, 14, 15, 19, 20, 23, 24, 25]",9,0.2,0.1111111111111111,0.8888888888888888,1.0,0.0,297.3816750049591
