seed,p,n,k_star,p_edge,noise_scale,mu_scale,q_source,K_multiplier,K,criterion,mu_star,mu_star_relative,log_loss_star,auc_star,stability_star,support,k_actual,S_recall,S_precision,C_inclusion,causal_precision,correlate_inclusion,fit_seconds
5,30,75,5,0.2,1.0,26.407700492928893,oracle,2.0,10,log_loss,0.4948320928132891,0.01873817422860384,0.17153692903166992,0.9892857142857142,0.6078554778554779,"[2, 3, 6, 7, 9, 14, 16, 20, 22, 27]",10,0.8,0.4,0.6,1.0,0.0,220.1637351512909
5,30,75,5,0.2,1.0,26.407700492928893,uniform,2.0,10,log_loss,0.0,0.0,0.3772293458352522,0.9714285714285715,0.4006635031635032,"[2, 3, 7, 9, 14, 16, 17, 20, 22]",9,0.6,0.3333333333333333,0.6666666666666666,1.0,0.0,235.81556510925293
5,30,75,5,0.2,1.0,26.407700492928893,adversarial,2.0,10,log_loss,0.9272249969040076,0.03511191734215131,0.2075159203233367,0.975,0.4748717948717949,"[0, 2, 3, 6, 7, 9, 12, 14, 26]",9,0.2,0.1111111111111111,0.8888888888888888,0.7777777777777778,0.2222222222222222,232.9816870689392
5,30,75,5,0.2,1.0,26.407700492928893,pc,2.0,10,log_loss,0.0,0.0,0.17994483919867924,0.9928571428571429,0.37610223110223107,"[2, 3, 7, 9, 14, 16, 17, 20, 22]",9,0.6,0.3333333333333333,0.6666666666666666,1.0,0.0,258.1101710796356
5,30,75,5,0.2,1.0,26.407700492928893,ges,2.0,10,log_loss,21.420100040074637,0.8111308307896868,0.44081061050303544,0.9714285714285713,0.6738095238095239,"[2, 4, 7, 9, 12, 14, 24]",7,0.4,0.2857142857142857,0.7142857142857143,1.0,0.0,266.7020900249481
5,30,75,5,0.2,1.0,26.407700492928893,iamb,2.0,10,log_loss,6.100521321961572,0.23101297000831592,0.10080632288139077,0.9964285714285713,0.6639393939393938,"[2, 6, 7, 16, 19, 20, 22, 27]",8,0.8,0.5,0.5,0.875,0.125,249.26317310333252
5,30,75,5,0.2,1.0,26.407700492928893,bootstrap_l1,2.0,10,log_loss,21.420100040074637,0.8111308307896868,0.1614713621868955,0.9821428571428571,0.621969696969697,"[2, 4, 6, 7, 9, 14, 15, 19, 20, 27]",10,0.8,0.4,0.6,0.9,0.1,248.82645201683044
