seed,p,n,k_star,p_edge,noise_scale,mu_scale,q_source,K_multiplier,K,criterion,mu_star,mu_star_relative,log_loss_star,auc_star,stability_star,support,k_actual,S_recall,S_precision,C_inclusion,causal_precision,correlate_inclusion,fit_seconds
8,10,300,5,0.2,1.0,42.33557650967355,oracle,2.0,10,log_loss,0.0,0.0,0.22477581476202166,0.973111111111111,0.7492063492063491,"[0, 1, 3, 5, 8, 9]",6,1.0,0.8333333333333334,0.0,0.8333333333333334,0.0,46.40211796760559
8,10,300,5,0.2,1.0,42.33557650967355,uniform,2.0,10,log_loss,0.0,0.0,0.22002255491554235,0.9771111111111113,0.7444444444444445,"[0, 1, 3, 5, 8, 9]",6,1.0,0.8333333333333334,0.0,0.8333333333333334,0.0,44.17673182487488
8,10,300,5,0.2,1.0,42.33557650967355,adversarial,2.0,10,log_loss,18.326060440740427,0.4328761281083057,0.210709708149542,0.978,0.7892857142857144,"[0, 1, 5, 8, 9]",5,1.0,1.0,0.0,1.0,0.0,43.80901288986206
8,10,300,5,0.2,1.0,42.33557650967355,pc,2.0,10,log_loss,64.3463119402547,1.5199110829529334,0.19330794477695595,0.9724444444444444,0.85,"[0, 1, 3, 5, 8, 9]",6,1.0,0.8333333333333334,0.0,0.8333333333333334,0.0,44.06000900268555
8,10,300,5,0.2,1.0,42.33557650967355,ges,2.0,10,log_loss,18.326060440740427,0.4328761281083057,0.21537936319070364,0.9731111111111111,0.7333333333333332,"[0, 1, 3, 5, 8, 9]",6,1.0,0.8333333333333334,0.0,0.8333333333333334,0.0,47.04508709907532
8,10,300,5,0.2,1.0,42.33557650967355,iamb,2.0,10,log_loss,225.93223861185064,5.336699231206307,0.22677714124208231,0.9684444444444443,0.7666666666666667,"[0, 1, 5, 8, 9]",5,1.0,1.0,0.0,1.0,0.0,47.73568296432495
8,10,300,5,0.2,1.0,42.33557650967355,bootstrap_l1,2.0,10,log_loss,120.57324041045833,2.848035868435799,0.20971537409393304,0.9742222222222223,0.7388888888888889,"[0, 1, 3, 5, 8, 9]",6,1.0,0.8333333333333334,0.0,0.8333333333333334,0.0,46.737622022628784
