seed,p,n,k_star,p_edge,noise_scale,mu_scale,q_source,K_multiplier,K,criterion,mu_star,mu_star_relative,log_loss_star,auc_star,stability_star,support,k_actual,S_recall,S_precision,C_inclusion,causal_precision,correlate_inclusion,fit_seconds
0,30,300,5,0.7,1.0,5340.510515648499,oracle,2.0,10,log_loss,0.0,0.0,0.21595670823677288,0.9866666666666667,0.7699999999999999,"[0, 15, 18, 21]",4,0.2,0.25,0.75,1.0,0.0,306.45797896385193
0,30,300,5,0.7,1.0,5340.510515648499,uniform,2.0,10,log_loss,0.0,0.0,0.1984059629701992,0.9842222222222222,0.7166666666666667,"[0, 15, 18, 21]",4,0.2,0.25,0.75,1.0,0.0,315.86970806121826
0,30,300,5,0.7,1.0,5340.510515648499,adversarial,2.0,10,log_loss,53.405105156484986,0.01,0.1767991343426638,0.9891111111111112,0.8099999999999999,"[0, 15, 18]",3,0.0,0.0,1.0,1.0,0.0,326.5565209388733
0,30,300,5,0.7,1.0,5340.510515648499,pc,2.0,10,log_loss,351.36993048782676,0.0657933224657568,0.2362249889542262,0.9806666666666667,0.825,"[0, 15, 18, 21]",4,0.2,0.25,0.75,1.0,0.0,321.6045649051666
0,30,300,5,0.7,1.0,5340.510515648499,ges,2.0,10,log_loss,0.0,0.0,0.35695834174841423,0.9457777777777778,0.7083333333333333,"[0, 15, 18, 21]",4,0.2,0.25,0.75,1.0,0.0,297.93167209625244
0,30,300,5,0.7,1.0,5340.510515648499,iamb,2.0,10,log_loss,0.0,0.0,0.24623459253782615,0.9828888888888889,0.61,"[0, 15, 18, 21]",4,0.2,0.25,0.75,1.0,0.0,320.481947183609
0,30,300,5,0.7,1.0,5340.510515648499,bootstrap_l1,2.0,10,log_loss,351.36993048782676,0.0657933224657568,0.13456890823450934,0.9913333333333334,0.7,"[0, 15, 18, 21]",4,0.2,0.25,0.75,1.0,0.0,288.3393859863281
