seed,p,n,k_star,p_edge,noise_scale,mu_scale,q_source,K_multiplier,K,criterion,mu_star,mu_star_relative,log_loss_star,auc_star,stability_star,support,k_actual,S_recall,S_precision,C_inclusion,causal_precision,correlate_inclusion,fit_seconds
18,30,300,5,0.5,1.0,3766.8009420788762,oracle,2.0,10,log_loss,37.66800942078876,0.01,0.07726061348825666,0.9982222222222221,0.40413780663780663,"[2, 4, 10, 11, 13, 14, 19, 24, 27]",9,1.0,0.5555555555555556,0.4444444444444444,1.0,0.0,307.7489709854126
18,30,300,5,0.5,1.0,3766.8009420788762,uniform,2.0,10,log_loss,0.0,0.0,0.10224926103735152,0.9948888888888888,0.37380952380952376,"[2, 13, 14, 27]",4,0.2,0.25,0.75,1.0,0.0,298.11601996421814
18,30,300,5,0.5,1.0,3766.8009420788762,adversarial,2.0,10,log_loss,37.66800942078876,0.01,0.4583212623772308,0.95,0.32976190476190476,[2],1,0.0,0.0,1.0,1.0,0.0,305.70300221443176
18,30,300,5,0.5,1.0,3766.8009420788762,pc,2.0,10,log_loss,70.58297233714306,0.01873817422860384,0.04896042374030031,0.999111111111111,0.36230158730158735,"[1, 2, 8, 9, 19, 27]",6,0.0,0.0,1.0,0.8333333333333334,0.16666666666666666,318.3190109729767
18,30,300,5,0.5,1.0,3766.8009420788762,ges,2.0,10,log_loss,247.830349046512,0.0657933224657568,0.018116844844558003,1.0,0.6323809523809524,"[1, 10, 13, 24, 25, 28]",6,0.6,0.5,0.5,1.0,0.0,340.0951397418976
18,30,300,5,0.5,1.0,3766.8009420788762,iamb,2.0,10,log_loss,37.66800942078876,0.01,0.04621488159173404,0.9986666666666666,0.7725252525252526,"[4, 5, 10, 11, 13, 14, 17, 24]",8,1.0,0.625,0.375,1.0,0.0,350.05957889556885
18,30,300,5,0.5,1.0,3766.8009420788762,bootstrap_l1,2.0,10,log_loss,132.25960332261118,0.03511191734215131,0.03515288111787014,0.9997777777777778,0.6571428571428573,"[1, 2, 8, 14, 17, 19]",6,0.0,0.0,1.0,1.0,0.0,287.3085730075836
