seed,p,n,k_star,p_edge,noise_scale,mu_scale,q_source,K_multiplier,K,criterion,mu_star,mu_star_relative,log_loss_star,auc_star,stability_star,support,k_actual,S_recall,S_precision,C_inclusion,causal_precision,correlate_inclusion,fit_seconds
8,30,75,5,0.2,1.0,140.08725088120235,oracle,2.0,10,log_loss,1.4008725088120235,0.01,0.2390862700440511,0.9928571428571429,0.4331313131313131,"[6, 8, 9, 20, 25]",5,0.6,0.6,0.4,1.0,0.0,238.95393896102905
8,30,75,5,0.2,1.0,140.08725088120235,uniform,2.0,10,log_loss,0.0,0.0,0.59948082035075,0.9714285714285715,0.28483016983016984,"[8, 9, 20, 22, 25]",5,0.4,0.4,0.6,0.8,0.2,240.87105011940002
8,30,75,5,0.2,1.0,140.08725088120235,adversarial,2.0,10,log_loss,0.0,0.0,0.4515601375871441,0.9821428571428573,0.36381673881673876,"[8, 9, 20, 22, 25]",5,0.4,0.4,0.6,0.8,0.2,244.5261778831482
8,30,75,5,0.2,1.0,140.08725088120235,pc,2.0,10,log_loss,398.9735152202288,2.848035868435799,0.3649534630782016,0.9892857142857142,0.5041847041847042,"[6, 8, 9, 20, 25]",5,0.6,0.6,0.4,1.0,0.0,238.96301531791687
8,30,75,5,0.2,1.0,140.08725088120235,ges,2.0,10,log_loss,1.4008725088120235,0.01,0.22086236834129225,0.9857142857142858,0.4434920634920635,"[5, 6, 8, 20, 25]",5,0.8,0.8,0.2,1.0,0.0,251.4341881275177
8,30,75,5,0.2,1.0,140.08725088120235,iamb,2.0,10,log_loss,1.4008725088120235,0.01,0.2864127763346104,0.9964285714285716,0.6555555555555556,"[6, 8, 13, 20, 25, 26]",6,0.8,0.6666666666666666,0.3333333333333333,1.0,0.0,243.72361302375793
8,30,75,5,0.2,1.0,140.08725088120235,bootstrap_l1,2.0,10,log_loss,2.6249793142181064,0.01873817422860384,0.23031801746669336,0.9714285714285715,0.5369047619047619,"[6, 8, 16, 20, 25]",5,0.6,0.6,0.4,0.8,0.2,248.6701500415802
