seed,p,n,k_star,p_edge,noise_scale,mu_scale,q_source,K_multiplier,K,criterion,mu_star,mu_star_relative,log_loss_star,auc_star,stability_star,support,k_actual,S_recall,S_precision,C_inclusion,causal_precision,correlate_inclusion,fit_seconds
7,10,300,5,0.2,1.0,21.462957481831957,oracle,2.0,10,log_loss,0.0,0.0,0.17088887121751542,0.9815555555555555,0.8714285714285716,"[1, 2, 6, 8, 9]",5,1.0,1.0,0.0,1.0,0.0,56.35140109062195
7,10,300,5,0.2,1.0,21.462957481831957,uniform,2.0,10,log_loss,0.0,0.0,0.18975696076719428,0.982,0.7382936507936507,"[1, 2, 6, 8, 9]",5,1.0,1.0,0.0,1.0,0.0,55.15431189537048
7,10,300,5,0.2,1.0,21.462957481831957,adversarial,2.0,10,log_loss,0.0,0.0,0.18311618479107097,0.9815555555555555,0.7398809523809524,"[1, 2, 6, 8, 9]",5,1.0,1.0,0.0,1.0,0.0,54.52974796295166
7,10,300,5,0.2,1.0,21.462957481831957,pc,2.0,10,log_loss,0.0,0.0,0.14858672236340106,0.9897777777777778,1.0,"[1, 2, 6, 8, 9]",5,1.0,1.0,0.0,1.0,0.0,54.258179903030396
7,10,300,5,0.2,1.0,21.462957481831957,ges,2.0,10,log_loss,61.12727275096991,2.848035868435799,0.19574064740774352,0.9755555555555555,0.7678571428571429,"[1, 2, 6, 8, 9]",5,1.0,1.0,0.0,1.0,0.0,55.939367055892944
7,10,300,5,0.2,1.0,21.462957481831957,iamb,2.0,10,log_loss,17.40926653344208,0.8111308307896867,0.19226299226026866,0.9788888888888889,0.7684523809523809,"[1, 2, 6, 8, 9]",5,1.0,1.0,0.0,1.0,0.0,56.931610107421875
7,10,300,5,0.2,1.0,21.462957481831957,bootstrap_l1,2.0,10,log_loss,61.12727275096991,2.848035868435799,0.18803084897742733,0.979111111111111,0.7755952380952381,"[1, 2, 6, 8, 9]",5,1.0,1.0,0.0,1.0,0.0,56.85596704483032
