seed,p,n,k_star,p_edge,noise_scale,mu_scale,q_source,K_multiplier,K,criterion,mu_star,mu_star_relative,log_loss_star,auc_star,stability_star,support,k_actual,S_recall,S_precision,C_inclusion,causal_precision,correlate_inclusion,fit_seconds
2,50,300,5,0.2,1.0,1396.556978430423,oracle,2.0,10,log_loss,0.0,0.0,0.29616364414050855,0.9713333333333333,0.1674747474747475,"[8, 18, 22, 26, 32]",5,0.0,0.0,1.0,1.0,0.0,350.88331270217896
2,50,300,5,0.2,1.0,1396.556978430423,uniform,2.0,10,log_loss,0.0,0.0,0.30663936845965545,0.982,0.190479797979798,"[8, 18, 22, 26, 32]",5,0.0,0.0,1.0,1.0,0.0,331.3580768108368
2,50,300,5,0.2,1.0,1396.556978430423,adversarial,2.0,10,log_loss,0.0,0.0,0.34524939729186344,0.9731111111111111,0.2957128982128982,"[8, 18, 22, 26, 32]",5,0.0,0.0,1.0,1.0,0.0,367.877103805542
2,50,300,5,0.2,1.0,1396.556978430423,pc,2.0,10,log_loss,91.88412362367578,0.0657933224657568,0.32072998790911655,0.9460000000000001,0.33130952380952383,"[5, 10, 18, 22, 38]",5,0.0,0.0,1.0,1.0,0.0,532.2176151275635
2,50,300,5,0.2,1.0,1396.556978430423,ges,2.0,10,log_loss,13.96556978430423,0.01,0.11797038332420325,0.9946666666666666,0.37277777777777776,"[3, 5, 17, 18, 26, 35]",6,0.0,0.0,1.0,0.8333333333333334,0.16666666666666666,733.2632157802582
2,50,300,5,0.2,1.0,1396.556978430423,iamb,2.0,10,log_loss,49.0357931902536,0.03511191734215131,0.2644826512851062,0.9775555555555556,0.5183333333333333,"[6, 7, 20, 23, 29, 40, 45, 46, 48]",9,1.0,0.5555555555555556,0.4444444444444444,1.0,0.0,708.2114341259003
2,50,300,5,0.2,1.0,1396.556978430423,bootstrap_l1,2.0,10,log_loss,0.0,0.0,0.25914042516985847,0.9735555555555555,0.31722222222222224,"[8, 18, 22, 26, 32]",5,0.0,0.0,1.0,1.0,0.0,740.3247623443604
