seed,p,n,k_star,p_edge,noise_scale,mu_scale,q_source,K_multiplier,K,criterion,mu_star,mu_star_relative,log_loss_star,auc_star,stability_star,support,k_actual,S_recall,S_precision,C_inclusion,causal_precision,correlate_inclusion,fit_seconds
14,30,300,5,0.6,1.0,35465.396444025784,oracle,2.0,10,log_loss,0.0,0.0,0.05908283642777754,0.9977777777777778,0.4426190476190476,"[7, 10, 11, 13, 16]",5,0.2,0.2,0.8,1.0,0.0,264.80033707618713
14,30,300,5,0.6,1.0,35465.396444025784,uniform,2.0,10,log_loss,0.0,0.0,0.09733627215767891,0.9957777777777779,0.2702813852813853,"[7, 10, 11, 13, 16]",5,0.2,0.2,0.8,1.0,0.0,304.18053698539734
14,30,300,5,0.6,1.0,35465.396444025784,adversarial,2.0,10,log_loss,0.0,0.0,0.06553122730094559,0.9964444444444445,0.4703571428571429,"[7, 10, 11, 13, 16]",5,0.2,0.2,0.8,1.0,0.0,287.25152826309204
14,30,300,5,0.6,1.0,35465.396444025784,pc,2.0,10,log_loss,0.0,0.0,0.05023219012311454,0.9993333333333332,0.6516666666666666,"[7, 10, 11, 13, 16]",5,0.2,0.2,0.8,1.0,0.0,292.17367911338806
14,30,300,5,0.6,1.0,35465.396444025784,ges,2.0,10,log_loss,0.0,0.0,0.07157485771398739,0.9975555555555555,0.3642857142857142,"[7, 10, 11, 13, 16]",5,0.2,0.2,0.8,1.0,0.0,306.36857295036316
14,30,300,5,0.6,1.0,35465.396444025784,iamb,2.0,10,log_loss,354.6539644402578,0.01,0.0534310584946203,0.9977777777777778,0.6366666666666665,"[4, 6, 11, 12, 16]",5,0.6,0.6,0.4,1.0,0.0,314.35901498794556
14,30,300,5,0.6,1.0,35465.396444025784,bootstrap_l1,2.0,10,log_loss,4372.339836903742,0.12328467394420659,0.03209618771620999,0.9997777777777778,0.8785714285714284,"[7, 10, 11, 12, 19, 22]",6,0.2,0.16666666666666666,0.8333333333333334,1.0,0.0,305.9421808719635
