seed,p,n,k_star,p_edge,noise_scale,mu_scale,q_source,K_multiplier,K,criterion,mu_star,mu_star_relative,log_loss_star,auc_star,stability_star,support,k_actual,S_recall,S_precision,C_inclusion,causal_precision,correlate_inclusion,fit_seconds
7,20,300,5,0.2,1.0,237.32538964863144,oracle,2.0,10,log_loss,2.3732538964863146,0.01,0.06968133161635075,0.9984444444444444,0.4845959595959596,"[1, 3, 5, 6, 7, 8, 12]",7,0.8,0.5714285714285714,0.2857142857142857,0.8571428571428571,0.0,270.31014013290405
7,20,300,5,0.2,1.0,237.32538964863144,uniform,2.0,10,log_loss,0.0,0.0,0.1142121142345979,0.9935555555555556,0.44469696969696965,"[0, 1, 5, 6, 7, 8, 12, 13]",8,0.8,0.5,0.375,0.875,0.0,284.1699812412262
7,20,300,5,0.2,1.0,237.32538964863144,adversarial,2.0,10,log_loss,0.0,0.0,0.051658518741332385,0.9986666666666666,0.5095454545454545,"[0, 1, 5, 6, 7, 8, 12, 13]",8,0.8,0.5,0.375,0.875,0.0,278.09547996520996
7,20,300,5,0.2,1.0,237.32538964863144,pc,2.0,10,log_loss,102.73249577289455,0.4328761281083057,0.06842681852364856,0.9982222222222221,0.5687878787878787,"[1, 3, 5, 6, 7, 8, 12]",7,0.8,0.5714285714285714,0.2857142857142857,0.8571428571428571,0.0,264.1796290874481
7,20,300,5,0.2,1.0,237.32538964863144,ges,2.0,10,log_loss,4.44704450010735,0.01873817422860384,0.06211114906130506,0.9975555555555555,0.4852777777777778,"[0, 1, 7, 8, 12, 14, 17, 19]",8,0.8,0.5,0.5,0.875,0.125,313.58632612228394
7,20,300,5,0.2,1.0,237.32538964863144,iamb,2.0,10,log_loss,4.44704450010735,0.01873817422860384,0.0451776390341128,0.9993333333333332,0.6194444444444444,"[1, 4, 5, 6, 7, 10, 12, 18, 19]",9,1.0,0.5555555555555556,0.3333333333333333,0.8888888888888888,0.0,273.7641599178314
7,20,300,5,0.2,1.0,237.32538964863144,bootstrap_l1,2.0,10,log_loss,2.3732538964863146,0.01,0.043673580088087596,0.9982222222222221,0.658611111111111,"[0, 1, 3, 5, 6, 7, 9, 12, 15]",9,0.8,0.4444444444444444,0.4444444444444444,0.8888888888888888,0.0,280.8081021308899
