seed,p,n,k_star,p_edge,noise_scale,mu_scale,q_source,K_multiplier,K,criterion,mu_star,mu_star_relative,log_loss_star,auc_star,stability_star,support,k_actual,S_recall,S_precision,C_inclusion,causal_precision,correlate_inclusion,fit_seconds
9,30,300,7,0.2,1.0,409.8462660698098,oracle,2.0,14,log_loss,14.390488217232514,0.03511191734215131,0.13985408543937972,0.9880000000000001,0.6531318681318682,"[1, 5, 8, 9, 12, 18, 20, 22, 29]",9,0.7142857142857143,0.5555555555555556,0.4444444444444444,1.0,0.0,565.3328320980072
9,30,300,7,0.2,1.0,409.8462660698098,uniform,2.0,14,log_loss,0.0,0.0,0.1739560228614483,0.9880000000000001,0.6996153846153846,"[0, 1, 5, 8, 9, 12, 14, 20, 21, 22, 26, 28, 29]",13,0.5714285714285714,0.3076923076923077,0.6923076923076923,1.0,0.0,468.3562800884247
9,30,300,7,0.2,1.0,409.8462660698098,adversarial,2.0,14,log_loss,0.0,0.0,0.22259958939588637,0.984888888888889,0.5204287868993751,"[0, 1, 5, 8, 9, 12, 14, 20, 21, 22, 26, 28, 29]",13,0.5714285714285714,0.3076923076923077,0.6923076923076923,1.0,0.0,434.72397232055664
9,30,300,7,0.2,1.0,409.8462660698098,pc,2.0,14,log_loss,7.679770740558823,0.01873817422860384,0.12657179526116635,0.9895555555555555,0.6221428571428571,"[0, 1, 5, 9, 12, 16, 17, 20, 22, 24, 26, 28, 29]",13,0.7142857142857143,0.38461538461538464,0.6153846153846154,1.0,0.0,359.8801600933075
9,30,300,7,0.2,1.0,409.8462660698098,ges,2.0,14,log_loss,50.52776327966704,0.12328467394420659,0.13748994841555384,0.9935555555555556,0.7282967032967033,"[1, 5, 7, 9, 12, 14, 16, 17, 18, 20, 21, 29]",12,0.8571428571428571,0.5,0.5,1.0,0.0,273.36129784584045
9,30,300,7,0.2,1.0,409.8462660698098,iamb,2.0,14,log_loss,50.52776327966704,0.12328467394420659,0.08606763062102564,0.9953333333333333,0.6867216117216117,"[5, 9, 12, 16, 17, 18, 19, 20, 27, 29]",10,1.0,0.7,0.3,1.0,0.0,202.97419500350952
9,30,300,7,0.2,1.0,409.8462660698098,bootstrap_l1,2.0,14,log_loss,26.965147544917354,0.0657933224657568,0.16501481109279886,0.9906666666666668,0.8514285714285716,"[0, 1, 5, 8, 9, 12, 14, 20, 21, 22, 26, 28, 29]",13,0.5714285714285714,0.3076923076923077,0.6923076923076923,1.0,0.0,163.68663930892944
