seed,p,n,k_star,p_edge,noise_scale,mu_scale,q_source,K_multiplier,K,criterion,mu_star,mu_star_relative,log_loss_star,auc_star,stability_star,support,k_actual,S_recall,S_precision,C_inclusion,causal_precision,correlate_inclusion,fit_seconds
9,30,300,5,0.3,1.0,4501.565729932447,oracle,2.0,10,log_loss,45.01565729932447,0.01,0.035880662298871005,0.9995555555555555,0.3996825396825397,"[0, 16, 20, 22, 26, 29]",6,0.6,0.5,0.5,1.0,0.0,303.6394901275635
9,30,300,5,0.3,1.0,4501.565729932447,uniform,2.0,10,log_loss,0.0,0.0,0.26714022155019224,0.9873333333333333,0.35365079365079366,"[0, 14, 20, 26, 27, 28, 29]",7,0.4,0.2857142857142857,0.7142857142857143,1.0,0.0,317.262326002121
9,30,300,5,0.3,1.0,4501.565729932447,adversarial,2.0,10,log_loss,0.0,0.0,0.11594683456347035,0.9911111111111112,0.3482539682539683,"[0, 14, 20, 26, 27, 28, 29]",7,0.4,0.2857142857142857,0.7142857142857143,1.0,0.0,333.91598200798035
9,30,300,5,0.3,1.0,4501.565729932447,pc,2.0,10,log_loss,45.01565729932447,0.01,0.03730934384118635,0.9988888888888889,0.5773809523809523,"[0, 14, 21, 22, 26, 28, 29]",7,0.2,0.14285714285714285,0.8571428571428571,1.0,0.0,304.9631748199463
9,30,300,5,0.3,1.0,4501.565729932447,ges,2.0,10,log_loss,84.3511229489864,0.01873817422860384,0.03224243866203284,0.9995555555555555,0.4319047619047619,"[0, 8, 20, 29]",4,0.4,0.5,0.5,1.0,0.0,328.84644293785095
9,30,300,5,0.3,1.0,4501.565729932447,iamb,2.0,10,log_loss,45.01565729932447,0.01,0.03514799411644778,0.9995555555555555,0.5390873015873017,"[0, 16, 20, 26, 28, 29]",6,0.6,0.5,0.5,1.0,0.0,302.7897689342499
9,30,300,5,0.3,1.0,4501.565729932447,bootstrap_l1,2.0,10,log_loss,84.3511229489864,0.01873817422860384,0.02928057604995309,0.9997777777777778,0.8642857142857142,"[0, 14, 15, 17, 22, 26, 27, 28]",8,0.0,0.0,1.0,1.0,0.0,309.36626982688904
