seed,p,n,k_star,p_edge,noise_scale,mu_scale,q_source,K_multiplier,K,criterion,mu_star,mu_star_relative,log_loss_star,auc_star,stability_star,support,k_actual,S_recall,S_precision,C_inclusion,causal_precision,correlate_inclusion,fit_seconds
8,30,300,3,0.2,1.0,577.4129734947359,oracle,2.0,6,log_loss,0.0,0.0,0.05003162254576217,0.9982222222222223,0.46071428571428574,"[1, 4, 6, 13, 22, 25]",6,0.6666666666666666,0.3333333333333333,0.6666666666666666,0.6666666666666666,0.3333333333333333,126.3231680393219
8,30,300,3,0.2,1.0,577.4129734947359,uniform,2.0,6,log_loss,0.0,0.0,0.049848839381447116,0.9986666666666666,0.45892857142857146,"[1, 4, 6, 13, 22, 25]",6,0.6666666666666666,0.3333333333333333,0.6666666666666666,0.6666666666666666,0.3333333333333333,118.75251507759094
8,30,300,3,0.2,1.0,577.4129734947359,adversarial,2.0,6,log_loss,0.0,0.0,0.0571489904930884,0.9986666666666666,0.4073412698412698,"[1, 4, 6, 13, 22, 25]",6,0.6666666666666666,0.3333333333333333,0.6666666666666666,0.6666666666666666,0.3333333333333333,124.4865882396698
8,30,300,3,0.2,1.0,577.4129734947359,pc,2.0,6,log_loss,10.819664899200571,0.01873817422860384,0.03582870879627014,0.9995555555555555,0.6523809523809524,"[1, 4, 6, 13, 22, 25]",6,0.6666666666666666,0.3333333333333333,0.6666666666666666,0.6666666666666666,0.3333333333333333,112.01598477363586
8,30,300,3,0.2,1.0,577.4129734947359,ges,2.0,6,log_loss,5.774129734947358,0.01,0.031811134465272436,0.9997777777777778,0.6880952380952381,"[1, 6, 12, 13, 25]",5,0.6666666666666666,0.4,0.6,1.0,0.0,118.5190978050232
8,30,300,3,0.2,1.0,577.4129734947359,iamb,2.0,6,log_loss,0.0,0.0,0.03634676651371386,1.0,0.4795238095238095,"[1, 4, 6, 13, 22, 25]",6,0.6666666666666666,0.3333333333333333,0.6666666666666666,0.6666666666666666,0.3333333333333333,108.96426963806152
8,30,300,3,0.2,1.0,577.4129734947359,bootstrap_l1,2.0,6,log_loss,71.18617016845332,0.1232846739442066,0.0441371456948033,0.9988888888888889,0.680952380952381,"[1, 6, 10, 16, 17, 25]",6,0.6666666666666666,0.3333333333333333,0.6666666666666666,0.8333333333333334,0.16666666666666666,112.24215722084045
