seed,p,n,k_star,p_edge,noise_scale,mu_scale,q_source,K_multiplier,K,criterion,mu_star,mu_star_relative,log_loss_star,auc_star,stability_star,support,k_actual,S_recall,S_precision,C_inclusion,causal_precision,correlate_inclusion,fit_seconds
6,30,300,5,0.1,1.0,44.4903040435251,oracle,2.0,10,log_loss,0.0,0.0,0.29493753003580786,0.9704444444444444,0.5530808080808081,"[6, 7, 9, 19, 21, 22, 23, 29]",8,1.0,0.625,0.125,0.625,0.125,263.5144979953766
6,30,300,5,0.1,1.0,44.4903040435251,uniform,2.0,10,log_loss,0.0,0.0,0.1802553228390283,0.985111111111111,0.5242191142191144,"[6, 7, 9, 19, 21, 22, 23, 29]",8,1.0,0.625,0.125,0.625,0.125,272.0607342720032
6,30,300,5,0.1,1.0,44.4903040435251,adversarial,2.0,10,log_loss,5.484972627684607,0.12328467394420657,0.173029045632951,0.9837777777777778,0.7337373737373738,"[3, 5, 13, 17, 21, 23, 28, 29]",8,0.6,0.375,0.625,0.5,0.5,291.5398190021515
6,30,300,5,0.1,1.0,44.4903040435251,pc,2.0,10,log_loss,126.70998171357375,2.848035868435799,0.18367301489518198,0.9868888888888888,0.685873015873016,"[3, 7, 15, 19, 21, 22, 23, 25, 29]",9,1.0,0.5555555555555556,0.2222222222222222,0.7777777777777778,0.0,276.228600025177
6,30,300,5,0.1,1.0,44.4903040435251,ges,2.0,10,log_loss,19.258790552722445,0.4328761281083058,0.18789261737034163,0.9837777777777778,0.5376184926184926,"[7, 9, 19, 21, 22, 23, 25, 29]",8,1.0,0.625,0.0,0.625,0.0,258.11056327819824
6,30,300,5,0.1,1.0,44.4903040435251,iamb,2.0,10,log_loss,10.27783727366772,0.2310129700083159,0.17157234014090697,0.9862222222222223,0.6531818181818181,"[3, 7, 9, 19, 21, 22, 23, 25, 29]",9,1.0,0.5555555555555556,0.1111111111111111,0.6666666666666666,0.0,271.4041838645935
6,30,300,5,0.1,1.0,44.4903040435251,bootstrap_l1,2.0,10,log_loss,19.258790552722445,0.4328761281083058,0.18644729081036943,0.984888888888889,0.7272727272727273,"[3, 6, 7, 19, 21, 22, 23, 24, 28, 29]",10,1.0,0.5,0.4,0.6,0.3,252.95332622528076
