seed,p,n,k_star,p_edge,noise_scale,mu_scale,q_source,K_multiplier,K,criterion,mu_star,mu_star_relative,log_loss_star,auc_star,stability_star,support,k_actual,S_recall,S_precision,C_inclusion,causal_precision,correlate_inclusion,fit_seconds
6,30,300,3,0.2,1.0,586.520821457263,oracle,2.0,6,log_loss,5.86520821457263,0.01,0.09758010500577899,0.9968888888888887,0.360515873015873,"[9, 11, 19, 21, 22, 23]",6,0.6666666666666666,0.3333333333333333,0.6666666666666666,0.5,0.5,131.36174178123474
6,30,300,3,0.2,1.0,586.520821457263,uniform,2.0,6,log_loss,0.0,0.0,0.10498236569784333,0.9948888888888888,0.4761904761904761,"[9, 11, 19, 21, 22, 23]",6,0.6666666666666666,0.3333333333333333,0.6666666666666666,0.5,0.5,117.8210117816925
6,30,300,3,0.2,1.0,586.520821457263,adversarial,2.0,6,log_loss,0.0,0.0,0.09192224507978135,0.9955555555555555,0.47757936507936505,"[9, 11, 19, 21, 22, 23]",6,0.6666666666666666,0.3333333333333333,0.6666666666666666,0.5,0.5,126.2667248249054
6,30,300,3,0.2,1.0,586.520821457263,pc,2.0,6,log_loss,5.86520821457263,0.01,0.09423537662048982,0.9959999999999999,0.7357142857142857,"[11, 15, 19, 21, 24]",5,0.6666666666666666,0.4,0.6,0.8,0.2,132.32621002197266
6,30,300,3,0.2,1.0,586.520821457263,ges,2.0,6,log_loss,0.0,0.0,0.08834559490035103,0.9960000000000001,0.4488095238095238,"[9, 11, 19, 21, 22, 23]",6,0.6666666666666666,0.3333333333333333,0.6666666666666666,0.5,0.5,144.45855402946472
6,30,300,3,0.2,1.0,586.520821457263,iamb,2.0,6,log_loss,20.5938706024581,0.03511191734215131,0.0869965283857312,0.9955555555555555,0.49000000000000005,"[8, 11, 16, 19, 21]",5,0.6666666666666666,0.4,0.6,0.6,0.4,132.0348768234253
6,30,300,3,0.2,1.0,586.520821457263,bootstrap_l1,2.0,6,log_loss,0.0,0.0,0.08731585239972872,0.9957777777777779,0.48392857142857143,"[9, 11, 19, 21, 22, 23]",6,0.6666666666666666,0.3333333333333333,0.6666666666666666,0.5,0.5,126.82204103469849
