seed,p,n,k_star,p_edge,noise_scale,mu_scale,q_source,K_multiplier,K,criterion,mu_star,mu_star_relative,log_loss_star,auc_star,stability_star,support,k_actual,S_recall,S_precision,C_inclusion,causal_precision,correlate_inclusion,fit_seconds
9,30,300,3,0.2,1.0,381.4689153955559,oracle,2.0,6,log_loss,0.0,0.0,0.111927505969919,0.9926666666666666,0.6566666666666665,"[16, 20, 29]",3,1.0,1.0,0.0,1.0,0.0,113.913419008255
9,30,300,3,0.2,1.0,381.4689153955559,uniform,2.0,6,log_loss,0.0,0.0,0.08885341052095831,0.9971111111111111,0.5841666666666667,"[16, 20, 29]",3,1.0,1.0,0.0,1.0,0.0,111.49060487747192
9,30,300,3,0.2,1.0,381.4689153955559,adversarial,2.0,6,log_loss,0.0,0.0,0.1133537913705859,0.9944444444444445,0.6123809523809522,"[16, 20, 29]",3,1.0,1.0,0.0,1.0,0.0,112.20828890800476
9,30,300,3,0.2,1.0,381.4689153955559,pc,2.0,6,log_loss,0.0,0.0,0.08168382389991777,0.9955555555555555,0.6261904761904762,"[16, 20, 29]",3,1.0,1.0,0.0,1.0,0.0,132.68735694885254
9,30,300,3,0.2,1.0,381.4689153955559,ges,2.0,6,log_loss,0.0,0.0,0.08335161844087247,0.998,0.58,"[16, 20, 29]",3,1.0,1.0,0.0,1.0,0.0,111.89041376113892
9,30,300,3,0.2,1.0,381.4689153955559,iamb,2.0,6,log_loss,25.098107361282306,0.0657933224657568,0.08472833860516363,0.9955555555555555,0.6199999999999999,"[16, 20, 24, 29]",4,1.0,0.75,0.0,0.75,0.0,116.35991716384888
9,30,300,3,0.2,1.0,381.4689153955559,bootstrap_l1,2.0,6,log_loss,309.421198265238,0.8111308307896868,0.07381078355062594,0.9982222222222223,0.7214285714285713,"[1, 16, 20, 22, 24, 29]",6,1.0,0.5,0.3333333333333333,0.6666666666666666,0.16666666666666666,106.97127294540405
