seed,p,n,k_star,p_edge,noise_scale,mu_scale,q_source,K_multiplier,K,criterion,mu_star,mu_star_relative,log_loss_star,auc_star,stability_star,support,k_actual,S_recall,S_precision,C_inclusion,causal_precision,correlate_inclusion,fit_seconds
4,10,300,5,0.2,1.0,65.34429637915284,oracle,2.0,10,log_loss,0.0,0.0,0.13987418872618046,0.9875555555555555,0.819047619047619,"[0, 1, 4, 5, 8]",5,1.0,1.0,0.0,1.0,0.0,55.056612968444824
4,10,300,5,0.2,1.0,65.34429637915284,uniform,2.0,10,log_loss,0.0,0.0,0.21921451831090497,0.978,0.7561507936507936,"[0, 1, 4, 5, 8]",5,1.0,1.0,0.0,1.0,0.0,53.5381760597229
4,10,300,5,0.2,1.0,65.34429637915284,adversarial,2.0,10,log_loss,28.28598601056926,0.4328761281083057,0.1426482807476061,0.9895555555555555,0.7694444444444444,"[0, 1, 4, 5, 8]",5,1.0,1.0,0.0,1.0,0.0,55.704670906066895
4,10,300,5,0.2,1.0,65.34429637915284,pc,2.0,10,log_loss,15.09537997965174,0.23101297000831592,0.17642941836772405,0.987111111111111,0.819047619047619,"[0, 1, 4, 5, 8]",5,1.0,1.0,0.0,1.0,0.0,51.19132900238037
4,10,300,5,0.2,1.0,65.34429637915284,ges,2.0,10,log_loss,186.1028998855268,2.848035868435799,0.16295011948485655,0.9902222222222223,0.8857142857142858,"[0, 1, 4, 5, 7, 8, 9]",7,1.0,0.7142857142857143,0.2857142857142857,0.8571428571428571,0.14285714285714285,55.41463613510132
4,10,300,5,0.2,1.0,65.34429637915284,iamb,2.0,10,log_loss,99.31752027443562,1.5199110829529332,0.14681699614020363,0.9875555555555555,0.9000000000000001,"[0, 1, 4, 5, 8]",5,1.0,1.0,0.0,1.0,0.0,55.278703689575195
4,10,300,5,0.2,1.0,65.34429637915284,bootstrap_l1,2.0,10,log_loss,53.00277340938977,0.8111308307896868,0.1528407557848701,0.9866666666666666,0.9000000000000001,"[0, 1, 4, 5, 8]",5,1.0,1.0,0.0,1.0,0.0,56.403013706207275
