seed,p,n,k_star,p_edge,noise_scale,mu_scale,q_source,K_multiplier,K,criterion,mu_star,mu_star_relative,log_loss_star,auc_star,stability_star,support,k_actual,S_recall,S_precision,C_inclusion,causal_precision,correlate_inclusion,fit_seconds
19,30,300,5,0.3,1.0,338.56591196286917,oracle,2.0,10,log_loss,0.0,0.0,0.09589646274568106,0.9928888888888888,0.3000582750582751,"[0, 3, 10, 14, 17, 20, 21, 23]",8,0.8,0.5,0.5,1.0,0.0,288.0658333301544
19,30,300,5,0.3,1.0,338.56591196286917,uniform,2.0,10,log_loss,0.0,0.0,0.11027943405419458,0.9964444444444445,0.28496336996336996,"[0, 3, 10, 14, 17, 20, 21, 23]",8,0.8,0.5,0.5,1.0,0.0,314.2199869155884
19,30,300,5,0.3,1.0,338.56591196286917,adversarial,2.0,10,log_loss,3.385659119628692,0.01,0.07349478034908828,0.9997777777777778,0.46118686868686865,"[0, 1, 2, 6, 8, 15, 17, 21]",8,0.0,0.0,1.0,1.0,0.0,296.66698384284973
19,30,300,5,0.3,1.0,338.56591196286917,pc,2.0,10,log_loss,3.385659119628692,0.01,0.030015951830155867,0.9995555555555555,0.26365440115440114,"[2, 8, 19, 21, 23, 25, 29]",7,0.2,0.14285714285714285,0.8571428571428571,1.0,0.0,288.9869849681854
19,30,300,5,0.3,1.0,338.56591196286917,ges,2.0,10,log_loss,3.385659119628692,0.01,0.055587067549078786,0.9977777777777778,0.6659920634920635,"[3, 7, 10, 14, 20, 21, 23]",7,1.0,0.7142857142857143,0.2857142857142857,1.0,0.0,289.0749831199646
19,30,300,5,0.3,1.0,338.56591196286917,iamb,2.0,10,log_loss,0.0,0.0,0.08137611302630644,0.9968888888888889,0.2858080808080808,"[0, 3, 10, 14, 17, 20, 21, 23]",8,0.8,0.5,0.5,1.0,0.0,268.83925890922546
19,30,300,5,0.3,1.0,338.56591196286917,bootstrap_l1,2.0,10,log_loss,0.0,0.0,0.034252865130799906,0.9991111111111112,0.29994949494949497,"[0, 3, 10, 14, 17, 20, 21, 23]",8,0.8,0.5,0.5,1.0,0.0,296.1459300518036
