seed,p,n,k_star,p_edge,noise_scale,mu_scale,q_source,K_multiplier,K,criterion,mu_star,mu_star_relative,log_loss_star,auc_star,stability_star,support,k_actual,S_recall,S_precision,C_inclusion,causal_precision,correlate_inclusion,fit_seconds
2,30,300,5,0.2,0.5,76.52516137856111,oracle,2.0,10,log_loss,5.034844619323749,0.0657933224657568,0.06139034939615212,0.9982222222222223,0.5912703962703963,"[0, 2, 8, 10, 12, 14, 15, 19, 23, 29]",10,1.0,0.5,0.5,0.9,0.1,254.43936395645142
2,30,300,5,0.2,0.5,76.52516137856111,uniform,2.0,10,log_loss,0.0,0.0,0.11077475524471025,0.9962222222222221,0.4587162837162837,"[0, 2, 10, 14, 19, 23, 26, 28]",8,0.6,0.375,0.625,0.75,0.25,278.9546639919281
2,30,300,5,0.2,0.5,76.52516137856111,adversarial,2.0,10,log_loss,0.0,0.0,0.11218249076983926,0.9946666666666667,0.4247585747585748,"[0, 2, 10, 14, 19, 23, 26, 28]",8,0.6,0.375,0.625,0.75,0.25,282.9472897052765
2,30,300,5,0.2,0.5,76.52516137856111,pc,2.0,10,log_loss,62.07191772530713,0.8111308307896868,0.08521112358251717,0.9964444444444445,0.6600932400932401,"[0, 2, 8, 10, 12, 14, 19, 23, 29]",9,1.0,0.5555555555555556,0.4444444444444444,0.8888888888888888,0.1111111111111111,312.6234700679779
2,30,300,5,0.2,0.5,76.52516137856111,ges,2.0,10,log_loss,0.7652516137856111,0.01,0.11950012301965418,0.9928888888888888,0.5632867132867132,"[0, 2, 8, 10, 14, 19, 23, 25, 29]",9,1.0,0.5555555555555556,0.4444444444444444,0.8888888888888888,0.1111111111111111,330.9649221897125
2,30,300,5,0.2,0.5,76.52516137856111,iamb,2.0,10,log_loss,1.4339418067835037,0.01873817422860384,0.05243624347605508,0.9991111111111112,0.6421212121212122,"[0, 2, 8, 10, 14, 19, 23, 29]",8,1.0,0.625,0.375,0.875,0.125,292.165647983551
2,30,300,5,0.2,0.5,76.52516137856111,bootstrap_l1,2.0,10,log_loss,5.034844619323749,0.0657933224657568,0.07929741549862362,0.9966666666666668,0.806060606060606,"[0, 2, 10, 12, 14, 15, 17, 19, 25, 29]",10,0.8,0.4,0.6,0.9,0.1,273.38297605514526
