seed,p,n,k_star,p_edge,noise_scale,mu_scale,q_source,K_multiplier,K,criterion,mu_star,mu_star_relative,log_loss_star,auc_star,stability_star,support,k_actual,S_recall,S_precision,C_inclusion,causal_precision,correlate_inclusion,fit_seconds
3,30,1000,5,0.2,1.0,421.63662696009453,oracle,2.0,10,log_loss,14.804470394246325,0.03511191734215131,0.07367243410550484,0.99696,0.4736263736263737,"[1, 3, 7, 9, 15, 16, 23, 24, 27, 28]",10,1.0,0.5,0.5,0.9,0.1,460.71168208122253
3,30,1000,5,0.2,1.0,421.63662696009453,uniform,2.0,10,log_loss,0.0,0.0,0.08980769635222852,0.99536,0.4736796536796537,"[1, 3, 7, 9, 13, 15, 16, 20, 24, 28]",10,1.0,0.5,0.5,0.9,0.1,759.0525469779968
3,30,1000,5,0.2,1.0,421.63662696009453,adversarial,2.0,10,log_loss,0.0,0.0,0.08824570199925882,0.9952399999999999,0.5145354645354645,"[1, 3, 7, 9, 13, 15, 16, 20, 24, 28]",10,1.0,0.5,0.5,0.9,0.1,837.1824588775635
3,30,1000,5,0.2,1.0,421.63662696009453,pc,2.0,10,log_loss,4.216366269600945,0.009999999999999998,0.07814776528738865,0.99652,0.613181818181818,"[1, 4, 5, 6, 7, 15, 16, 28]",8,0.8,0.5,0.5,0.875,0.125,911.1095769405365
3,30,1000,5,0.2,1.0,421.63662696009453,ges,2.0,10,log_loss,0.0,0.0,0.08730428105412505,0.99526,0.5852622377622378,"[1, 3, 7, 9, 13, 15, 16, 20, 24, 28]",10,1.0,0.5,0.5,0.9,0.1,749.3034920692444
3,30,1000,5,0.2,1.0,421.63662696009453,iamb,2.0,10,log_loss,97.4035294583398,0.23101297000831592,0.07535541473986224,0.9974399999999999,0.7533333333333333,"[1, 3, 4, 7, 15, 16, 19, 21]",8,1.0,0.625,0.375,1.0,0.0,378.81234908103943
3,30,1000,5,0.2,1.0,421.63662696009453,bootstrap_l1,2.0,10,log_loss,1200.8362370286338,2.848035868435799,0.06260234046244921,0.9983799999999998,0.8661111111111112,"[1, 3, 4, 6, 7, 15, 16, 20, 28]",9,1.0,0.5555555555555556,0.4444444444444444,1.0,0.0,398.00916385650635
