seed,p,n,k_star,p_edge,noise_scale,mu_scale,q_source,K_multiplier,K,criterion,mu_star,mu_star_relative,log_loss_star,auc_star,stability_star,support,k_actual,S_recall,S_precision,C_inclusion,causal_precision,correlate_inclusion,fit_seconds
6,30,100,5,0.2,1.0,143.9260893140113,oracle,2.0,10,log_loss,0.0,0.0,0.18077640060603606,0.994,0.4062742812742813,"[3, 6, 9, 10, 14, 15, 21, 23, 24, 26]",10,0.4,0.2,0.8,0.8,0.2,239.9908800125122
6,30,100,5,0.2,1.0,143.9260893140113,uniform,2.0,10,log_loss,0.0,0.0,0.4343595096211472,0.978,0.34318181818181814,"[3, 6, 9, 10, 14, 15, 21, 23, 24, 26]",10,0.4,0.2,0.8,0.8,0.2,260.00877475738525
6,30,100,5,0.2,1.0,143.9260893140113,adversarial,2.0,10,log_loss,0.0,0.0,0.3650275730156259,0.992,0.28396270396270396,"[3, 6, 9, 10, 14, 15, 21, 23, 24, 26]",10,0.4,0.2,0.8,0.8,0.2,256.30934500694275
6,30,100,5,0.2,1.0,143.9260893140113,pc,2.0,10,log_loss,116.74288839758466,0.8111308307896868,0.14473373188466895,0.992,0.7511904761904762,"[1, 9, 10, 15, 21, 23, 24]",7,0.4,0.2857142857142857,0.7142857142857143,1.0,0.0,254.74907398223877
6,30,100,5,0.2,1.0,143.9260893140113,ges,2.0,10,log_loss,62.30216827601941,0.4328761281083057,0.13109135964164292,0.9960000000000001,0.8125,"[1, 3, 9, 15, 21, 23, 24]",7,0.4,0.2857142857142857,0.7142857142857143,1.0,0.0,264.15738105773926
6,30,100,5,0.2,1.0,143.9260893140113,iamb,2.0,10,log_loss,218.7548582744395,1.5199110829529332,0.12859023691303972,1.0,0.6866666666666666,"[1, 15, 19, 21, 23, 24, 25, 26, 29]",9,0.8,0.4444444444444444,0.5555555555555556,0.8888888888888888,0.1111111111111111,251.68689393997192
6,30,100,5,0.2,1.0,143.9260893140113,bootstrap_l1,2.0,10,log_loss,1.4392608931401132,0.01,0.18730397700990137,0.992,0.586111111111111,"[9, 10, 11, 13, 14, 15, 21, 23]",8,0.4,0.25,0.75,0.875,0.125,270.88585925102234
