seed,p,n,k_star,p_edge,noise_scale,mu_scale,q_source,K_multiplier,K,criterion,mu_star,mu_star_relative,log_loss_star,auc_star,stability_star,support,k_actual,S_recall,S_precision,C_inclusion,causal_precision,correlate_inclusion,fit_seconds
6,30,300,5,0.2,2.0,880.9494714388868,oracle,2.0,10,log_loss,8.809494714388869,0.01,0.12958017278992964,0.9940000000000001,0.4741738816738816,"[19, 21, 22, 23, 25, 26, 29]",7,0.8,0.5714285714285714,0.42857142857142855,0.7142857142857143,0.2857142857142857,326.81639194488525
6,30,300,5,0.2,2.0,880.9494714388868,uniform,2.0,10,log_loss,0.0,0.0,0.17547679445125483,0.9866666666666667,0.3322727272727272,"[3, 10, 13, 14, 19, 21, 22, 23, 25]",9,0.6,0.3333333333333333,0.6666666666666666,0.8888888888888888,0.1111111111111111,332.92415595054626
6,30,300,5,0.2,2.0,880.9494714388868,adversarial,2.0,10,log_loss,0.0,0.0,0.14652607708318505,0.9904444444444446,0.4254822954822955,"[3, 10, 13, 14, 19, 21, 22, 23, 25]",9,0.6,0.3333333333333333,0.6666666666666666,0.8888888888888888,0.1111111111111111,322.0633420944214
6,30,300,5,0.2,2.0,880.9494714388868,pc,2.0,10,log_loss,8.809494714388869,0.01,0.1368003973870989,0.9931111111111111,0.4445271395271395,"[1, 10, 19, 21, 22, 23, 25, 26, 29]",9,0.8,0.4444444444444444,0.5555555555555556,0.7777777777777778,0.2222222222222222,350.6112461090088
6,30,300,5,0.2,2.0,880.9494714388868,ges,2.0,10,log_loss,0.0,0.0,0.1528923217395502,0.9888888888888889,0.3563980463980464,"[3, 10, 13, 14, 19, 21, 22, 23, 25]",9,0.6,0.3333333333333333,0.6666666666666666,0.8888888888888888,0.1111111111111111,345.04453587532043
6,30,300,5,0.2,2.0,880.9494714388868,iamb,2.0,10,log_loss,30.931825023774078,0.03511191734215131,0.09714296753148619,0.9944444444444445,0.6666666666666667,"[3, 11, 13, 15, 19, 21, 23, 29]",8,0.8,0.5,0.5,0.875,0.125,358.50669026374817
6,30,300,5,0.2,2.0,880.9494714388868,bootstrap_l1,2.0,10,log_loss,16.507384682418323,0.01873817422860384,0.10906210753506818,0.9917777777777779,0.653939393939394,"[3, 10, 11, 13, 19, 21, 23, 25, 29]",9,0.8,0.4444444444444444,0.5555555555555556,0.8888888888888888,0.1111111111111111,367.0039348602295
