seed,p,n,k_star,p_edge,noise_scale,mu_scale,q_source,K_multiplier,K,criterion,mu_star,mu_star_relative,log_loss_star,auc_star,stability_star,support,k_actual,S_recall,S_precision,C_inclusion,causal_precision,correlate_inclusion,fit_seconds
9,30,300,5,0.5,1.0,7531.871654365653,oracle,2.0,10,log_loss,0.0,0.0,0.05103914514633963,0.9984444444444444,0.2007142857142857,"[10, 14, 20, 21]",4,0.2,0.25,0.75,1.0,0.0,308.5853407382965
9,30,300,5,0.5,1.0,7531.871654365653,uniform,2.0,10,log_loss,0.0,0.0,0.08953534125309279,0.9986666666666666,0.18428571428571427,"[10, 14, 20, 21]",4,0.2,0.25,0.75,1.0,0.0,320.315043926239
9,30,300,5,0.5,1.0,7531.871654365653,adversarial,2.0,10,log_loss,75.31871654365654,0.01,0.08978581863669913,0.9964444444444446,0.42428571428571427,"[1, 10, 14, 17, 24]",5,0.0,0.0,1.0,1.0,0.0,324.1195583343506
9,30,300,5,0.5,1.0,7531.871654365653,pc,2.0,10,log_loss,0.0,0.0,0.07679021052193116,0.9966666666666667,0.25047619047619046,"[10, 14, 20, 21]",4,0.2,0.25,0.75,1.0,0.0,331.1388409137726
9,30,300,5,0.5,1.0,7531.871654365653,ges,2.0,10,log_loss,75.31871654365654,0.01,0.0343482757740271,0.9991111111111112,0.7,"[16, 21, 24]",3,0.2,0.3333333333333333,0.6666666666666666,1.0,0.0,300.0920310020447
9,30,300,5,0.5,1.0,7531.871654365653,iamb,2.0,10,log_loss,75.31871654365654,0.01,0.04015082949446133,0.9986666666666666,0.51,"[16, 17, 20, 24]",4,0.4,0.5,0.5,1.0,0.0,265.8399360179901
9,30,300,5,0.5,1.0,7531.871654365653,bootstrap_l1,2.0,10,log_loss,0.0,0.0,0.08187122098669146,0.9951111111111111,0.20595238095238094,"[10, 14, 20, 21]",4,0.2,0.25,0.75,1.0,0.0,272.3342568874359
