seed,p,n,k_star,p_edge,noise_scale,mu_scale,q_source,K_multiplier,K,criterion,mu_star,mu_star_relative,log_loss_star,auc_star,stability_star,support,k_actual,S_recall,S_precision,C_inclusion,causal_precision,correlate_inclusion,fit_seconds
4,30,75,5,0.2,1.0,31.873970208642696,oracle,2.0,10,log_loss,0.318739702086427,0.01,0.3627853739936579,0.975,0.4778554778554779,"[2, 4, 8, 9, 14, 20, 23, 26, 27, 29]",10,0.8,0.4,0.5,0.9,0.0,254.02593779563904
4,30,75,5,0.2,1.0,31.873970208642696,uniform,2.0,10,log_loss,0.0,0.0,1.3361465728234654,0.8910714285714285,0.3671345321345322,"[2, 8, 9, 14, 20, 23, 26, 27, 29]",9,0.8,0.4444444444444444,0.4444444444444444,0.8888888888888888,0.0,242.7548861503601
4,30,75,5,0.2,1.0,31.873970208642696,adversarial,2.0,10,log_loss,0.5972600071268751,0.01873817422860384,0.829745457779784,0.9678571428571427,0.4740981240981242,"[1, 5, 12, 14, 20, 23, 26, 28]",8,0.2,0.125,0.875,0.875,0.125,254.21006298065186
4,30,75,5,0.2,1.0,31.873970208642696,pc,2.0,10,log_loss,7.36330052385513,0.23101297000831592,0.49955942235297773,0.9428571428571428,0.3963303363303363,"[2, 8, 9, 14, 20, 23, 26, 27, 29]",9,0.8,0.4444444444444444,0.4444444444444444,0.8888888888888888,0.0,269.4192090034485
4,30,75,5,0.2,1.0,31.873970208642696,ges,2.0,10,log_loss,25.85395993590208,0.8111308307896868,0.17670784120871855,0.9892857142857142,0.6064646464646465,"[7, 8, 14, 20, 26, 27, 29]",7,1.0,0.7142857142857143,0.2857142857142857,1.0,0.0,258.4547438621521
4,30,75,5,0.2,1.0,31.873970208642696,iamb,2.0,10,log_loss,25.85395993590208,0.8111308307896868,0.30616457068419567,0.9857142857142858,0.7911111111111111,"[8, 9, 14, 20, 23, 26, 27, 29]",8,0.8,0.5,0.375,0.875,0.0,287.3065278530121
4,30,75,5,0.2,1.0,31.873970208642696,bootstrap_l1,2.0,10,log_loss,13.797480811356737,0.4328761281083057,0.5644473345371003,0.9464285714285715,0.5772979797979797,"[2, 7, 8, 9, 20, 23, 26, 27, 29]",9,1.0,0.5555555555555556,0.3333333333333333,0.8888888888888888,0.0,264.54735803604126
