seed,p,n,k_star,p_edge,noise_scale,mu_scale,q_source,K_multiplier,K,criterion,mu_star,mu_star_relative,log_loss_star,auc_star,stability_star,support,k_actual,S_recall,S_precision,C_inclusion,causal_precision,correlate_inclusion,fit_seconds
6,30,300,5,0.7,1.0,4575.619729662513,oracle,2.0,10,log_loss,45.75619729662513,0.01,0.665654931257041,0.7517777777777779,0.78,"[3, 10, 20]",3,0.0,0.0,1.0,1.0,0.0,321.78510093688965
6,30,300,5,0.7,1.0,4575.619729662513,uniform,2.0,10,log_loss,0.0,0.0,0.5311307403088978,0.8093333333333333,0.5071428571428572,"[3, 10, 20]",3,0.0,0.0,1.0,1.0,0.0,349.716108083725
6,30,300,5,0.7,1.0,4575.619729662513,adversarial,2.0,10,log_loss,0.0,0.0,0.48268503711914096,0.8480000000000001,0.30666666666666664,"[3, 10, 20]",3,0.0,0.0,1.0,1.0,0.0,323.9118161201477
6,30,300,5,0.7,1.0,4575.619729662513,pc,2.0,10,log_loss,160.65878173702689,0.03511191734215131,0.4142629685461257,0.839111111111111,0.4833333333333333,"[3, 10, 20]",3,0.0,0.0,1.0,1.0,0.0,332.6003122329712
6,30,300,5,0.7,1.0,4575.619729662513,ges,2.0,10,log_loss,85.73875969825338,0.01873817422860384,0.05532799156396412,0.9986666666666666,0.5684523809523809,"[7, 11, 16, 19, 23, 29]",6,0.8,0.6666666666666666,0.3333333333333333,1.0,0.0,319.19998693466187
6,30,300,5,0.7,1.0,4575.619729662513,iamb,2.0,10,log_loss,45.75619729662513,0.01,0.04822448976728018,0.9993333333333334,0.4030555555555555,"[1, 4, 7, 15, 19, 23, 26, 29]",8,0.8,0.5,0.5,1.0,0.0,319.22746086120605
6,30,300,5,0.7,1.0,4575.619729662513,bootstrap_l1,2.0,10,log_loss,1980.6765522722812,0.4328761281083057,0.4753444126553085,0.9302222222222223,0.9,"[3, 10, 20]",3,0.0,0.0,1.0,1.0,0.0,345.1111068725586
