seed,p,n,k_star,p_edge,noise_scale,mu_scale,q_source,K_multiplier,K,criterion,mu_star,mu_star_relative,log_loss_star,auc_star,stability_star,support,k_actual,S_recall,S_precision,C_inclusion,causal_precision,correlate_inclusion,fit_seconds
2,30,300,5,0.5,1.0,5099.770731265026,oracle,2.0,10,log_loss,0.0,0.0,0.05047576015245092,0.9977777777777778,0.2779761904761905,"[8, 12, 16, 17, 18, 27]",6,0.2,0.16666666666666666,0.8333333333333334,1.0,0.0,339.08847069740295
2,30,300,5,0.5,1.0,5099.770731265026,uniform,2.0,10,log_loss,0.0,0.0,0.03346051800367849,0.9997777777777778,0.27103174603174607,"[8, 12, 16, 17, 18, 27]",6,0.2,0.16666666666666666,0.8333333333333334,1.0,0.0,371.50198793411255
2,30,300,5,0.5,1.0,5099.770731265026,adversarial,2.0,10,log_loss,50.99770731265026,0.01,0.071769050322437,0.9977777777777778,0.3163095238095238,"[4, 13, 17, 18, 27]",5,0.0,0.0,1.0,1.0,0.0,355.99306416511536
2,30,300,5,0.5,1.0,5099.770731265026,pc,2.0,10,log_loss,50.99770731265026,0.01,0.037894446467639085,0.9995555555555555,0.3712301587301587,"[3, 10, 11, 12, 16, 17, 18]",7,0.2,0.14285714285714285,0.8571428571428571,1.0,0.0,320.7311177253723
2,30,300,5,0.5,1.0,5099.770731265026,ges,2.0,10,log_loss,50.99770731265026,0.01,0.03817189759551454,0.9982222222222223,0.4821428571428571,"[2, 5, 6, 10, 14, 28]",6,0.6,0.5,0.5,1.0,0.0,332.0089409351349
2,30,300,5,0.5,1.0,5099.770731265026,iamb,2.0,10,log_loss,0.0,0.0,0.06466595270650678,0.9995555555555555,0.1736111111111111,"[8, 12, 16, 17, 18, 27]",6,0.2,0.16666666666666666,0.8333333333333334,1.0,0.0,312.1707248687744
2,30,300,5,0.5,1.0,5099.770731265026,bootstrap_l1,2.0,10,log_loss,0.0,0.0,0.057850972081000665,0.9975555555555555,0.1884920634920635,"[8, 12, 16, 17, 18, 27]",6,0.2,0.16666666666666666,0.8333333333333334,1.0,0.0,343.3060178756714
