seed,p,n,k_star,p_edge,noise_scale,mu_scale,q_source,K_multiplier,K,criterion,mu_star,mu_star_relative,log_loss_star,auc_star,stability_star,support,k_actual,S_recall,S_precision,C_inclusion,causal_precision,correlate_inclusion,fit_seconds
1,20,300,5,0.2,1.0,98.59696739802362,oracle,2.0,10,log_loss,0.9859696739802363,0.01,0.13991237222298475,0.9897777777777778,0.6857575757575758,"[4, 5, 6, 8, 9, 11, 14, 15, 19]",9,1.0,0.5555555555555556,0.4444444444444444,1.0,0.0,215.66667699813843
1,20,300,5,0.2,1.0,98.59696739802362,uniform,2.0,10,log_loss,0.0,0.0,0.1722607821090549,0.9888888888888889,0.5955477855477855,"[4, 5, 6, 8, 9, 11, 14, 15, 19]",9,1.0,0.5555555555555556,0.4444444444444444,1.0,0.0,227.606271982193
1,20,300,5,0.2,1.0,98.59696739802362,adversarial,2.0,10,log_loss,6.487022070163878,0.0657933224657568,0.1288875977206702,0.9899999999999999,0.6859673659673661,"[1, 4, 6, 8, 10, 11, 15, 17, 19]",9,0.6,0.3333333333333333,0.6666666666666666,0.7777777777777778,0.2222222222222222,250.2671902179718
1,20,300,5,0.2,1.0,98.59696739802362,pc,2.0,10,log_loss,1.8475271535161393,0.01873817422860384,0.12880668464753045,0.9922222222222222,0.68500777000777,"[4, 5, 6, 8, 9, 11, 14, 15, 19]",9,1.0,0.5555555555555556,0.4444444444444444,1.0,0.0,238.78344678878784
1,20,300,5,0.2,1.0,98.59696739802362,ges,2.0,10,log_loss,0.9859696739802363,0.01,0.13667894398725183,0.9915555555555556,0.6676767676767678,"[4, 5, 6, 8, 9, 11, 14, 15, 19]",9,1.0,0.5555555555555556,0.4444444444444444,1.0,0.0,238.74774384498596
1,20,300,5,0.2,1.0,98.59696739802362,iamb,2.0,10,log_loss,149.85862349380514,1.5199110829529332,0.15413316485914572,0.986,0.7658730158730157,"[6, 9, 11, 14, 15, 19]",6,1.0,0.8333333333333334,0.16666666666666666,1.0,0.0,269.6526279449463
1,20,300,5,0.2,1.0,98.59696739802362,bootstrap_l1,2.0,10,log_loss,0.0,0.0,0.11246264620714559,0.992,0.6189393939393939,"[4, 5, 6, 8, 9, 11, 14, 15, 19]",9,1.0,0.5555555555555556,0.4444444444444444,1.0,0.0,270.7840437889099
