seed,p,n,k_star,p_edge,noise_scale,mu_scale,q_source,K_multiplier,K,criterion,mu_star,mu_star_relative,log_loss_star,auc_star,stability_star,support,k_actual,S_recall,S_precision,C_inclusion,causal_precision,correlate_inclusion,fit_seconds
7,30,300,5,0.2,2.0,247.14491803273023,oracle,2.0,10,log_loss,2.471449180327302,0.01,0.14494847077611278,0.9888888888888889,0.5043056943056943,"[6, 9, 17, 18, 19, 20, 22, 23, 26]",9,1.0,0.5555555555555556,0.4444444444444444,1.0,0.0,269.77041506767273
7,30,300,5,0.2,2.0,247.14491803273023,uniform,2.0,10,log_loss,0.0,0.0,0.20189535900893402,0.9855555555555554,0.43661671661671664,"[6, 9, 17, 18, 19, 20, 22, 23, 26]",9,1.0,0.5555555555555556,0.4444444444444444,1.0,0.0,278.4883749485016
7,30,300,5,0.2,2.0,247.14491803273023,adversarial,2.0,10,log_loss,2.471449180327302,0.01,0.2490042628683085,0.9817777777777777,0.41309523809523807,"[1, 3, 6, 12, 16, 21, 26, 27, 29]",9,0.2,0.1111111111111111,0.8888888888888888,0.8888888888888888,0.1111111111111111,296.7817027568817
7,30,300,5,0.2,2.0,247.14491803273023,pc,2.0,10,log_loss,8.677731933497984,0.03511191734215131,0.11144513126523667,0.9924444444444445,0.39550449550449546,"[1, 5, 6, 12, 16, 17, 19, 22, 29]",9,0.4,0.2222222222222222,0.7777777777777778,0.7777777777777778,0.2222222222222222,312.73919796943665
7,30,300,5,0.2,2.0,247.14491803273023,ges,2.0,10,log_loss,0.0,0.0,0.15686442012930785,0.9886666666666667,0.4416666666666666,"[6, 9, 17, 18, 19, 20, 22, 23, 26]",9,1.0,0.5555555555555556,0.4444444444444444,1.0,0.0,255.8635368347168
7,30,300,5,0.2,2.0,247.14491803273023,iamb,2.0,10,log_loss,16.26048528790045,0.0657933224657568,0.08349167439316414,0.9959999999999999,0.7890909090909093,"[3, 6, 9, 12, 17, 18, 20, 23, 25]",9,1.0,0.5555555555555556,0.4444444444444444,1.0,0.0,271.50295996665955
7,30,300,5,0.2,2.0,247.14491803273023,bootstrap_l1,2.0,10,log_loss,106.98313519965285,0.4328761281083057,0.11104116595394124,0.9906666666666666,0.8136363636363637,"[3, 6, 9, 12, 15, 17, 18, 22, 23]",9,1.0,0.5555555555555556,0.4444444444444444,1.0,0.0,273.7502648830414
