seed,p,n,k_star,p_edge,noise_scale,mu_scale,q_source,K_multiplier,K,criterion,mu_star,mu_star_relative,log_loss_star,auc_star,stability_star,support,k_actual,S_recall,S_precision,C_inclusion,causal_precision,correlate_inclusion,fit_seconds
3,30,300,5,0.2,0.5,44.52920347032827,oracle,2.0,10,log_loss,1.5635057115620032,0.03511191734215131,0.0789707808396313,0.9964444444444445,0.5884282384282384,"[1, 3, 4, 7, 8, 15, 16, 20, 21, 23]",10,1.0,0.5,0.5,0.9,0.1,502.95985412597656
3,30,300,5,0.2,0.5,44.52920347032827,uniform,2.0,10,log_loss,0.0,0.0,0.09536471529184945,0.9944444444444445,0.6041958041958042,"[1, 4, 5, 6, 7, 15, 16, 23, 25, 28]",10,0.8,0.4,0.6,0.8,0.2,421.73656821250916
3,30,300,5,0.2,0.5,44.52920347032827,adversarial,2.0,10,log_loss,0.4452920347032827,0.01,0.07042052836407992,0.9975555555555555,0.7504545454545455,"[4, 6, 7, 15, 17, 22, 23, 25, 27, 28]",10,0.4,0.2,0.8,0.8,0.2,190.78733491897583
3,30,300,5,0.2,0.5,44.52920347032827,pc,2.0,10,log_loss,10.286823545785142,0.23101297000831592,0.09255474640973513,0.9946666666666667,0.4574675324675324,"[4, 5, 6, 10, 15, 16, 20, 21, 23]",9,0.4,0.2222222222222222,0.7777777777777778,0.7777777777777778,0.2222222222222222,246.3668348789215
3,30,300,5,0.2,0.5,44.52920347032827,ges,2.0,10,log_loss,10.286823545785142,0.23101297000831592,0.0617100181972733,0.9984444444444444,0.5338131313131312,"[1, 5, 6, 15, 16, 20, 24, 25, 28]",9,0.6,0.3333333333333333,0.6666666666666666,0.8888888888888888,0.1111111111111111,252.644464969635
3,30,300,5,0.2,0.5,44.52920347032827,iamb,2.0,10,log_loss,0.0,0.0,0.05764008778783335,0.9995555555555555,0.6377289377289376,"[1, 4, 5, 6, 7, 15, 16, 23, 25, 28]",10,0.8,0.4,0.6,0.8,0.2,213.88315892219543
3,30,300,5,0.2,0.5,44.52920347032827,bootstrap_l1,2.0,10,log_loss,126.82076867637078,2.848035868435799,0.06404381931943946,0.9986666666666666,0.6193434343434344,"[1, 4, 6, 7, 15, 16, 17, 23, 24, 25]",10,0.8,0.4,0.6,0.9,0.1,257.4249930381775
