seed,p,n,k_star,p_edge,noise_scale,mu_scale,q_source,K_multiplier,K,criterion,mu_star,mu_star_relative,log_loss_star,auc_star,stability_star,support,k_actual,S_recall,S_precision,C_inclusion,causal_precision,correlate_inclusion,fit_seconds
19,30,300,5,0.5,1.0,2424.05582355953,oracle,2.0,10,log_loss,0.0,0.0,0.5977183445795285,0.8233333333333335,0.6799999999999999,"[2, 14, 19, 29]",4,0.0,0.0,1.0,1.0,0.0,289.7432689666748
19,30,300,5,0.5,1.0,2424.05582355953,uniform,2.0,10,log_loss,0.0,0.0,0.6587300558307148,0.8197777777777778,0.6799999999999999,"[2, 14, 19, 29]",4,0.0,0.0,1.0,1.0,0.0,296.00261998176575
19,30,300,5,0.5,1.0,2424.05582355953,adversarial,2.0,10,log_loss,0.0,0.0,0.4013440708138226,0.9315555555555555,0.29095238095238096,"[2, 14, 19, 29]",4,0.0,0.0,1.0,1.0,0.0,309.95339584350586
19,30,300,5,0.5,1.0,2424.05582355953,pc,2.0,10,log_loss,0.0,0.0,0.682653970121932,0.7731111111111111,0.44761904761904764,"[2, 14, 19, 29]",4,0.0,0.0,1.0,1.0,0.0,300.45227813720703
19,30,300,5,0.5,1.0,2424.05582355953,ges,2.0,10,log_loss,24.2405582355953,0.01,0.36798481198857413,0.9642222222222223,0.5918650793650794,"[2, 7, 12, 15, 19, 28]",6,0.2,0.16666666666666666,0.8333333333333334,1.0,0.0,307.85626101493835
19,30,300,5,0.5,1.0,2424.05582355953,iamb,2.0,10,log_loss,24.2405582355953,0.01,0.5973609060820104,0.860888888888889,0.3464285714285714,"[2, 7, 10, 19, 21]",5,0.4,0.4,0.6,1.0,0.0,329.30487990379333
19,30,300,5,0.5,1.0,2424.05582355953,bootstrap_l1,2.0,10,log_loss,0.0,0.0,0.6046420791590824,0.8564444444444443,0.7328571428571429,"[2, 14, 19, 29]",4,0.0,0.0,1.0,1.0,0.0,300.86364483833313
