seed,p,n,k_star,p_edge,noise_scale,mu_scale,q_source,K_multiplier,K,criterion,mu_star,mu_star_relative,log_loss_star,auc_star,stability_star,support,k_actual,S_recall,S_precision,C_inclusion,causal_precision,correlate_inclusion,fit_seconds
10,30,300,5,0.4,1.0,254.75682969960008,oracle,2.0,10,log_loss,2.5475682969960007,0.01,0.057869043029912096,0.9986666666666666,0.4856327006327006,"[3, 8, 11, 12, 16, 17, 28]",7,0.6,0.42857142857142855,0.5714285714285714,0.8571428571428571,0.14285714285714285,261.54755210876465
10,30,300,5,0.4,1.0,254.75682969960008,uniform,2.0,10,log_loss,0.0,0.0,0.07891299332329797,0.9962222222222223,0.4444733044733045,"[1, 11, 15, 16, 17, 23]",6,0.0,0.0,1.0,0.8333333333333334,0.16666666666666666,276.6931312084198
10,30,300,5,0.4,1.0,254.75682969960008,adversarial,2.0,10,log_loss,2.5475682969960007,0.01,0.07346377156109159,0.9966666666666667,0.6266666666666667,"[1, 8, 11, 15, 16, 17]",6,0.0,0.0,1.0,0.8333333333333334,0.16666666666666666,274.95313692092896
10,30,300,5,0.4,1.0,254.75682969960008,pc,2.0,10,log_loss,4.773677860837863,0.01873817422860384,0.11038237180437034,0.9937777777777779,0.45019841269841265,"[1, 11, 16, 17, 23]",5,0.0,0.0,1.0,0.8,0.2,263.39864706993103
10,30,300,5,0.4,1.0,254.75682969960008,ges,2.0,10,log_loss,2.5475682969960007,0.01,0.05810702882906253,0.9986666666666666,0.7109523809523809,"[1, 8, 17, 23, 28]",5,0.2,0.2,0.8,1.0,0.0,313.3879806995392
10,30,300,5,0.4,1.0,254.75682969960008,iamb,2.0,10,log_loss,16.761298246779674,0.0657933224657568,0.03407096433181017,0.9995555555555555,0.7690909090909093,"[1, 3, 8, 10, 12, 14, 16, 23, 28]",9,1.0,0.5555555555555556,0.4444444444444444,1.0,0.0,269.4943890571594
10,30,300,5,0.4,1.0,254.75682969960008,bootstrap_l1,2.0,10,log_loss,0.0,0.0,0.13555696954210453,0.9957777777777779,0.3354365079365079,"[1, 11, 15, 16, 17, 23]",6,0.0,0.0,1.0,0.8333333333333334,0.16666666666666666,272.24259209632874
