seed,p,n,k_star,p_edge,noise_scale,mu_scale,q_source,K_multiplier,K,criterion,mu_star,mu_star_relative,log_loss_star,auc_star,stability_star,support,k_actual,S_recall,S_precision,C_inclusion,causal_precision,correlate_inclusion,fit_seconds
15,30,300,5,0.7,1.0,2845.518195956837,oracle,2.0,10,log_loss,0.0,0.0,0.27314176162076553,0.9737777777777777,0.30515873015873013,"[5, 8, 15, 17, 21]",5,0.2,0.2,0.8,1.0,0.0,266.6747159957886
15,30,300,5,0.7,1.0,2845.518195956837,uniform,2.0,10,log_loss,0.0,0.0,0.395149501889208,0.9535555555555556,0.4366666666666667,"[5, 8, 15, 17, 21]",5,0.2,0.2,0.8,1.0,0.0,283.9284679889679
15,30,300,5,0.7,1.0,2845.518195956837,adversarial,2.0,10,log_loss,28.45518195956837,0.01,0.34339504897173045,0.9584444444444445,0.5185714285714286,"[5, 8, 15]",3,0.0,0.0,1.0,1.0,0.0,286.9802350997925
15,30,300,5,0.7,1.0,2845.518195956837,pc,2.0,10,log_loss,28.45518195956837,0.01,0.2434176987375732,0.9817777777777777,0.43690476190476185,"[0, 5, 8, 13]",4,0.2,0.25,0.75,1.0,0.0,285.48854899406433
15,30,300,5,0.7,1.0,2845.518195956837,ges,2.0,10,log_loss,28.45518195956837,0.01,0.18980600656997398,0.9866666666666667,0.655952380952381,"[0, 4, 10, 12, 24, 28]",6,0.6,0.5,0.5,1.0,0.0,261.2232172489166
15,30,300,5,0.7,1.0,2845.518195956837,iamb,2.0,10,log_loss,28.45518195956837,0.01,0.027094555032709373,1.0,0.768888888888889,"[0, 6, 7, 15, 17, 20, 23, 28]",8,0.8,0.5,0.5,1.0,0.0,270.3503007888794
15,30,300,5,0.7,1.0,2845.518195956837,bootstrap_l1,2.0,10,log_loss,0.0,0.0,0.3171752656282452,0.9644444444444445,0.3404761904761905,"[5, 8, 15, 17, 21]",5,0.2,0.2,0.8,1.0,0.0,330.5290787220001
