seed,p,n,k_star,p_edge,noise_scale,mu_scale,q_source,K_multiplier,K,criterion,mu_star,mu_star_relative,log_loss_star,auc_star,stability_star,support,k_actual,S_recall,S_precision,C_inclusion,causal_precision,correlate_inclusion,fit_seconds
6,50,300,5,0.2,1.0,377.8946872663289,oracle,2.0,10,log_loss,163.58158905654753,0.4328761281083058,0.14492538750985323,0.9902222222222223,0.5972222222222221,"[0, 2, 5, 20, 27, 29, 32, 46]",8,1.0,0.625,0.375,1.0,0.0,313.4716582298279
6,50,300,5,0.2,1.0,377.8946872663289,uniform,2.0,10,log_loss,0.0,0.0,0.34044186774145924,0.9564444444444445,0.4330555555555556,"[0, 11, 17, 20, 27, 29, 32, 46]",8,0.8,0.5,0.5,0.875,0.125,333.79379200935364
6,50,300,5,0.2,1.0,377.8946872663289,adversarial,2.0,10,log_loss,0.0,0.0,0.14255691922429276,0.9931111111111111,0.47666666666666657,"[0, 11, 17, 20, 27, 29, 32, 46]",8,0.8,0.5,0.5,0.875,0.125,321.15321707725525
6,50,300,5,0.2,1.0,377.8946872663289,pc,2.0,10,log_loss,3.778946872663289,0.01,0.201496844068867,0.9904444444444443,0.6006349206349206,"[0, 15, 17, 27, 29]",5,0.6,0.6,0.4,0.8,0.2,356.52021622657776
6,50,300,5,0.2,1.0,377.8946872663289,ges,2.0,10,log_loss,3.778946872663289,0.01,0.08074286022867962,0.9968888888888889,0.6571428571428573,"[0, 15, 17, 27, 29]",5,0.6,0.6,0.4,0.8,0.2,337.56807589530945
6,50,300,5,0.2,1.0,377.8946872663289,iamb,2.0,10,log_loss,87.29857405575837,0.23101297000831592,0.04530930884370377,0.9993333333333334,0.7107142857142857,"[0, 5, 27, 29, 33, 46]",6,1.0,0.8333333333333334,0.16666666666666666,1.0,0.0,344.5540111064911
6,50,300,5,0.2,1.0,377.8946872663289,bootstrap_l1,2.0,10,log_loss,0.0,0.0,0.09642216184662702,0.9962222222222223,0.4491375291375291,"[0, 11, 17, 20, 27, 29, 32, 46]",8,0.8,0.5,0.5,0.875,0.125,328.6453719139099
