seed,p,n,k_star,p_edge,noise_scale,mu_scale,q_source,K_multiplier,K,criterion,mu_star,mu_star_relative,log_loss_star,auc_star,stability_star,support,k_actual,S_recall,S_precision,C_inclusion,causal_precision,correlate_inclusion,fit_seconds
4,30,300,5,0.3,1.0,685.8291610924193,oracle,2.0,10,log_loss,6.858291610924193,0.01,0.02707646917657282,0.9995555555555555,0.5152777777777777,"[1, 6, 7, 20, 26, 27, 29]",7,0.8,0.5714285714285714,0.42857142857142855,1.0,0.0,604.2037718296051
4,30,300,5,0.3,1.0,685.8291610924193,uniform,2.0,10,log_loss,0.0,0.0,0.09640116704610176,0.9944444444444445,0.41930014430014434,"[1, 10, 19, 20, 26]",5,0.2,0.2,0.8,1.0,0.0,32895.211424827576
4,30,300,5,0.3,1.0,685.8291610924193,adversarial,2.0,10,log_loss,0.0,0.0,0.04202782063639636,0.9993333333333334,0.36238095238095236,"[1, 10, 19, 20, 26]",5,0.2,0.2,0.8,1.0,0.0,448.9896500110626
4,30,300,5,0.3,1.0,685.8291610924193,pc,2.0,10,log_loss,45.12297915217301,0.0657933224657568,0.020331881059766223,0.9997777777777778,0.6757142857142857,"[1, 20, 26, 29]",4,0.4,0.5,0.5,1.0,0.0,271.8057839870453
4,30,300,5,0.3,1.0,685.8291610924193,ges,2.0,10,log_loss,12.851186311606964,0.01873817422860384,0.022768216503652513,0.9995555555555555,0.5700000000000001,"[20, 26, 29]",3,0.4,0.6666666666666666,0.3333333333333333,1.0,0.0,334.4362528324127
4,30,300,5,0.3,1.0,685.8291610924193,iamb,2.0,10,log_loss,12.851186311606964,0.01873817422860384,0.035336925348964765,0.9988888888888889,0.5517857142857142,"[1, 5, 6, 7, 8, 20, 29]",7,0.8,0.5714285714285714,0.42857142857142855,1.0,0.0,327.04737186431885
4,30,300,5,0.3,1.0,685.8291610924193,bootstrap_l1,2.0,10,log_loss,84.55222450670765,0.12328467394420659,0.012323882065453809,1.0,1.0,"[1, 20, 23, 26, 29]",5,0.4,0.4,0.6,1.0,0.0,343.9357490539551
