seed,p,n,k_star,p_edge,noise_scale,mu_scale,q_source,K_multiplier,K,criterion,mu_star,mu_star_relative,log_loss_star,auc_star,stability_star,support,k_actual,S_recall,S_precision,C_inclusion,causal_precision,correlate_inclusion,fit_seconds
2,30,75,5,0.2,1.0,34.58229546507566,oracle,2.0,10,log_loss,0.6480090776496442,0.01873817422860384,0.30379138066206646,0.9892857142857142,0.42512820512820515,"[2, 8, 10, 14, 18, 23, 28, 29]",8,1.0,0.625,0.375,0.875,0.125,207.91032600402832
2,30,75,5,0.2,1.0,34.58229546507566,uniform,2.0,10,log_loss,0.0,0.0,0.31969846720230044,0.975,0.4243056943056943,"[2, 6, 10, 11, 14, 23, 28]",7,0.6,0.42857142857142855,0.5714285714285714,1.0,0.0,200.80636310577393
2,30,75,5,0.2,1.0,34.58229546507566,adversarial,2.0,10,log_loss,0.34582295465075663,0.01,0.3456101248497109,0.9678571428571429,0.4135031635031635,"[6, 10, 11, 14, 16, 17, 18, 19, 23, 28]",10,0.4,0.2,0.8,0.8,0.2,198.29191994667053
2,30,75,5,0.2,1.0,34.58229546507566,pc,2.0,10,log_loss,0.6480090776496442,0.01873817422860384,0.1941230123952586,0.9821428571428571,0.44476689976689976,"[2, 6, 10, 11, 14, 15, 19, 28]",8,0.6,0.375,0.625,1.0,0.0,221.0245578289032
2,30,75,5,0.2,1.0,34.58229546507566,ges,2.0,10,log_loss,52.562014151321456,1.5199110829529332,0.242256751068111,0.9857142857142858,0.6736363636363636,"[2, 6, 8, 10, 14, 15, 17, 18, 19]",9,0.8,0.4444444444444444,0.5555555555555556,0.8888888888888888,0.1111111111111111,273.86389803886414
2,30,75,5,0.2,1.0,34.58229546507566,iamb,2.0,10,log_loss,14.969850162019371,0.4328761281083057,0.2055544134383953,1.0,0.6599494949494948,"[2, 6, 8, 10, 14, 16, 19, 22, 29]",9,1.0,0.5555555555555556,0.4444444444444444,0.8888888888888888,0.1111111111111111,362.0639591217041
2,30,75,5,0.2,1.0,34.58229546507566,bootstrap_l1,2.0,10,log_loss,1.2142506998715905,0.03511191734215131,0.3110112968405049,0.9892857142857142,0.6700000000000002,"[10, 14, 15, 16, 17, 18, 19, 23, 28]",9,0.4,0.2222222222222222,0.7777777777777778,0.7777777777777778,0.2222222222222222,439.14676666259766
