seed,p,n,k_star,p_edge,noise_scale,mu_scale,q_source,K_multiplier,K,criterion,mu_star,mu_star_relative,log_loss_star,auc_star,stability_star,support,k_actual,S_recall,S_precision,C_inclusion,causal_precision,correlate_inclusion,fit_seconds
1,30,500,5,0.2,1.0,221.45177215226406,oracle,2.0,10,log_loss,0.0,0.0,0.07653555055130998,0.9965599999999999,0.6923809523809522,"[1, 7, 9, 11, 12, 13, 15, 27]",8,1.0,0.625,0.375,1.0,0.0,398.07452416419983
1,30,500,5,0.2,1.0,221.45177215226406,uniform,2.0,10,log_loss,0.0,0.0,0.08425697727943952,0.99672,0.6672222222222223,"[1, 7, 9, 11, 12, 13, 15, 27]",8,1.0,0.625,0.375,1.0,0.0,345.9115700721741
1,30,500,5,0.2,1.0,221.45177215226406,adversarial,2.0,10,log_loss,0.0,0.0,0.08454219650617964,0.9964000000000001,0.7164141414141414,"[1, 7, 9, 11, 12, 13, 15, 27]",8,1.0,0.625,0.375,1.0,0.0,308.8036599159241
1,30,500,5,0.2,1.0,221.45177215226406,pc,2.0,10,log_loss,95.86118569199479,0.4328761281083057,0.07448819807749966,0.9970399999999999,0.7009920634920636,"[1, 7, 9, 13, 15, 26, 27]",7,1.0,0.7142857142857143,0.2857142857142857,0.8571428571428571,0.14285714285714285,352.2001919746399
1,30,500,5,0.2,1.0,221.45177215226406,ges,2.0,10,log_loss,2214.5177215226404,10.0,0.0672759528413672,0.99696,0.8333333333333333,"[1, 7, 9, 11, 12, 13, 15, 27]",8,1.0,0.625,0.375,1.0,0.0,343.2598400115967
1,30,500,5,0.2,1.0,221.45177215226406,iamb,2.0,10,log_loss,27.301609524158604,0.1232846739442066,0.06145468017529624,0.99688,0.925,"[1, 7, 9, 11, 12, 13, 15, 27]",8,1.0,0.625,0.375,1.0,0.0,572.8663458824158
1,30,500,5,0.2,1.0,221.45177215226406,bootstrap_l1,2.0,10,log_loss,0.0,0.0,0.06364191479421703,0.9973600000000001,0.6966666666666667,"[1, 7, 9, 11, 12, 13, 15, 27]",8,1.0,0.625,0.375,1.0,0.0,574.5876080989838
