seed,p,n,k_star,p_edge,noise_scale,mu_scale,q_source,K_multiplier,K,criterion,mu_star,mu_star_relative,log_loss_star,auc_star,stability_star,support,k_actual,S_recall,S_precision,C_inclusion,causal_precision,correlate_inclusion,fit_seconds
9,30,1000,5,0.2,1.0,1517.7698565872447,oracle,2.0,10,log_loss,15.177698565872447,0.01,0.02941471873161907,0.9996599999999999,0.603917748917749,"[5, 16, 18, 19, 20, 23, 24, 25, 29]",9,1.0,0.5555555555555556,0.4444444444444444,0.8888888888888888,0.1111111111111111,470.28195095062256
9,30,1000,5,0.2,1.0,1517.7698565872447,uniform,2.0,10,log_loss,0.0,0.0,0.03766592930022778,0.99946,0.44260905760905767,"[5, 16, 18, 20, 24, 29]",6,1.0,0.8333333333333334,0.16666666666666666,1.0,0.0,505.6351659297943
9,30,1000,5,0.2,1.0,1517.7698565872447,adversarial,2.0,10,log_loss,0.0,0.0,0.03373095008904868,0.9995200000000001,0.556060606060606,"[5, 16, 18, 20, 24, 29]",6,1.0,0.8333333333333334,0.16666666666666666,1.0,0.0,490.2618730068207
9,30,1000,5,0.2,1.0,1517.7698565872447,pc,2.0,10,log_loss,15.177698565872447,0.01,0.029815040125643594,0.9996,0.5465656565656565,"[1, 5, 13, 16, 18, 19, 20, 24, 29]",9,1.0,0.5555555555555556,0.4444444444444444,1.0,0.0,450.02011489868164
9,30,1000,5,0.2,1.0,1517.7698565872447,ges,2.0,10,log_loss,53.29180974890018,0.03511191734215131,0.02930299101333763,0.9994799999999999,0.6696428571428571,"[1, 5, 16, 18, 20, 21, 29]",7,1.0,0.7142857142857143,0.2857142857142857,1.0,0.0,484.3033118247986
9,30,1000,5,0.2,1.0,1517.7698565872447,iamb,2.0,10,log_loss,53.29180974890018,0.03511191734215131,0.027027134295028055,0.99982,0.6822222222222223,"[5, 8, 16, 18, 20, 29]",6,1.0,0.8333333333333334,0.16666666666666666,1.0,0.0,461.0890588760376
9,30,1000,5,0.2,1.0,1517.7698565872447,bootstrap_l1,2.0,10,log_loss,53.29180974890018,0.03511191734215131,0.026456367985292346,0.9998000000000001,0.6412698412698413,"[5, 18, 20, 24, 29]",5,0.8,0.8,0.2,1.0,0.0,524.122673034668
