seed,p,n,k_star,p_edge,noise_scale,mu_scale,q_source,K_multiplier,K,criterion,mu_star,mu_star_relative,log_loss_star,auc_star,stability_star,support,k_actual,S_recall,S_precision,C_inclusion,causal_precision,correlate_inclusion,fit_seconds
1,30,300,7,0.2,1.0,114.99684669409663,oracle,2.0,14,log_loss,1.1499684669409664,0.01,0.060299530643814936,0.9979999999999999,0.6722943722943724,"[0, 1, 2, 5, 6, 7, 8, 13, 15, 16, 18, 27, 28]",13,1.0,0.5384615384615384,0.38461538461538464,0.8461538461538461,0.07692307692307693,593.9134910106659
1,30,300,7,0.2,1.0,114.99684669409663,uniform,2.0,14,log_loss,0.0,0.0,0.10923402699380322,0.9953333333333333,0.6532051282051282,"[0, 1, 2, 5, 13, 15, 16, 18, 22, 25, 27]",11,0.8571428571428571,0.5454545454545454,0.36363636363636365,0.8181818181818182,0.09090909090909091,566.3494899272919
1,30,300,7,0.2,1.0,114.99684669409663,adversarial,2.0,14,log_loss,0.0,0.0,0.0704023281213542,0.9982222222222223,0.5972899159663865,"[0, 1, 2, 5, 13, 15, 16, 18, 22, 25, 27]",11,0.8571428571428571,0.5454545454545454,0.36363636363636365,0.8181818181818182,0.09090909090909091,495.2315979003906
1,30,300,7,0.2,1.0,114.99684669409663,pc,2.0,14,log_loss,93.27748779717686,0.8111308307896868,0.06339323283852888,0.9982222222222223,0.7408841158841157,"[0, 1, 2, 3, 5, 6, 8, 12, 13, 15, 16, 18, 24]",13,0.7142857142857143,0.38461538461538464,0.5384615384615384,0.7692307692307693,0.15384615384615385,498.3062949180603
1,30,300,7,0.2,1.0,114.99684669409663,ges,2.0,14,log_loss,14.177348749293614,0.12328467394420659,0.052103003523131575,0.9988888888888889,0.6634848484848485,"[1, 2, 5, 6, 7, 13, 15, 16, 18, 27]",10,1.0,0.7,0.3,1.0,0.0,970.1042520999908
1,30,300,7,0.2,1.0,114.99684669409663,iamb,2.0,14,log_loss,7.566024617089898,0.0657933224657568,0.04269692482604941,0.9982222222222223,0.755,"[1, 2, 5, 8, 13, 15, 16, 18, 22, 27, 28]",11,0.8571428571428571,0.5454545454545454,0.45454545454545453,0.8181818181818182,0.18181818181818182,569.8740191459656
1,30,300,7,0.2,1.0,114.99684669409663,bootstrap_l1,2.0,14,log_loss,49.779389741604966,0.4328761281083057,0.04877567459422927,0.9993333333333332,0.7927156177156177,"[0, 1, 2, 5, 6, 8, 13, 15, 16, 18, 27]",11,0.8571428571428571,0.5454545454545454,0.36363636363636365,0.9090909090909091,0.0,543.1491868495941
