seed,p,n,k_star,p_edge,noise_scale,mu_scale,q_source,K_multiplier,K,criterion,mu_star,mu_star_relative,log_loss_star,auc_star,stability_star,support,k_actual,S_recall,S_precision,C_inclusion,causal_precision,correlate_inclusion,fit_seconds
8,30,100,5,0.2,1.0,148.86498336046327,oracle,2.0,10,log_loss,1.4886498336046328,0.01,0.1981216927926961,0.994,0.488030303030303,"[3, 5, 6, 23, 25]",5,0.6,0.6,0.4,0.8,0.2,244.48338508605957
8,30,100,5,0.2,1.0,148.86498336046327,uniform,2.0,10,log_loss,0.0,0.0,0.448272760121435,0.976,0.32121212121212117,"[3, 5, 6, 9, 10, 16, 25, 28]",8,0.6,0.375,0.625,0.875,0.125,255.20406007766724
8,30,100,5,0.2,1.0,148.86498336046327,adversarial,2.0,10,log_loss,0.0,0.0,0.4823006665410688,0.9860000000000001,0.338030303030303,"[3, 5, 6, 9, 10, 16, 25, 28]",8,0.6,0.375,0.625,0.875,0.125,258.6331079006195
8,30,100,5,0.2,1.0,148.86498336046327,pc,2.0,10,log_loss,64.4400976079847,0.4328761281083057,0.263411493364181,0.9960000000000001,0.3787143412143412,"[3, 6, 20, 23, 25, 28]",6,0.6,0.5,0.5,0.8333333333333334,0.16666666666666666,245.35326409339905
8,30,100,5,0.2,1.0,148.86498336046327,ges,2.0,10,log_loss,794.447642253324,5.336699231206307,0.11436466506420243,0.9960000000000001,0.6513888888888888,"[3, 5, 6, 9, 25]",5,0.6,0.6,0.4,1.0,0.0,259.1922402381897
8,30,100,5,0.2,1.0,148.86498336046327,iamb,2.0,10,log_loss,18.352770935304452,0.12328467394420659,0.12977666231902135,0.9960000000000001,0.618452380952381,"[3, 5, 6, 9, 16, 25]",6,0.6,0.5,0.5,0.8333333333333334,0.16666666666666666,252.84636902809143
8,30,100,5,0.2,1.0,148.86498336046327,bootstrap_l1,2.0,10,log_loss,5.226934990893316,0.03511191734215131,0.2347091516409079,0.998,0.5476587301587301,"[3, 5, 6, 9, 16, 25]",6,0.6,0.5,0.5,0.8333333333333334,0.16666666666666666,256.9434759616852
