seed,p,n,k_star,p_edge,noise_scale,mu_scale,q_source,K_multiplier,K,criterion,mu_star,mu_star_relative,log_loss_star,auc_star,stability_star,support,k_actual,S_recall,S_precision,C_inclusion,causal_precision,correlate_inclusion,fit_seconds
3,30,300,5,0.1,1.0,44.485001098932514,oracle,2.0,10,log_loss,0.0,0.0,0.17911295071226732,0.9837777777777778,0.5935198135198136,"[1, 3, 7, 10, 15, 16, 24, 27, 28, 29]",10,1.0,0.5,0.4,0.8,0.1,415.69487595558167
3,30,300,5,0.1,1.0,44.485001098932514,uniform,2.0,10,log_loss,0.0,0.0,0.14717078921059973,0.9875555555555555,0.5660173160173161,"[1, 3, 7, 10, 15, 16, 24, 27, 28, 29]",10,1.0,0.5,0.4,0.8,0.1,493.1511309146881
3,30,300,5,0.1,1.0,44.485001098932514,adversarial,2.0,10,log_loss,0.44485001098932514,0.01,0.14566923193818476,0.9879999999999999,0.6543434343434343,"[1, 3, 7, 15, 16, 18, 24, 27, 28, 29]",10,1.0,0.5,0.4,0.7,0.2,478.1995289325714
3,30,300,5,0.1,1.0,44.485001098932514,pc,2.0,10,log_loss,237.40307116488486,5.336699231206307,0.12692178888846015,0.9926666666666666,0.6542929292929293,"[1, 3, 7, 11, 15, 16, 25]",7,1.0,0.7142857142857143,0.2857142857142857,1.0,0.0,368.2127559185028
3,30,300,5,0.1,1.0,44.485001098932514,ges,2.0,10,log_loss,36.08315589905726,0.8111308307896868,0.1482028732156913,0.9893333333333334,0.6597979797979797,"[1, 3, 7, 10, 11, 15, 16, 24, 29]",9,1.0,0.5555555555555556,0.4444444444444444,0.8888888888888888,0.1111111111111111,187.7285499572754
3,30,300,5,0.1,1.0,44.485001098932514,iamb,2.0,10,log_loss,36.08315589905726,0.8111308307896868,0.12253897107747484,0.9928888888888888,0.6777777777777778,"[1, 3, 7, 11, 15, 16, 25]",7,1.0,0.7142857142857143,0.2857142857142857,1.0,0.0,235.92658591270447
3,30,300,5,0.1,1.0,44.485001098932514,bootstrap_l1,2.0,10,log_loss,36.08315589905726,0.8111308307896868,0.12392801287610229,0.9931111111111111,0.6218181818181818,"[1, 3, 7, 15, 16, 17, 25, 27, 28, 29]",10,1.0,0.5,0.4,0.8,0.1,217.98276710510254
