seed,p,n,k_star,p_edge,noise_scale,mu_scale,q_source,K_multiplier,K,criterion,mu_star,mu_star_relative,log_loss_star,auc_star,stability_star,support,k_actual,S_recall,S_precision,C_inclusion,causal_precision,correlate_inclusion,fit_seconds
9,30,300,5,0.1,1.0,64.10163624590263,oracle,2.0,10,log_loss,1.2011476283143103,0.01873817422860384,0.08445843558321128,0.9948888888888889,0.4368814518814519,"[2, 5, 11, 16, 17, 18, 20, 25, 28, 29]",10,1.0,0.5,0.4,0.7,0.2,264.3615491390228
9,30,300,5,0.1,1.0,64.10163624590263,uniform,2.0,10,log_loss,0.0,0.0,0.09771844828921336,0.994,0.47876456876456874,"[1, 3, 5, 8, 16, 18, 20, 24, 28]",9,0.8,0.4444444444444444,0.5555555555555556,1.0,0.0,283.4119818210602
9,30,300,5,0.1,1.0,64.10163624590263,adversarial,2.0,10,log_loss,0.6410163624590263,0.01,0.08216054411219331,0.9964444444444445,0.5296148296148298,"[2, 5, 11, 16, 17, 18, 23, 24, 28]",9,0.6,0.3333333333333333,0.6666666666666666,0.6666666666666666,0.3333333333333333,260.19027400016785
9,30,300,5,0.1,1.0,64.10163624590263,pc,2.0,10,log_loss,2.250731353362783,0.03511191734215131,0.0499904525761133,0.9986666666666666,0.5157467532467532,"[2, 5, 11, 16, 17, 18, 21, 28]",8,0.6,0.375,0.625,0.75,0.25,305.247923374176
9,30,300,5,0.1,1.0,64.10163624590263,ges,2.0,10,log_loss,182.563759253755,2.848035868435799,0.08562725246907708,0.9962222222222223,0.6261111111111111,"[5, 16, 18, 20, 28, 29]",6,1.0,0.8333333333333334,0.16666666666666666,1.0,0.0,305.9415531158447
9,30,300,5,0.1,1.0,64.10163624590263,iamb,2.0,10,log_loss,4.217459624109315,0.0657933224657568,0.0524399296985387,0.998,0.5931313131313131,"[2, 5, 11, 16, 17, 18, 20, 25, 28, 29]",10,1.0,0.5,0.4,0.7,0.2,301.5172829627991
9,30,300,5,0.1,1.0,64.10163624590263,bootstrap_l1,2.0,10,log_loss,0.0,0.0,0.09349648119490801,0.994,0.46911088911088905,"[1, 3, 5, 8, 16, 18, 20, 24, 28]",9,0.8,0.4444444444444444,0.5555555555555556,1.0,0.0,310.9416708946228
