seed,p,n,k_star,p_edge,noise_scale,mu_scale,q_source,K_multiplier,K,criterion,mu_star,mu_star_relative,log_loss_star,auc_star,stability_star,support,k_actual,S_recall,S_precision,C_inclusion,causal_precision,correlate_inclusion,fit_seconds
8,30,300,5,0.6,1.0,3096.153669553574,oracle,2.0,10,log_loss,0.0,0.0,0.1288137717984328,0.992,0.37500000000000006,"[3, 5, 8, 19]",4,0.2,0.25,0.75,1.0,0.0,322.3360741138458
8,30,300,5,0.6,1.0,3096.153669553574,uniform,2.0,10,log_loss,0.0,0.0,0.09371162729892628,0.9955555555555555,0.3786904761904762,"[3, 5, 8, 19]",4,0.2,0.25,0.75,1.0,0.0,349.0542769432068
8,30,300,5,0.6,1.0,3096.153669553574,adversarial,2.0,10,log_loss,30.96153669553574,0.01,0.0447022549858733,0.9984444444444444,0.6023809523809522,"[3, 17, 19, 23, 28]",5,0.0,0.0,1.0,1.0,0.0,337.1579530239105
8,30,300,5,0.6,1.0,3096.153669553574,pc,2.0,10,log_loss,30.96153669553574,0.01,0.09298802254376866,0.9951111111111111,0.39416666666666667,"[8, 9, 16, 17, 19, 23, 28]",7,0.0,0.0,1.0,1.0,0.0,337.3124783039093
8,30,300,5,0.6,1.0,3096.153669553574,ges,2.0,10,log_loss,0.0,0.0,0.1471463991706347,0.9888888888888889,0.26000000000000006,"[3, 5, 8, 19]",4,0.2,0.25,0.75,1.0,0.0,358.92821288108826
8,30,300,5,0.6,1.0,3096.153669553574,iamb,2.0,10,log_loss,0.0,0.0,0.116925565946371,0.9942222222222222,0.2761111111111111,"[3, 5, 8, 19]",4,0.2,0.25,0.75,1.0,0.0,338.14597511291504
8,30,300,5,0.6,1.0,3096.153669553574,bootstrap_l1,2.0,10,log_loss,0.0,0.0,0.12253566563342648,0.99,0.3171428571428571,"[3, 5, 8, 19]",4,0.2,0.25,0.75,1.0,0.0,341.42497277259827
