seed,p,n,k_star,p_edge,noise_scale,mu_scale,q_source,K_multiplier,K,criterion,mu_star,mu_star_relative,log_loss_star,auc_star,stability_star,support,k_actual,S_recall,S_precision,C_inclusion,causal_precision,correlate_inclusion,fit_seconds
7,30,1000,5,0.2,1.0,381.8791310901434,oracle,2.0,10,log_loss,3.818791310901434,0.01,0.0780912105713345,0.99566,0.6924242424242425,"[0, 6, 9, 14, 17, 18, 19, 22, 23, 29]",10,1.0,0.5,0.5,1.0,0.0,447.56272196769714
7,30,1000,5,0.2,1.0,381.8791310901434,uniform,2.0,10,log_loss,0.0,0.0,0.09545655681604903,0.9946200000000001,0.8423232323232324,"[0, 4, 6, 9, 14, 17, 18, 22, 26, 29]",10,0.8,0.4,0.6,1.0,0.0,466.83808612823486
7,30,1000,5,0.2,1.0,381.8791310901434,adversarial,2.0,10,log_loss,0.0,0.0,0.08036967159095958,0.9961599999999999,0.6743589743589744,"[0, 4, 6, 9, 14, 17, 18, 22, 26, 29]",10,0.8,0.4,0.6,1.0,0.0,466.12108087539673
7,30,1000,5,0.2,1.0,381.8791310901434,pc,2.0,10,log_loss,3.818791310901434,0.01,0.06071004118671843,0.99756,0.6066233766233766,"[4, 6, 9, 14, 17, 18, 22, 25, 29]",9,0.8,0.4444444444444444,0.5555555555555556,1.0,0.0,492.00147104263306
7,30,1000,5,0.2,1.0,381.8791310901434,ges,2.0,10,log_loss,3.818791310901434,0.01,0.05392000103029415,0.9988199999999999,0.7543939393939395,"[0, 6, 9, 14, 17, 18, 21, 22, 23, 26]",10,1.0,0.5,0.5,1.0,0.0,488.24592995643616
7,30,1000,5,0.2,1.0,381.8791310901434,iamb,2.0,10,log_loss,3.818791310901434,0.01,0.0516126979585256,0.9989399999999999,0.591025641025641,"[4, 6, 9, 14, 17, 18, 20, 22, 23, 28]",10,1.0,0.5,0.5,1.0,0.0,478.25691509246826
7,30,1000,5,0.2,1.0,381.8791310901434,bootstrap_l1,2.0,10,log_loss,25.125096814756816,0.0657933224657568,0.06403463564491418,0.9982,0.6635780885780885,"[4, 6, 9, 12, 17, 18, 22, 26, 27, 29]",10,0.8,0.4,0.6,1.0,0.0,437.77616906166077
