seed,p,n,k_star,p_edge,noise_scale,mu_scale,q_source,K_multiplier,K,criterion,mu_star,mu_star_relative,log_loss_star,auc_star,stability_star,support,k_actual,S_recall,S_precision,C_inclusion,causal_precision,correlate_inclusion,fit_seconds
5,30,300,5,0.7,1.0,8869.22174454897,oracle,2.0,10,log_loss,88.6922174454897,0.01,0.0785190027395354,0.9977777777777778,0.4699999999999999,"[3, 20, 22]",3,0.4,0.6666666666666666,0.3333333333333333,1.0,0.0,347.99564599990845
5,30,300,5,0.7,1.0,8869.22174454897,uniform,2.0,10,log_loss,0.0,0.0,0.23703914391593836,0.9957777777777779,0.2558730158730159,"[3, 19]",2,0.0,0.0,1.0,1.0,0.0,373.308797121048
5,30,300,5,0.7,1.0,8869.22174454897,adversarial,2.0,10,log_loss,0.0,0.0,0.2991916655943424,0.9886666666666667,0.16333333333333333,"[3, 19]",2,0.0,0.0,1.0,1.0,0.0,379.6567311286926
5,30,300,5,0.7,1.0,8869.22174454897,pc,2.0,10,log_loss,166.1930223214803,0.01873817422860384,0.21280146112610673,0.994,0.32666666666666666,"[5, 20]",2,0.2,0.5,0.5,1.0,0.0,326.9626770019531
5,30,300,5,0.7,1.0,8869.22174454897,ges,2.0,10,log_loss,0.0,0.0,0.23274781297224845,0.9906666666666666,0.20968253968253964,"[3, 19]",2,0.0,0.0,1.0,1.0,0.0,428.76579189300537
5,30,300,5,0.7,1.0,8869.22174454897,iamb,2.0,10,log_loss,88.6922174454897,0.01,0.06411908529548713,0.9986666666666666,0.7166666666666667,"[3, 6, 20, 22]",4,0.4,0.5,0.5,1.0,0.0,331.9547379016876
5,30,300,5,0.7,1.0,8869.22174454897,bootstrap_l1,2.0,10,log_loss,88.6922174454897,0.01,0.06021834188160241,0.9982222222222223,0.6333333333333334,"[3, 6, 14, 20]",4,0.2,0.25,0.75,1.0,0.0,361.86278915405273
