seed,p,n,k_star,p_edge,noise_scale,mu_scale,q_source,K_multiplier,K,criterion,mu_star,mu_star_relative,log_loss_star,auc_star,stability_star,support,k_actual,S_recall,S_precision,C_inclusion,causal_precision,correlate_inclusion,fit_seconds
4,30,100,5,0.2,1.0,39.8819056013113,oracle,2.0,10,log_loss,2.6239630757759467,0.0657933224657568,0.10347024514396223,0.9960000000000001,0.6015151515151516,"[1, 4, 7, 8, 20, 24, 27, 29]",8,1.0,0.625,0.375,1.0,0.0,201.00568389892578
4,30,100,5,0.2,1.0,39.8819056013113,uniform,2.0,10,log_loss,0.0,0.0,0.1847573793673784,0.986,0.466010101010101,"[1, 4, 9, 20, 24, 27]",6,0.4,0.3333333333333333,0.5,0.8333333333333334,0.0,218.28267884254456
4,30,100,5,0.2,1.0,39.8819056013113,adversarial,2.0,10,log_loss,0.0,0.0,0.38049190610186756,0.984,0.40728438228438224,"[1, 4, 9, 20, 24, 27]",6,0.4,0.3333333333333333,0.5,0.8333333333333334,0.0,210.36402893066406
4,30,100,5,0.2,1.0,39.8819056013113,pc,2.0,10,log_loss,60.61695033271572,1.5199110829529332,0.1211399320329702,0.9960000000000001,0.6076456876456876,"[1, 2, 4, 7, 9, 12, 14, 20, 27, 28]",10,0.6,0.3,0.6,0.8,0.1,215.2945740222931
4,30,100,5,0.2,1.0,39.8819056013113,ges,2.0,10,log_loss,2.6239630757759467,0.0657933224657568,0.05654372531561774,0.994,0.729090909090909,"[1, 2, 4, 7, 8, 20, 24, 27, 29]",9,1.0,0.5555555555555556,0.4444444444444444,1.0,0.0,436.6332178115845
4,30,100,5,0.2,1.0,39.8819056013113,iamb,2.0,10,log_loss,32.3494432238675,0.8111308307896868,0.1579945191112803,0.9940000000000001,0.5823232323232321,"[2, 4, 7, 8, 13, 14, 20, 29]",8,0.8,0.5,0.5,1.0,0.0,465.25343799591064
4,30,100,5,0.2,1.0,39.8819056013113,bootstrap_l1,2.0,10,log_loss,17.263924878276587,0.4328761281083057,0.08357729439426934,0.994,0.7949999999999999,"[1, 4, 5, 7, 9, 14, 20, 26, 27]",9,0.6,0.3333333333333333,0.5555555555555556,0.8888888888888888,0.0,466.7634172439575
