seed,p,n,k_star,p_edge,noise_scale,mu_scale,q_source,K_multiplier,K,criterion,mu_star,mu_star_relative,log_loss_star,auc_star,stability_star,support,k_actual,S_recall,S_precision,C_inclusion,causal_precision,correlate_inclusion,fit_seconds
9,30,200,5,0.2,1.0,372.75376184785785,oracle,2.0,10,log_loss,0.0,0.0,0.03712281709152672,0.9995,0.34025613275613276,"[5, 8, 16, 18, 20, 21, 26]",7,0.8,0.5714285714285714,0.42857142857142855,1.0,0.0,279.8026008605957
9,30,200,5,0.2,1.0,372.75376184785785,uniform,2.0,10,log_loss,0.0,0.0,0.04733982233501742,0.999,0.3693939393939394,"[5, 8, 16, 18, 20, 21, 26]",7,0.8,0.5714285714285714,0.42857142857142855,1.0,0.0,288.0034899711609
9,30,200,5,0.2,1.0,372.75376184785785,adversarial,2.0,10,log_loss,0.0,0.0,0.07270260522181707,0.9974999999999999,0.44563714063714055,"[5, 8, 16, 18, 20, 21, 26]",7,0.8,0.5714285714285714,0.42857142857142855,1.0,0.0,267.7832918167114
9,30,200,5,0.2,1.0,372.75376184785785,pc,2.0,10,log_loss,86.11095360624611,0.23101297000831592,0.051971395198740736,0.999,0.4875757575757575,"[5, 8, 13, 20, 21, 24, 26]",7,0.4,0.2857142857142857,0.7142857142857143,1.0,0.0,271.3635621070862
9,30,200,5,0.2,1.0,372.75376184785785,ges,2.0,10,log_loss,0.0,0.0,0.03616617641499745,0.9974999999999999,0.47094155844155833,"[5, 8, 16, 18, 20, 21, 26]",7,0.8,0.5714285714285714,0.42857142857142855,1.0,0.0,304.98501563072205
9,30,200,5,0.2,1.0,372.75376184785785,iamb,2.0,10,log_loss,3.7275376184785785,0.01,0.017670221909509353,1.0,0.7404761904761904,"[5, 8, 16, 18, 20, 21]",6,0.8,0.6666666666666666,0.3333333333333333,1.0,0.0,313.29706597328186
9,30,200,5,0.2,1.0,372.75376184785785,bootstrap_l1,2.0,10,log_loss,0.0,0.0,0.03308277284957599,0.9995,0.5557828282828282,"[5, 8, 16, 18, 20, 21, 26]",7,0.8,0.5714285714285714,0.42857142857142855,1.0,0.0,296.7675189971924
