seed,p,n,k_star,p_edge,noise_scale,mu_scale,q_source,K_multiplier,K,criterion,mu_star,mu_star_relative,log_loss_star,auc_star,stability_star,support,k_actual,S_recall,S_precision,C_inclusion,causal_precision,correlate_inclusion,fit_seconds
12,30,300,5,0.6,1.0,4266.539078427771,oracle,2.0,10,log_loss,0.0,0.0,0.14844512572149243,0.9746666666666666,0.2796428571428571,"[6, 11, 17, 25, 26]",5,0.2,0.2,0.8,1.0,0.0,308.8481967449188
12,30,300,5,0.6,1.0,4266.539078427771,uniform,2.0,10,log_loss,0.0,0.0,0.11499534726907087,0.9933333333333334,0.292063492063492,"[6, 11, 17, 25, 26]",5,0.2,0.2,0.8,1.0,0.0,336.7228229045868
12,30,300,5,0.6,1.0,4266.539078427771,adversarial,2.0,10,log_loss,42.665390784277704,0.01,0.11271603604085687,0.9931111111111111,0.35619047619047617,"[3, 6, 12, 17]",4,0.0,0.0,1.0,1.0,0.0,338.7920358181
12,30,300,5,0.6,1.0,4266.539078427771,pc,2.0,10,log_loss,0.0,0.0,0.14855987402377976,0.9806666666666668,0.22928571428571426,"[6, 11, 17, 25, 26]",5,0.2,0.2,0.8,1.0,0.0,278.12072706222534
12,30,300,5,0.6,1.0,4266.539078427771,ges,2.0,10,log_loss,42.665390784277704,0.01,0.021369220056112317,1.0,0.5904761904761904,"[0, 5, 8, 26, 29]",5,0.8,0.8,0.2,1.0,0.0,330.55437898635864
12,30,300,5,0.6,1.0,4266.539078427771,iamb,2.0,10,log_loss,42.665390784277704,0.01,0.1751869730039482,0.974,0.23761904761904762,"[8, 11, 27, 29]",4,0.6,0.75,0.25,1.0,0.0,348.06883931159973
12,30,300,5,0.6,1.0,4266.539078427771,bootstrap_l1,2.0,10,log_loss,42.665390784277704,0.01,0.11356043180669435,0.9962222222222221,0.6952380952380952,"[0, 6, 17, 24, 26]",5,0.2,0.2,0.8,1.0,0.0,312.10899925231934
