seed,p,n,k_star,p_edge,noise_scale,mu_scale,q_source,K_multiplier,K,criterion,mu_star,mu_star_relative,log_loss_star,auc_star,stability_star,support,k_actual,S_recall,S_precision,C_inclusion,causal_precision,correlate_inclusion,fit_seconds
8,30,300,5,0.3,1.0,904.1605950246252,oracle,2.0,10,log_loss,16.942318760209545,0.01873817422860384,0.058616228934740985,0.9982222222222223,0.4147619047619048,"[5, 6, 9, 17, 19, 23]",6,0.4,0.3333333333333333,0.6666666666666666,1.0,0.0,314.3890378475189
8,30,300,5,0.3,1.0,904.1605950246252,uniform,2.0,10,log_loss,0.0,0.0,0.01433748476485768,0.9997777777777778,0.5634920634920635,"[3, 5, 6, 9, 15, 17, 23]",7,0.4,0.2857142857142857,0.7142857142857143,1.0,0.0,329.34607219696045
8,30,300,5,0.3,1.0,904.1605950246252,adversarial,2.0,10,log_loss,9.041605950246252,0.01,0.07797913070134652,0.9966666666666667,0.39469336219336215,"[3, 9, 10, 15, 17, 23]",6,0.0,0.0,1.0,1.0,0.0,314.98917388916016
8,30,300,5,0.3,1.0,904.1605950246252,pc,2.0,10,log_loss,0.0,0.0,0.04866150640849504,0.9986666666666666,0.531962481962482,"[3, 5, 6, 9, 15, 17, 23]",7,0.4,0.2857142857142857,0.7142857142857143,1.0,0.0,298.6290121078491
8,30,300,5,0.3,1.0,904.1605950246252,ges,2.0,10,log_loss,31.746812076534983,0.03511191734215131,0.038434146791171596,0.9977777777777778,0.5516666666666666,"[2, 3, 5, 6, 23, 25, 27]",7,0.6,0.42857142857142855,0.5714285714285714,1.0,0.0,346.57832503318787
8,30,300,5,0.3,1.0,904.1605950246252,iamb,2.0,10,log_loss,9.041605950246252,0.01,0.0423029568800584,0.9986666666666666,0.6033333333333333,"[3, 5, 6, 10]",4,0.4,0.5,0.5,1.0,0.0,278.52952122688293
8,30,300,5,0.3,1.0,904.1605950246252,bootstrap_l1,2.0,10,log_loss,0.0,0.0,0.0390169104550727,0.9997777777777778,0.41167748917748914,"[3, 5, 6, 9, 15, 17, 23]",7,0.4,0.2857142857142857,0.7142857142857143,1.0,0.0,331.1946659088135
