seed,p,n,k_star,p_edge,noise_scale,mu_scale,q_source,K_multiplier,K,criterion,mu_star,mu_star_relative,log_loss_star,auc_star,stability_star,support,k_actual,S_recall,S_precision,C_inclusion,causal_precision,correlate_inclusion,fit_seconds
6,15,300,5,0.2,1.0,283.9036534656313,oracle,2.0,10,log_loss,0.0,0.0,0.09128243147105056,0.9962222222222221,0.6980194805194805,"[0, 1, 2, 3, 6, 9, 14]",7,1.0,0.7142857142857143,0.2857142857142857,0.8571428571428571,0.14285714285714285,196.5570318698883
6,15,300,5,0.2,1.0,283.9036534656313,uniform,2.0,10,log_loss,0.0,0.0,0.09735475477692719,0.998,0.6883549783549784,"[0, 1, 2, 3, 6, 9, 14]",7,1.0,0.7142857142857143,0.2857142857142857,0.8571428571428571,0.14285714285714285,205.87243914604187
6,15,300,5,0.2,1.0,283.9036534656313,adversarial,2.0,10,log_loss,5.3198361227761675,0.01873817422860384,0.1145956995859941,0.9946666666666667,0.5671212121212121,"[0, 1, 3, 5, 6, 12, 13]",7,0.6,0.42857142857142855,0.5714285714285714,0.5714285714285714,0.42857142857142855,231.51609587669373
6,15,300,5,0.2,1.0,283.9036534656313,pc,2.0,10,log_loss,5.3198361227761675,0.01873817422860384,0.06992021107734453,0.9962222222222221,0.7584920634920634,"[0, 1, 2, 3, 6, 9, 14]",7,1.0,0.7142857142857143,0.2857142857142857,0.8571428571428571,0.14285714285714285,208.1147599220276
6,15,300,5,0.2,1.0,283.9036534656313,ges,2.0,10,log_loss,65.58542618330719,0.2310129700083159,0.06316207666533102,0.9971111111111111,0.95,"[0, 1, 3, 4, 6, 9, 14]",7,1.0,0.7142857142857143,0.2857142857142857,1.0,0.0,210.0654730796814
6,15,300,5,0.2,1.0,283.9036534656313,iamb,2.0,10,log_loss,122.89511426800465,0.4328761281083057,0.07509189198627686,0.9964444444444445,0.8142857142857143,"[1, 3, 6, 9, 14]",5,1.0,1.0,0.0,1.0,0.0,215.6192021369934
6,15,300,5,0.2,1.0,283.9036534656313,bootstrap_l1,2.0,10,log_loss,5.3198361227761675,0.01873817422860384,0.08706849514923834,0.9955555555555555,0.8125,"[0, 1, 3, 6, 9, 10, 14]",7,1.0,0.7142857142857143,0.2857142857142857,1.0,0.0,224.7365219593048
