seed,p,n,k_star,p_edge,noise_scale,mu_scale,q_source,K_multiplier,K,criterion,mu_star,mu_star_relative,log_loss_star,auc_star,stability_star,support,k_actual,S_recall,S_precision,C_inclusion,causal_precision,correlate_inclusion,fit_seconds
2,20,300,5,0.2,1.0,89.04024924580204,oracle,2.0,10,log_loss,0.0,0.0,0.08682955608251565,0.9953333333333333,0.5271828171828171,"[2, 3, 10, 11, 13, 14, 15, 17]",8,1.0,0.625,0.375,1.0,0.0,239.0742268562317
2,20,300,5,0.2,1.0,89.04024924580204,uniform,2.0,10,log_loss,0.0,0.0,0.08935193440754045,0.9951111111111111,0.5727272727272728,"[2, 3, 10, 11, 13, 14, 15, 17]",8,1.0,0.625,0.375,1.0,0.0,250.63116812705994
2,20,300,5,0.2,1.0,89.04024924580204,adversarial,2.0,10,log_loss,0.8904024924580205,0.01,0.1083441201132526,0.9944444444444442,0.4918220668220668,"[2, 3, 8, 9, 10, 11, 13, 17]",8,0.6,0.375,0.625,0.875,0.125,255.82583284378052
2,20,300,5,0.2,1.0,89.04024924580204,pc,2.0,10,log_loss,890.4024924580204,10.0,0.0811330234702834,0.9984444444444444,0.6664682539682539,"[3, 11, 14, 15, 17]",5,1.0,1.0,0.0,1.0,0.0,240.04277420043945
2,20,300,5,0.2,1.0,89.04024924580204,ges,2.0,10,log_loss,135.3332616575861,1.5199110829529334,0.11720048721641604,0.9928888888888888,0.6511111111111111,"[3, 11, 14, 15, 17]",5,1.0,1.0,0.0,1.0,0.0,336.2149579524994
2,20,300,5,0.2,1.0,89.04024924580204,iamb,2.0,10,log_loss,10.977298096179592,0.12328467394420659,0.0762674176720112,0.9968888888888889,0.7033730158730159,"[3, 11, 14, 15, 17]",5,1.0,1.0,0.0,1.0,0.0,555.1718978881836
2,20,300,5,0.2,1.0,89.04024924580204,bootstrap_l1,2.0,10,log_loss,0.0,0.0,0.11257027422216428,0.9946666666666666,0.5481235431235432,"[2, 3, 10, 11, 13, 14, 15, 17]",8,1.0,0.625,0.375,1.0,0.0,351.40666484832764
