seed,p,n,k_star,p_edge,noise_scale,mu_scale,q_source,K_multiplier,K,criterion,mu_star,mu_star_relative,log_loss_star,auc_star,stability_star,support,k_actual,S_recall,S_precision,C_inclusion,causal_precision,correlate_inclusion,fit_seconds
1,30,1000,5,0.2,1.0,654.4060421232587,oracle,2.0,10,log_loss,0.0,0.0,0.04815456233503213,0.99856,0.8083333333333332,"[1, 7, 13, 15, 27]",5,1.0,1.0,0.0,1.0,0.0,454.4924292564392
1,30,1000,5,0.2,1.0,654.4060421232587,uniform,2.0,10,log_loss,0.0,0.0,0.057246485380695156,0.99778,0.7726190476190478,"[1, 7, 13, 15, 27]",5,1.0,1.0,0.0,1.0,0.0,490.3534619808197
1,30,1000,5,0.2,1.0,654.4060421232587,adversarial,2.0,10,log_loss,0.0,0.0,0.047138023696830025,0.99888,0.9333333333333333,"[1, 7, 13, 15, 27]",5,1.0,1.0,0.0,1.0,0.0,480.4410481452942
1,30,1000,5,0.2,1.0,654.4060421232587,pc,2.0,10,log_loss,80.67823553028467,0.12328467394420659,0.05802544300054825,0.99846,0.7875,"[1, 7, 13, 15, 27]",5,1.0,1.0,0.0,1.0,0.0,548.7435410022736
1,30,1000,5,0.2,1.0,654.4060421232587,ges,2.0,10,log_loss,22.977450859236246,0.03511191734215131,0.05696252191623411,0.9980800000000001,0.8428571428571427,"[1, 7, 13, 15, 27]",5,1.0,1.0,0.0,1.0,0.0,483.25590682029724
1,30,1000,5,0.2,1.0,654.4060421232587,iamb,2.0,10,log_loss,6.544060421232587,0.01,0.0547177764290294,0.9982200000000001,0.8714285714285716,"[1, 7, 13, 15, 27]",5,1.0,1.0,0.0,1.0,0.0,505.3478322029114
1,30,1000,5,0.2,1.0,654.4060421232587,bootstrap_l1,2.0,10,log_loss,12.262374433556685,0.01873817422860384,0.052411420145045476,0.99794,0.85,"[1, 7, 13, 15, 27]",5,1.0,1.0,0.0,1.0,0.0,604.4096686840057
