seed,p,n,k_star,p_edge,noise_scale,mu_scale,q_source,K_multiplier,K,criterion,mu_star,mu_star_relative,log_loss_star,auc_star,stability_star,support,k_actual,S_recall,S_precision,C_inclusion,causal_precision,correlate_inclusion,fit_seconds
2,30,300,5,0.3,1.0,401.54836054154373,oracle,2.0,10,log_loss,0.0,0.0,0.05084610193760693,0.9984444444444444,0.4066666666666666,"[4, 7, 9, 10, 11, 12, 14, 23, 26]",9,0.4,0.2222222222222222,0.7777777777777778,0.7777777777777778,0.2222222222222222,318.3169581890106
2,30,300,5,0.3,1.0,401.54836054154373,uniform,2.0,10,log_loss,0.0,0.0,0.06335299194618962,0.9988888888888889,0.4186013986013986,"[4, 7, 9, 10, 11, 12, 14, 23, 26]",9,0.4,0.2222222222222222,0.7777777777777778,0.7777777777777778,0.2222222222222222,330.04319500923157
2,30,300,5,0.3,1.0,401.54836054154373,adversarial,2.0,10,log_loss,4.0154836054154375,0.01,0.036776985879808335,0.9997777777777778,0.5344444444444445,"[4, 7, 9, 11, 12, 17, 19, 22]",8,0.0,0.0,1.0,0.75,0.25,318.8554971218109
2,30,300,5,0.3,1.0,401.54836054154373,pc,2.0,10,log_loss,49.50475870219493,0.12328467394420659,0.039284575026094795,0.9997777777777778,0.393982128982129,"[4, 7, 14, 27, 29]",5,0.4,0.4,0.6,0.8,0.2,336.310467004776
2,30,300,5,0.3,1.0,401.54836054154373,ges,2.0,10,log_loss,92.76287937067207,0.23101297000831592,0.040659864815355794,0.999111111111111,0.6091414141414141,"[1, 2, 6, 7, 10, 11, 14, 23, 24, 27]",10,0.6,0.3,0.7,0.9,0.1,332.25360584259033
2,30,300,5,0.3,1.0,401.54836054154373,iamb,2.0,10,log_loss,26.419200770705757,0.0657933224657568,0.043186344055943446,0.9986666666666666,0.5008333333333334,"[2, 8, 14, 16, 29]",5,0.8,0.8,0.2,0.8,0.2,303.9785668849945
2,30,300,5,0.3,1.0,401.54836054154373,bootstrap_l1,2.0,10,log_loss,173.82069955946142,0.4328761281083057,0.02794490591311801,0.9995555555555555,0.6533333333333333,"[4, 7, 9, 11, 12, 14, 18, 19]",8,0.2,0.125,0.875,0.75,0.25,306.9039418697357
