seed,p,n,k_star,p_edge,noise_scale,mu_scale,q_source,K_multiplier,K,criterion,mu_star,mu_star_relative,log_loss_star,auc_star,stability_star,support,k_actual,S_recall,S_precision,C_inclusion,causal_precision,correlate_inclusion,fit_seconds
8,30,300,5,0.1,1.0,28.58064772666267,oracle,2.0,10,log_loss,1.0035213405637242,0.03511191734215131,0.09786006083172519,0.9951111111111111,0.5242673992673993,"[5, 6, 7, 19, 20, 25, 26, 27, 29]",9,1.0,0.5555555555555556,0.3333333333333333,0.8888888888888888,0.0,264.8944470882416
8,30,300,5,0.1,1.0,28.58064772666267,uniform,2.0,10,log_loss,0.0,0.0,0.08076210644251239,0.9953333333333333,0.5451981351981352,"[3, 5, 6, 7, 10, 15, 20, 25, 26, 27]",10,1.0,0.5,0.5,0.9,0.1,273.05009508132935
8,30,300,5,0.1,1.0,28.58064772666267,adversarial,2.0,10,log_loss,0.0,0.0,0.08815893982834354,0.9959999999999999,0.538966588966589,"[3, 5, 6, 7, 10, 15, 20, 25, 26, 27]",10,1.0,0.5,0.5,0.9,0.1,285.69929099082947
8,30,300,5,0.1,1.0,28.58064772666267,pc,2.0,10,log_loss,23.182644535035266,0.8111308307896868,0.07736965285170894,0.9975555555555555,0.6093939393939394,"[3, 5, 6, 10, 20, 25, 26, 27]",8,1.0,0.625,0.375,1.0,0.0,297.44757080078125
8,30,300,5,0.1,1.0,28.58064772666267,ges,2.0,10,log_loss,3.523555836095836,0.12328467394420659,0.07107447176809911,0.9966666666666667,0.6323892773892774,"[5, 6, 12, 19, 20, 25, 26, 27, 28]",9,1.0,0.5555555555555556,0.4444444444444444,1.0,0.0,280.0919051170349
8,30,300,5,0.1,1.0,28.58064772666267,iamb,2.0,10,log_loss,1.0035213405637242,0.03511191734215131,0.0677921179388811,0.998,0.6531235431235431,"[5, 6, 7, 19, 20, 25, 26, 27, 29]",9,1.0,0.5555555555555556,0.3333333333333333,0.8888888888888888,0.0,275.3251943588257
8,30,300,5,0.1,1.0,28.58064772666267,bootstrap_l1,2.0,10,log_loss,0.5355491566685554,0.01873817422860384,0.06818037688059835,0.9964444444444445,0.5745587745587747,"[5, 6, 7, 10, 19, 20, 25, 26, 27, 29]",10,1.0,0.5,0.4,0.9,0.0,297.69481015205383
