seed,p,n,k_star,p_edge,noise_scale,mu_scale,q_source,K_multiplier,K,criterion,mu_star,mu_star_relative,log_loss_star,auc_star,stability_star,support,k_actual,S_recall,S_precision,C_inclusion,causal_precision,correlate_inclusion,fit_seconds
9,15,300,5,0.2,1.0,164.66292975892225,oracle,2.0,10,log_loss,0.0,0.0,0.07299479788559353,0.9971111111111111,0.6986616161616162,"[0, 1, 4, 6, 7, 8, 10, 12]",8,1.0,0.625,0.375,1.0,0.0,194.95495581626892
9,15,300,5,0.2,1.0,164.66292975892225,uniform,2.0,10,log_loss,0.0,0.0,0.09061692320878106,0.9964444444444445,0.6288383838383838,"[0, 1, 4, 6, 7, 8, 10, 12]",8,1.0,0.625,0.375,1.0,0.0,202.42212891578674
9,15,300,5,0.2,1.0,164.66292975892225,adversarial,2.0,10,log_loss,0.0,0.0,0.05979296849229743,0.9991111111111112,0.6626184926184926,"[0, 1, 4, 6, 7, 8, 10, 12]",8,1.0,0.625,0.375,1.0,0.0,235.04576897621155
9,15,300,5,0.2,1.0,164.66292975892225,pc,2.0,10,log_loss,468.96593015513514,2.848035868435799,0.05935690944071411,0.998,0.6799999999999999,"[0, 1, 4, 5, 6, 7, 8, 10, 12, 13]",10,1.0,0.5,0.5,0.9,0.1,190.10019087791443
9,15,300,5,0.2,1.0,164.66292975892225,ges,2.0,10,log_loss,38.039272453879335,0.23101297000831592,0.058904640185204624,0.9988888888888889,0.7500396825396826,"[1, 4, 6, 7, 8, 10, 12]",7,1.0,0.7142857142857143,0.2857142857142857,1.0,0.0,205.2299988269806
9,15,300,5,0.2,1.0,164.66292975892225,iamb,2.0,10,log_loss,5.781631179011744,0.03511191734215131,0.05367635940648602,0.9984444444444446,0.7180555555555556,"[0, 1, 4, 6, 7, 8, 10, 14]",8,1.0,0.625,0.375,1.0,0.0,210.23651814460754
9,15,300,5,0.2,1.0,164.66292975892225,bootstrap_l1,2.0,10,log_loss,38.039272453879335,0.23101297000831592,0.07235276197754148,0.9968888888888889,0.8275757575757575,"[0, 1, 6, 7, 8, 10, 11, 12]",8,0.8,0.5,0.5,1.0,0.0,213.8423490524292
