seed,p,n,k_star,p_edge,noise_scale,mu_scale,q_source,K_multiplier,K,criterion,mu_star,mu_star_relative,log_loss_star,auc_star,stability_star,support,k_actual,S_recall,S_precision,C_inclusion,causal_precision,correlate_inclusion,fit_seconds
15,30,300,5,0.4,1.0,3555.8872139605205,oracle,2.0,10,log_loss,35.55887213960521,0.01,0.06422029666660403,0.9975555555555555,0.43999999999999995,"[0, 6, 10, 11, 17, 25, 28]",7,1.0,0.7142857142857143,0.2857142857142857,1.0,0.0,299.4205198287964
15,30,300,5,0.4,1.0,3555.8872139605205,uniform,2.0,10,log_loss,0.0,0.0,0.20458885092743923,0.9891111111111112,0.5067857142857143,"[8, 10, 12]",3,0.2,0.3333333333333333,0.6666666666666666,1.0,0.0,302.72305703163147
15,30,300,5,0.4,1.0,3555.8872139605205,adversarial,2.0,10,log_loss,0.0,0.0,0.3630671012276576,0.9848888888888888,0.45999999999999996,"[8, 10, 12]",3,0.2,0.3333333333333333,0.6666666666666666,1.0,0.0,314.7138817310333
15,30,300,5,0.4,1.0,3555.8872139605205,pc,2.0,10,log_loss,0.0,0.0,0.2275947932448453,0.9917777777777778,0.3457142857142857,"[8, 10, 12]",3,0.2,0.3333333333333333,0.6666666666666666,1.0,0.0,265.10814595222473
15,30,300,5,0.4,1.0,3555.8872139605205,ges,2.0,10,log_loss,35.55887213960521,0.01,0.025434349057033817,1.0,0.43285714285714294,"[4, 5, 6, 17]",4,0.4,0.5,0.5,1.0,0.0,307.288889169693
15,30,300,5,0.4,1.0,3555.8872139605205,iamb,2.0,10,log_loss,35.55887213960521,0.01,0.0429561186586774,0.9995555555555555,0.5513888888888889,"[0, 2, 6, 10, 23, 28]",6,0.8,0.6666666666666666,0.3333333333333333,0.8333333333333334,0.16666666666666666,324.62628197669983
15,30,300,5,0.4,1.0,3555.8872139605205,bootstrap_l1,2.0,10,log_loss,0.0,0.0,0.3751310185768034,0.9808888888888889,0.3083333333333333,"[8, 10, 12]",3,0.2,0.3333333333333333,0.6666666666666666,1.0,0.0,316.0072021484375
