seed,p,n,k_star,p_edge,noise_scale,mu_scale,q_source,K_multiplier,K,criterion,mu_star,mu_star_relative,log_loss_star,auc_star,stability_star,support,k_actual,S_recall,S_precision,C_inclusion,causal_precision,correlate_inclusion,fit_seconds
6,30,150,5,0.2,1.0,236.09713849098227,oracle,2.0,10,log_loss,0.0,0.0,0.23050128343814807,0.992,0.4673232323232323,"[9, 10, 11, 13, 14, 20, 21, 23]",8,0.4,0.25,0.75,0.875,0.125,228.84750413894653
6,30,150,5,0.2,1.0,236.09713849098227,uniform,2.0,10,log_loss,0.0,0.0,0.21530002813038385,0.9911111111111112,0.4408702408702408,"[9, 10, 11, 13, 14, 20, 21, 23]",8,0.4,0.25,0.75,0.875,0.125,263.9755070209503
6,30,150,5,0.2,1.0,236.09713849098227,adversarial,2.0,10,log_loss,2.360971384909823,0.01,0.2556127993823095,0.9724444444444444,0.47043650793650793,"[1, 3, 9, 10, 11, 13]",6,0.0,0.0,1.0,0.8333333333333334,0.16666666666666666,275.3920519351959
6,30,150,5,0.2,1.0,236.09713849098227,pc,2.0,10,log_loss,2.360971384909823,0.01,0.28888618976690783,0.9884444444444445,0.4210606060606061,"[1, 3, 9, 10, 11, 13, 14, 15, 20, 21]",10,0.2,0.1,0.9,0.9,0.1,269.5933139324188
6,30,150,5,0.2,1.0,236.09713849098227,ges,2.0,10,log_loss,0.0,0.0,0.2188254526311993,0.9893333333333334,0.46409090909090905,"[9, 10, 11, 13, 14, 20, 21, 23]",8,0.4,0.25,0.75,0.875,0.125,279.9820649623871
6,30,150,5,0.2,1.0,236.09713849098227,iamb,2.0,10,log_loss,15.533615165979638,0.0657933224657568,0.12142922114006456,0.9973333333333333,0.5844444444444444,"[1, 8, 11, 19, 21, 23, 24, 29]",8,0.8,0.5,0.5,0.75,0.25,288.6157066822052
6,30,150,5,0.2,1.0,236.09713849098227,bootstrap_l1,2.0,10,log_loss,54.5415011732665,0.23101297000831592,0.20399743677665855,0.9928888888888888,0.5718253968253968,"[1, 10, 11, 13, 23, 25]",6,0.2,0.16666666666666666,0.8333333333333334,0.8333333333333334,0.16666666666666666,293.14847898483276
