seed,p,n,k_star,p_edge,noise_scale,mu_scale,q_source,K_multiplier,K,criterion,mu_star,mu_star_relative,log_loss_star,auc_star,stability_star,support,k_actual,S_recall,S_precision,C_inclusion,causal_precision,correlate_inclusion,fit_seconds
0,30,1000,5,0.2,1.0,898.8261876192412,oracle,2.0,10,log_loss,8.988261876192412,0.01,0.05682055362202432,0.9981,0.5213053613053613,"[2, 9, 10, 17, 21, 22]",6,1.0,0.8333333333333334,0.16666666666666666,1.0,0.0,367.6924967765808
0,30,1000,5,0.2,1.0,898.8261876192412,uniform,2.0,10,log_loss,0.0,0.0,0.06267630493408258,0.99788,0.44107420357420357,"[2, 4, 9, 10, 17, 21, 22, 23, 29]",9,1.0,0.5555555555555556,0.4444444444444444,1.0,0.0,470.9410870075226
0,30,1000,5,0.2,1.0,898.8261876192412,adversarial,2.0,10,log_loss,0.0,0.0,0.0586956801560045,0.9978200000000002,0.5311266511266511,"[2, 4, 9, 10, 17, 21, 22, 23, 29]",9,1.0,0.5555555555555556,0.4444444444444444,1.0,0.0,561.9613320827484
0,30,1000,5,0.2,1.0,898.8261876192412,pc,2.0,10,log_loss,110.8114934731524,0.12328467394420657,0.052104975324579375,0.9985000000000002,0.6461111111111111,"[2, 4, 9, 10, 17, 20, 22, 25]",8,0.8,0.5,0.5,1.0,0.0,509.50543427467346
0,30,1000,5,0.2,1.0,898.8261876192412,ges,2.0,10,log_loss,110.8114934731524,0.12328467394420657,0.050599571643914584,0.99882,0.7861111111111111,"[2, 4, 9, 10, 17, 21, 22]",7,1.0,0.7142857142857143,0.2857142857142857,1.0,0.0,488.95255994796753
0,30,1000,5,0.2,1.0,898.8261876192412,iamb,2.0,10,log_loss,16.842361704841107,0.01873817422860384,0.05040908452698726,0.9986200000000001,0.8511111111111112,"[2, 4, 9, 10, 17, 21, 22]",7,1.0,0.7142857142857143,0.2857142857142857,1.0,0.0,476.66132378578186
0,30,1000,5,0.2,1.0,898.8261876192412,bootstrap_l1,2.0,10,log_loss,207.6405071231727,0.23101297000831594,0.04966402576131073,0.99892,0.7777777777777779,"[2, 9, 10, 17, 21, 22, 23, 29]",8,1.0,0.625,0.375,1.0,0.0,492.58471393585205
