seed,p,n,k_star,p_edge,noise_scale,mu_scale,q_source,K_multiplier,K,criterion,mu_star,mu_star_relative,log_loss_star,auc_star,stability_star,support,k_actual,S_recall,S_precision,C_inclusion,causal_precision,correlate_inclusion,fit_seconds
14,30,300,5,0.1,1.0,35.15981149513256,oracle,2.0,10,log_loss,0.0,0.0,0.14088440563570487,0.9917777777777779,0.519609557109557,"[0, 1, 2, 3, 4, 16, 17, 24]",8,0.8,0.5,0.5,0.75,0.25,263.6089782714844
14,30,300,5,0.1,1.0,35.15981149513256,uniform,2.0,10,log_loss,0.0,0.0,0.19734792514468452,0.9860000000000001,0.47750000000000004,"[0, 1, 2, 3, 4, 16, 17, 24]",8,0.8,0.5,0.5,0.75,0.25,253.71732306480408
14,30,300,5,0.1,1.0,35.15981149513256,adversarial,2.0,10,log_loss,0.658830673640662,0.01873817422860384,0.11140989946497068,0.9937777777777779,0.6706818181818182,"[0, 1, 2, 3, 4, 16, 17, 24]",8,0.8,0.5,0.5,0.75,0.25,276.50369215011597
14,30,300,5,0.1,1.0,35.15981149513256,pc,2.0,10,log_loss,0.658830673640662,0.01873817422860384,0.1971578257513149,0.984888888888889,0.5485858585858586,"[3, 4, 12, 16, 17, 22, 24]",7,1.0,0.7142857142857143,0.14285714285714285,0.8571428571428571,0.0,227.25987124443054
14,30,300,5,0.1,1.0,35.15981149513256,ges,2.0,10,log_loss,8.122372478423099,0.23101297000831592,0.16147095966895106,0.9886666666666667,0.5976190476190476,"[3, 4, 12, 16, 17]",5,1.0,1.0,0.0,1.0,0.0,239.0573160648346
14,30,300,5,0.1,1.0,35.15981149513256,iamb,2.0,10,log_loss,15.219843065030881,0.4328761281083057,0.11005445317101344,0.9944444444444445,0.8523809523809524,"[3, 4, 12, 16, 17]",5,1.0,1.0,0.0,1.0,0.0,256.41400718688965
14,30,300,5,0.1,1.0,35.15981149513256,bootstrap_l1,2.0,10,log_loss,53.439787165987916,1.5199110829529332,0.14541887498591394,0.9922222222222222,0.6375396825396825,"[3, 4, 6, 12, 16, 17, 24, 29]",8,1.0,0.625,0.375,1.0,0.0,251.2497479915619
