seed,p,n,k_star,p_edge,noise_scale,mu_scale,q_source,K_multiplier,K,criterion,mu_star,mu_star_relative,log_loss_star,auc_star,stability_star,support,k_actual,S_recall,S_precision,C_inclusion,causal_precision,correlate_inclusion,fit_seconds
3,30,300,5,0.2,1.0,89.05840694065654,oracle,2.0,10,log_loss,1.6687919457759237,0.01873817422860384,0.08450933371755891,0.9968888888888889,0.5884282384282384,"[1, 3, 4, 7, 8, 15, 16, 20, 21, 23]",10,1.0,0.5,0.5,0.9,0.1,527.1152727603912
3,30,300,5,0.2,1.0,89.05840694065654,uniform,2.0,10,log_loss,0.0,0.0,0.08397318051610791,0.9955555555555555,0.6201748251748251,"[1, 4, 5, 6, 7, 15, 16, 23, 25, 28]",10,0.8,0.4,0.6,0.8,0.2,569.680526971817
3,30,300,5,0.2,1.0,89.05840694065654,adversarial,2.0,10,log_loss,0.0,0.0,0.06313822965390314,0.9977777777777778,0.6778221778221779,"[1, 4, 5, 6, 7, 15, 16, 23, 25, 28]",10,0.8,0.4,0.6,0.8,0.2,305.0287380218506
3,30,300,5,0.2,1.0,89.05840694065654,pc,2.0,10,log_loss,10.979536661669306,0.12328467394420659,0.06862099786870328,0.9986666666666666,0.4720079920079921,"[4, 5, 6, 10, 15, 16, 20, 21, 23]",9,0.4,0.2222222222222222,0.7777777777777778,0.7777777777777778,0.2222222222222222,235.83500790596008
3,30,300,5,0.2,1.0,89.05840694065654,ges,2.0,10,log_loss,20.573647091570283,0.23101297000831592,0.05710495541843762,0.9982222222222223,0.7544444444444445,"[1, 3, 5, 15, 16, 20, 24, 25, 28]",9,0.8,0.4444444444444444,0.5555555555555556,0.8888888888888888,0.1111111111111111,260.29334712028503
3,30,300,5,0.2,1.0,89.05840694065654,iamb,2.0,10,log_loss,0.0,0.0,0.10256134949685716,0.9913333333333334,0.5712271062271063,"[1, 4, 5, 6, 7, 15, 16, 23, 25, 28]",10,0.8,0.4,0.6,0.8,0.2,215.07904887199402
3,30,300,5,0.2,1.0,89.05840694065654,bootstrap_l1,2.0,10,log_loss,475.2779318526602,5.336699231206307,0.06972852885276956,0.9973333333333333,0.707070707070707,"[1, 3, 4, 5, 15, 16, 20, 24, 25]",9,0.8,0.4444444444444444,0.5555555555555556,0.8888888888888888,0.1111111111111111,258.3888349533081
