seed,p,n,k_star,p_edge,noise_scale,mu_scale,q_source,K_multiplier,K,criterion,mu_star,mu_star_relative,log_loss_star,auc_star,stability_star,support,k_actual,S_recall,S_precision,C_inclusion,causal_precision,correlate_inclusion,fit_seconds
2,15,300,5,0.2,1.0,273.2726621802217,oracle,2.0,10,log_loss,2.732726621802217,0.01,0.06748019457639018,0.9986666666666666,0.7090909090909091,"[0, 2, 4, 5, 6, 8, 10, 12, 14]",9,1.0,0.5555555555555556,0.4444444444444444,1.0,0.0,182.47509384155273
2,15,300,5,0.2,1.0,273.2726621802217,uniform,2.0,10,log_loss,0.0,0.0,0.1041825344611614,0.9955555555555555,0.6107770007770008,"[0, 2, 4, 5, 6, 7, 8, 10, 14]",9,1.0,0.5555555555555556,0.4444444444444444,1.0,0.0,201.65505623817444
2,15,300,5,0.2,1.0,273.2726621802217,adversarial,2.0,10,log_loss,0.0,0.0,0.129810904503449,0.992,0.6398989898989899,"[0, 2, 4, 5, 6, 7, 8, 10, 14]",9,1.0,0.5555555555555556,0.4444444444444444,1.0,0.0,228.96089506149292
2,15,300,5,0.2,1.0,273.2726621802217,pc,2.0,10,log_loss,17.979516383899146,0.0657933224657568,0.0848342045080528,0.9946666666666667,0.806111111111111,"[1, 2, 4, 5, 6, 8, 10, 12, 14]",9,1.0,0.5555555555555556,0.4444444444444444,1.0,0.0,177.7602560520172
2,15,300,5,0.2,1.0,273.2726621802217,ges,2.0,10,log_loss,17.979516383899146,0.0657933224657568,0.07695990768936165,0.9960000000000001,0.8430555555555556,"[2, 4, 5, 6, 8, 10, 12, 14]",8,1.0,0.625,0.375,1.0,0.0,198.6907262802124
2,15,300,5,0.2,1.0,273.2726621802217,iamb,2.0,10,log_loss,63.1295293123322,0.23101297000831592,0.08068592412861922,0.9964444444444445,0.7277777777777779,"[3, 4, 5, 6, 8, 10, 12, 13, 14]",9,1.0,0.5555555555555556,0.4444444444444444,1.0,0.0,185.47176218032837
2,15,300,5,0.2,1.0,273.2726621802217,bootstrap_l1,2.0,10,log_loss,5.120630755847394,0.01873817422860384,0.0693417968189767,0.9975555555555555,0.777878787878788,"[2, 3, 4, 5, 6, 8, 10, 14]",8,1.0,0.625,0.375,1.0,0.0,315.7909092903137
