seed,p,n,k_star,p_edge,noise_scale,mu_scale,q_source,K_multiplier,K,criterion,mu_star,mu_star_relative,log_loss_star,auc_star,stability_star,support,k_actual,S_recall,S_precision,C_inclusion,causal_precision,correlate_inclusion,fit_seconds
6,30,300,5,0.2,0.5,220.2373678597217,oracle,2.0,10,log_loss,4.126846170604581,0.01873817422860384,0.1293501914307757,0.9942222222222223,0.4669769119769119,"[10, 13, 19, 21, 22, 23, 25, 26, 29]",9,0.8,0.4444444444444444,0.5555555555555556,0.7777777777777778,0.2222222222222222,322.9873650074005
6,30,300,5,0.2,0.5,220.2373678597217,uniform,2.0,10,log_loss,0.0,0.0,0.14971913081935867,0.9924444444444444,0.411010101010101,"[3, 10, 13, 14, 19, 21, 22, 23, 25]",9,0.6,0.3333333333333333,0.6666666666666666,0.8888888888888888,0.1111111111111111,328.56468200683594
6,30,300,5,0.2,0.5,220.2373678597217,adversarial,2.0,10,log_loss,0.0,0.0,0.19825004810229863,0.984888888888889,0.4682950382950383,"[3, 10, 13, 14, 19, 21, 22, 23, 25]",9,0.6,0.3333333333333333,0.6666666666666666,0.8888888888888888,0.1111111111111111,319.88607716560364
6,30,300,5,0.2,0.5,220.2373678597217,pc,2.0,10,log_loss,95.33549906388095,0.4328761281083057,0.10686825469656965,0.9942222222222222,0.45556998556998557,"[1, 8, 11, 13, 19, 21, 23, 24, 29]",9,0.8,0.4444444444444444,0.5555555555555556,0.7777777777777778,0.2222222222222222,345.545352935791
6,30,300,5,0.2,0.5,220.2373678597217,ges,2.0,10,log_loss,2.202373678597217,0.01,0.10048240480752131,0.9942222222222222,0.6328174603174603,"[1, 3, 9, 15, 19, 21, 23, 29]",8,0.8,0.5,0.5,1.0,0.0,345.54398798942566
6,30,300,5,0.2,0.5,220.2373678597217,iamb,2.0,10,log_loss,27.151892086916074,0.1232846739442066,0.09890359718456507,0.9935555555555556,0.6317460317460317,"[3, 11, 13, 15, 19, 21, 23, 29]",8,0.8,0.5,0.5,0.875,0.125,349.9452791213989
6,30,300,5,0.2,0.5,220.2373678597217,bootstrap_l1,2.0,10,log_loss,27.151892086916074,0.1232846739442066,0.10202391176765238,0.9928888888888888,0.6434343434343435,"[3, 9, 13, 19, 21, 23, 25, 29]",8,0.8,0.5,0.5,1.0,0.0,361.62936186790466
