seed,p,n,k_star,p_edge,noise_scale,mu_scale,q_source,K_multiplier,K,criterion,mu_star,mu_star_relative,log_loss_star,auc_star,stability_star,support,k_actual,S_recall,S_precision,C_inclusion,causal_precision,correlate_inclusion,fit_seconds
4,20,300,5,0.2,1.0,106.6194490316507,oracle,2.0,10,log_loss,1.997853812112818,0.01873817422860384,0.11142727914241035,0.9902222222222223,0.633030303030303,"[2, 3, 5, 7, 9, 10, 12, 13, 14, 16]",10,1.0,0.5,0.5,0.8,0.2,226.87373900413513
4,20,300,5,0.2,1.0,106.6194490316507,uniform,2.0,10,log_loss,0.0,0.0,0.14768791421948652,0.9933333333333334,0.5675524475524476,"[2, 3, 5, 7, 9, 10, 12, 13, 14, 16]",10,1.0,0.5,0.5,0.8,0.2,238.9969358444214
4,20,300,5,0.2,1.0,106.6194490316507,adversarial,2.0,10,log_loss,1.997853812112818,0.01873817422860384,0.16471077305928655,0.9862222222222222,0.5587373737373738,"[1, 5, 8, 10, 13, 14, 15, 16]",8,0.8,0.5,0.5,0.875,0.125,247.7280068397522
4,20,300,5,0.2,1.0,106.6194490316507,pc,2.0,10,log_loss,86.4823222713815,0.8111308307896868,0.10287358978037145,0.9924444444444445,0.6502020202020202,"[5, 9, 10, 13, 14, 16]",6,1.0,0.8333333333333334,0.16666666666666666,1.0,0.0,240.7289171218872
4,20,300,5,0.2,1.0,106.6194490316507,ges,2.0,10,log_loss,3.743613281465034,0.03511191734215131,0.11666736854317616,0.9924444444444445,0.6430952380952382,"[1, 5, 9, 10, 13, 14, 16]",7,1.0,0.7142857142857143,0.2857142857142857,1.0,0.0,261.2647762298584
4,20,300,5,0.2,1.0,106.6194490316507,iamb,2.0,10,log_loss,24.63047558145189,0.23101297000831592,0.15948081728361993,0.9924444444444445,0.6470707070707071,"[1, 5, 9, 10, 13, 14, 16]",7,1.0,0.7142857142857143,0.2857142857142857,1.0,0.0,466.1631863117218
4,20,300,5,0.2,1.0,106.6194490316507,bootstrap_l1,2.0,10,log_loss,24.63047558145189,0.23101297000831592,0.09765803506928554,0.994,0.728611111111111,"[5, 9, 10, 13, 14, 16]",6,1.0,0.8333333333333334,0.16666666666666666,1.0,0.0,520.1361970901489
