seed,p,n,k_star,p_edge,noise_scale,mu_scale,q_source,K_multiplier,K,criterion,mu_star,mu_star_relative,log_loss_star,auc_star,stability_star,support,k_actual,S_recall,S_precision,C_inclusion,causal_precision,correlate_inclusion,fit_seconds
4,30,300,5,0.4,1.0,1870.2246301297846,oracle,2.0,10,log_loss,0.0,0.0,0.07835500514561217,0.9977777777777778,0.2752380952380952,"[5, 12, 23]",3,0.0,0.0,1.0,1.0,0.0,604.031417131424
4,30,300,5,0.4,1.0,1870.2246301297846,uniform,2.0,10,log_loss,0.0,0.0,0.10959703444121587,0.9935555555555556,0.31801587301587303,"[5, 12, 23]",3,0.0,0.0,1.0,1.0,0.0,32945.702432870865
4,30,300,5,0.4,1.0,1870.2246301297846,adversarial,2.0,10,log_loss,0.0,0.0,0.08816337179717074,0.9973333333333333,0.3576587301587301,"[5, 12, 23]",3,0.0,0.0,1.0,1.0,0.0,412.5728712081909
4,30,300,5,0.4,1.0,1870.2246301297846,pc,2.0,10,log_loss,0.0,0.0,0.056346804839721466,0.9988888888888889,0.5066666666666666,"[5, 12, 23]",3,0.0,0.0,1.0,1.0,0.0,275.73364186286926
4,30,300,5,0.4,1.0,1870.2246301297846,ges,2.0,10,log_loss,18.702246301297848,0.01,0.020730774258853897,1.0,0.41626984126984123,"[5, 7, 8, 14, 29]",5,0.6,0.6,0.4,1.0,0.0,372.3563199043274
4,30,300,5,0.4,1.0,1870.2246301297846,iamb,2.0,10,log_loss,18.702246301297848,0.01,0.02521122545197091,0.9997777777777778,0.5982142857142858,"[7, 8, 23, 27, 29]",5,0.8,0.8,0.2,1.0,0.0,322.72412109375
4,30,300,5,0.4,1.0,1870.2246301297846,bootstrap_l1,2.0,10,log_loss,0.0,0.0,0.11715775291145662,0.9946666666666667,0.3466666666666666,"[5, 12, 23]",3,0.0,0.0,1.0,1.0,0.0,381.4617850780487
