seed,p,n,k_star,p_edge,noise_scale,mu_scale,q_source,K_multiplier,K,criterion,mu_star,mu_star_relative,log_loss_star,auc_star,stability_star,support,k_actual,S_recall,S_precision,C_inclusion,causal_precision,correlate_inclusion,fit_seconds
4,30,500,5,0.2,1.0,179.39565020119053,oracle,2.0,10,log_loss,1.7939565020119055,0.01,0.05021875425057319,0.9982399999999998,0.7113888888888888,"[1, 7, 8, 14, 18, 20, 23, 24, 27, 29]",10,1.0,0.5,0.5,1.0,0.0,355.5517749786377
4,30,500,5,0.2,1.0,179.39565020119053,uniform,2.0,10,log_loss,0.0,0.0,0.059930997756997194,0.9970399999999999,0.6455555555555555,"[1, 7, 8, 14, 18, 20, 23, 24, 27, 29]",10,1.0,0.5,0.5,1.0,0.0,381.6973466873169
4,30,500,5,0.2,1.0,179.39565020119053,adversarial,2.0,10,log_loss,0.0,0.0,0.061328326268737396,0.99824,0.5136363636363636,"[1, 7, 8, 14, 18, 20, 23, 24, 27, 29]",10,1.0,0.5,0.5,1.0,0.0,357.3449170589447
4,30,500,5,0.2,1.0,179.39565020119053,pc,2.0,10,log_loss,77.65609445856336,0.4328761281083057,0.036704486968682115,0.9992000000000001,0.8178571428571428,"[1, 7, 8, 14, 20, 23, 27, 29]",8,1.0,0.625,0.375,1.0,0.0,400.07155323028564
4,30,500,5,0.2,1.0,179.39565020119053,ges,2.0,10,log_loss,22.116734242062712,0.12328467394420657,0.03567209985154716,0.9995200000000001,0.7791666666666666,"[7, 8, 20, 23, 27, 29]",6,1.0,0.8333333333333334,0.16666666666666666,1.0,0.0,403.70240020751953
4,30,500,5,0.2,1.0,179.39565020119053,iamb,2.0,10,log_loss,77.65609445856336,0.4328761281083057,0.04005455541463895,0.9987999999999999,0.7325396825396825,"[1, 7, 8, 14, 20, 27, 29]",7,1.0,0.7142857142857143,0.2857142857142857,1.0,0.0,381.1796488761902
4,30,500,5,0.2,1.0,179.39565020119053,bootstrap_l1,2.0,10,log_loss,22.116734242062712,0.12328467394420657,0.04342192819731182,0.99864,0.7861111111111111,"[1, 4, 7, 8, 20, 23, 29]",7,0.8,0.5714285714285714,0.42857142857142855,1.0,0.0,362.1232759952545
