seed,p,n,k_star,p_edge,noise_scale,mu_scale,q_source,K_multiplier,K,criterion,mu_star,mu_star_relative,log_loss_star,auc_star,stability_star,support,k_actual,S_recall,S_precision,C_inclusion,causal_precision,correlate_inclusion,fit_seconds
2,30,300,5,0.2,2.0,306.10064551424443,oracle,2.0,10,log_loss,5.735767227134015,0.01873817422860384,0.06683682796961318,0.9984444444444444,0.5781468531468531,"[0, 2, 8, 10, 12, 14, 15, 19, 23, 29]",10,1.0,0.5,0.5,0.9,0.1,260.37474513053894
2,30,300,5,0.2,2.0,306.10064551424443,uniform,2.0,10,log_loss,0.0,0.0,0.1032225146548644,0.9960000000000001,0.4587162837162837,"[0, 2, 10, 14, 19, 23, 26, 28]",8,0.6,0.375,0.625,0.75,0.25,284.24949407577515
2,30,300,5,0.2,2.0,306.10064551424443,adversarial,2.0,10,log_loss,0.0,0.0,0.09894361245496902,0.9951111111111113,0.41177156177156177,"[0, 2, 10, 14, 19, 23, 26, 28]",8,0.6,0.375,0.625,0.75,0.25,270.1846091747284
2,30,300,5,0.2,2.0,306.10064551424443,pc,2.0,10,log_loss,37.73751827633479,0.1232846739442066,0.09617649438430076,0.9946666666666667,0.5776257076257075,"[0, 2, 10, 12, 14, 19, 23, 25, 28, 29]",10,0.8,0.4,0.6,0.9,0.1,322.46137285232544
2,30,300,5,0.2,2.0,306.10064551424443,ges,2.0,10,log_loss,465.24576361614714,1.5199110829529332,0.13951029914224958,0.9868888888888889,0.5616666666666666,"[2, 6, 8, 10, 14, 17, 29]",7,1.0,0.7142857142857143,0.2857142857142857,1.0,0.0,319.20947003364563
2,30,300,5,0.2,2.0,306.10064551424443,iamb,2.0,10,log_loss,70.71321924170829,0.23101297000831592,0.06380480682587185,0.9991111111111112,0.7564141414141414,"[2, 8, 10, 14, 15, 19, 25, 29]",8,1.0,0.625,0.375,1.0,0.0,294.08265590667725
2,30,300,5,0.2,2.0,306.10064551424443,bootstrap_l1,2.0,10,log_loss,5.735767227134015,0.01873817422860384,0.08397588738448139,0.9960000000000001,0.7636363636363637,"[0, 2, 10, 12, 14, 15, 17, 19, 25, 29]",10,0.8,0.4,0.6,0.9,0.1,276.7224609851837
