seed,p,n,k_star,p_edge,noise_scale,mu_scale,q_source,K_multiplier,K,criterion,mu_star,mu_star_relative,log_loss_star,auc_star,stability_star,support,k_actual,S_recall,S_precision,C_inclusion,causal_precision,correlate_inclusion,fit_seconds
8,20,300,5,0.2,1.0,198.83334659486627,oracle,2.0,10,log_loss,0.0,0.0,0.08711346438417963,0.9964444444444445,0.6485431235431236,"[2, 3, 8, 10, 12, 13, 16, 19]",8,1.0,0.625,0.375,0.875,0.125,262.1494097709656
8,20,300,5,0.2,1.0,198.83334659486627,uniform,2.0,10,log_loss,0.0,0.0,0.07070088560994445,0.9960000000000001,0.6056060606060606,"[2, 3, 8, 10, 12, 13, 16, 19]",8,1.0,0.625,0.375,0.875,0.125,274.4037640094757
8,20,300,5,0.2,1.0,198.83334659486627,adversarial,2.0,10,log_loss,0.0,0.0,0.0970026712593722,0.9968888888888889,0.6623232323232322,"[2, 3, 8, 10, 12, 13, 16, 19]",8,1.0,0.625,0.375,0.875,0.125,261.35044384002686
8,20,300,5,0.2,1.0,198.83334659486627,pc,2.0,10,log_loss,6.9814200305022664,0.03511191734215131,0.09036508507540753,0.9957777777777779,0.6747474747474748,"[2, 3, 8, 10, 12, 13, 16, 19]",8,1.0,0.625,0.375,0.875,0.125,256.2703402042389
8,20,300,5,0.2,1.0,198.83334659486627,ges,2.0,10,log_loss,161.27985761218764,0.811130830789687,0.08995196679501363,0.994,0.7553030303030303,"[2, 3, 8, 10, 12, 13, 16, 19]",8,1.0,0.625,0.375,0.875,0.125,279.593998670578
8,20,300,5,0.2,1.0,198.83334659486627,iamb,2.0,10,log_loss,161.27985761218764,0.811130830789687,0.06840242547778615,0.9973333333333334,0.8232142857142858,"[2, 3, 10, 12, 13, 16, 19]",7,1.0,0.7142857142857143,0.2857142857142857,0.8571428571428571,0.14285714285714285,277.63778710365295
8,20,300,5,0.2,1.0,198.83334659486627,bootstrap_l1,2.0,10,log_loss,1061.113767911,5.336699231206307,0.07238605680065421,0.9971111111111111,0.7697474747474747,"[2, 3, 8, 10, 12, 13, 16, 19]",8,1.0,0.625,0.375,0.875,0.125,296.3081121444702
