seed,p,n,k_star,p_edge,noise_scale,mu_scale,q_source,K_multiplier,K,criterion,mu_star,mu_star_relative,log_loss_star,auc_star,stability_star,support,k_actual,S_recall,S_precision,C_inclusion,causal_precision,correlate_inclusion,fit_seconds
6,30,200,5,0.2,1.0,375.5548956106161,oracle,2.0,10,log_loss,0.0,0.0,0.14577716833234727,0.991,0.5126262626262627,"[3, 8, 9, 10, 14, 21, 23]",7,0.4,0.2857142857142857,0.7142857142857143,0.8571428571428571,0.14285714285714285,289.807914018631
6,30,200,5,0.2,1.0,375.5548956106161,uniform,2.0,10,log_loss,0.0,0.0,0.20161692999450934,0.9875,0.4572727272727272,"[3, 8, 9, 10, 14, 21, 23]",7,0.4,0.2857142857142857,0.7142857142857143,0.8571428571428571,0.14285714285714285,275.7390682697296
6,30,200,5,0.2,1.0,375.5548956106161,adversarial,2.0,10,log_loss,0.0,0.0,0.13926600807016523,0.9925,0.4213403263403263,"[3, 8, 9, 10, 14, 21, 23]",7,0.4,0.2857142857142857,0.7142857142857143,0.8571428571428571,0.14285714285714285,288.9200756549835
6,30,200,5,0.2,1.0,375.5548956106161,pc,2.0,10,log_loss,7.037213066356852,0.01873817422860384,0.14201004353239793,0.9890000000000001,0.533510101010101,"[3, 8, 10, 14, 21, 23]",6,0.4,0.3333333333333333,0.6666666666666666,0.8333333333333334,0.16666666666666666,319.19900608062744
6,30,200,5,0.2,1.0,375.5548956106161,ges,2.0,10,log_loss,3.755548956106161,0.01,0.13157941222990455,0.9899999999999999,0.5792424242424243,"[3, 8, 9, 10, 19, 20, 21, 23, 25]",9,0.6,0.3333333333333333,0.6666666666666666,0.8888888888888888,0.1111111111111111,313.73373198509216
6,30,200,5,0.2,1.0,375.5548956106161,iamb,2.0,10,log_loss,46.30016285350535,0.1232846739442066,0.08376820744028227,0.9960000000000001,0.6594444444444445,"[3, 8, 10, 15, 19, 21, 23, 29]",8,0.8,0.5,0.5,0.875,0.125,320.5438241958618
6,30,200,5,0.2,1.0,375.5548956106161,bootstrap_l1,2.0,10,log_loss,3.755548956106161,0.01,0.180783435692466,0.9914999999999999,0.6343434343434342,"[3, 8, 9, 10, 19, 20, 21, 23]",8,0.6,0.375,0.625,0.875,0.125,286.0075330734253
