seed,p,n,k_star,p_edge,noise_scale,mu_scale,q_source,K_multiplier,K,criterion,mu_star,mu_star_relative,log_loss_star,auc_star,stability_star,support,k_actual,S_recall,S_precision,C_inclusion,causal_precision,correlate_inclusion,fit_seconds
18,30,300,5,0.7,1.0,9690.369046668031,oracle,2.0,10,log_loss,0.0,0.0,0.08217927532650374,0.9975555555555555,0.6266666666666667,"[17, 19, 23, 24, 25]",5,0.2,0.2,0.8,1.0,0.0,286.2698407173157
18,30,300,5,0.7,1.0,9690.369046668031,uniform,2.0,10,log_loss,0.0,0.0,0.10909926367924924,0.9953333333333333,0.40753968253968254,"[17, 19, 23, 24, 25]",5,0.2,0.2,0.8,1.0,0.0,337.0038938522339
18,30,300,5,0.7,1.0,9690.369046668031,adversarial,2.0,10,log_loss,96.90369046668032,0.01,0.04408882963916459,0.9988888888888889,0.6269047619047619,"[15, 17, 19, 23, 24, 25]",6,0.2,0.16666666666666666,0.8333333333333334,1.0,0.0,337.80871415138245
18,30,300,5,0.7,1.0,9690.369046668031,pc,2.0,10,log_loss,0.0,0.0,0.08239371152510985,0.9946666666666667,0.6603571428571429,"[17, 19, 23, 24, 25]",5,0.2,0.2,0.8,1.0,0.0,297.1976091861725
18,30,300,5,0.7,1.0,9690.369046668031,ges,2.0,10,log_loss,96.90369046668032,0.01,0.05462464154244532,0.9986666666666666,0.4616666666666666,"[4, 11, 17, 18]",4,0.4,0.5,0.5,1.0,0.0,359.17982625961304
18,30,300,5,0.7,1.0,9690.369046668031,iamb,2.0,10,log_loss,96.90369046668032,0.01,0.06158418685296927,0.9986666666666666,0.5702380952380952,"[4, 5, 10, 17, 22, 24]",6,0.6,0.5,0.5,1.0,0.0,319.11147594451904
18,30,300,5,0.7,1.0,9690.369046668031,bootstrap_l1,2.0,10,log_loss,2238.600933947435,0.23101297000831594,0.0648789139217665,0.9986666666666666,0.6498015873015873,"[5, 10, 17, 18, 19, 24, 25]",7,0.4,0.2857142857142857,0.7142857142857143,1.0,0.0,325.49131202697754
