seed,p,n,k_star,p_edge,noise_scale,mu_scale,q_source,K_multiplier,K,criterion,mu_star,mu_star_relative,log_loss_star,auc_star,stability_star,support,k_actual,S_recall,S_precision,C_inclusion,causal_precision,correlate_inclusion,fit_seconds
17,30,300,5,0.7,1.0,6124.441999942144,oracle,2.0,10,log_loss,61.244419999421446,0.01,0.09105789062494168,0.9935555555555556,0.6386868686868687,"[4, 6, 12, 16, 22, 26, 27, 29]",8,1.0,0.625,0.375,1.0,0.0,345.2935400009155
17,30,300,5,0.7,1.0,6124.441999942144,uniform,2.0,10,log_loss,0.0,0.0,0.05728755754877109,0.9984444444444444,0.47666666666666657,"[1, 12, 15, 16]",4,0.0,0.0,1.0,1.0,0.0,343.9252259731293
17,30,300,5,0.7,1.0,6124.441999942144,adversarial,2.0,10,log_loss,61.244419999421446,0.01,0.04195412556721662,0.9986666666666666,0.695,"[1, 12, 16, 29]",4,0.0,0.0,1.0,1.0,0.0,307.4290380477905
17,30,300,5,0.7,1.0,6124.441999942144,pc,2.0,10,log_loss,61.244419999421446,0.01,0.058884008562373746,0.9993333333333332,0.58,"[1, 12, 16, 29]",4,0.0,0.0,1.0,1.0,0.0,281.82979011535645
17,30,300,5,0.7,1.0,6124.441999942144,ges,2.0,10,log_loss,0.0,0.0,0.06319767384064523,0.9988888888888889,0.43198412698412697,"[1, 12, 15, 16]",4,0.0,0.0,1.0,1.0,0.0,330.40808606147766
17,30,300,5,0.7,1.0,6124.441999942144,iamb,2.0,10,log_loss,61.244419999421446,0.01,0.05872365622159509,0.9988888888888889,0.6372222222222222,"[1, 4, 6, 12, 16, 17, 22, 26, 27]",9,1.0,0.5555555555555556,0.4444444444444444,1.0,0.0,312.54176688194275
17,30,300,5,0.7,1.0,6124.441999942144,bootstrap_l1,2.0,10,log_loss,61.244419999421446,0.01,0.01683241527808945,0.9997777777777778,0.7144841269841271,"[1, 12, 16, 20, 27, 29]",6,0.2,0.16666666666666666,0.8333333333333334,1.0,0.0,330.90240478515625
