seed,p,n,k_star,p_edge,noise_scale,mu_scale,q_source,K_multiplier,K,criterion,mu_star,mu_star_relative,log_loss_star,auc_star,stability_star,support,k_actual,S_recall,S_precision,C_inclusion,causal_precision,correlate_inclusion,fit_seconds
2,30,150,5,0.2,1.0,75.89358051337268,oracle,2.0,10,log_loss,2.6647691257854467,0.03511191734215131,0.17235357412851476,0.992,0.5599611499611499,"[8, 10, 13, 14, 15, 17, 18, 19, 25]",9,0.6,0.3333333333333333,0.6666666666666666,0.8888888888888888,0.1111111111111111,235.28599977493286
2,30,150,5,0.2,1.0,75.89358051337268,uniform,2.0,10,log_loss,0.0,0.0,0.12670946408038405,0.9946666666666667,0.428021978021978,"[6, 8, 10, 11, 13, 14, 15, 19, 25, 28]",10,0.6,0.3,0.7,1.0,0.0,232.3437340259552
2,30,150,5,0.2,1.0,75.89358051337268,adversarial,2.0,10,log_loss,2.6647691257854467,0.03511191734215131,0.22363081174744162,0.9893333333333334,0.35796703296703297,"[0, 11, 12, 15, 17, 18, 19, 22, 29]",9,0.2,0.1111111111111111,0.8888888888888888,0.7777777777777778,0.2222222222222222,332.5191607475281
2,30,150,5,0.2,1.0,75.89358051337268,pc,2.0,10,log_loss,17.53240143895947,0.2310129700083159,0.19545958339389008,0.9893333333333334,0.5275108225108225,"[8, 10, 12, 13, 14, 15, 17, 19, 25]",9,0.6,0.3333333333333333,0.6666666666666666,1.0,0.0,483.858206987381
2,30,150,5,0.2,1.0,75.89358051337268,ges,2.0,10,log_loss,61.55962301341597,0.8111308307896868,0.14873988645101316,0.9795555555555555,0.5341269841269842,"[2, 8, 10, 13, 14, 19, 25]",7,0.8,0.5714285714285714,0.42857142857142855,1.0,0.0,361.97984194755554
2,30,150,5,0.2,1.0,75.89358051337268,iamb,2.0,10,log_loss,2.6647691257854467,0.03511191734215131,0.1377990077596602,0.9937777777777779,0.5878787878787877,"[8, 10, 12, 13, 14, 15, 17, 19, 25]",9,0.6,0.3333333333333333,0.6666666666666666,1.0,0.0,241.21007108688354
2,30,150,5,0.2,1.0,75.89358051337268,bootstrap_l1,2.0,10,log_loss,61.55962301341597,0.8111308307896868,0.09044200335626086,0.9928888888888888,0.8300000000000001,"[1, 8, 12, 15, 17, 18, 19, 25, 29]",9,0.4,0.2222222222222222,0.7777777777777778,0.7777777777777778,0.2222222222222222,263.05361914634705
