seed,p,n,k_star,p_edge,noise_scale,mu_scale,q_source,K_multiplier,K,criterion,mu_star,mu_star_relative,log_loss_star,auc_star,stability_star,support,k_actual,S_recall,S_precision,C_inclusion,causal_precision,correlate_inclusion,fit_seconds
6,30,300,5,0.4,1.0,2442.23862855307,oracle,2.0,10,log_loss,0.0,0.0,0.0812723900322074,0.9942222222222222,0.4485714285714285,"[2, 3, 24, 29]",4,0.2,0.25,0.75,1.0,0.0,330.880882024765
6,30,300,5,0.4,1.0,2442.23862855307,uniform,2.0,10,log_loss,0.0,0.0,0.11667420357296358,0.9897777777777778,0.41261904761904766,"[2, 3, 24, 29]",4,0.2,0.25,0.75,1.0,0.0,343.08637499809265
6,30,300,5,0.4,1.0,2442.23862855307,adversarial,2.0,10,log_loss,24.422386285530703,0.01,0.057701263573805395,0.998,0.4916666666666666,"[2, 3, 10, 16, 24]",5,0.0,0.0,1.0,1.0,0.0,348.29367327690125
6,30,300,5,0.4,1.0,2442.23862855307,pc,2.0,10,log_loss,24.422386285530703,0.01,0.073078614634284,0.9986666666666666,0.3363095238095238,"[2, 3, 8, 24, 29]",5,0.2,0.2,0.8,1.0,0.0,324.43141293525696
6,30,300,5,0.4,1.0,2442.23862855307,ges,2.0,10,log_loss,24.422386285530703,0.01,0.02819987721067041,0.9993333333333332,0.46416666666666667,"[3, 7, 16, 23, 29]",5,0.6,0.6,0.4,1.0,0.0,328.8547809123993
6,30,300,5,0.4,1.0,2442.23862855307,iamb,2.0,10,log_loss,45.76309292965393,0.01873817422860384,0.039532270072603334,0.9984444444444446,0.47166666666666657,"[7, 9, 21, 29]",4,0.6,0.75,0.25,1.0,0.0,325.6965980529785
6,30,300,5,0.4,1.0,2442.23862855307,bootstrap_l1,2.0,10,log_loss,0.0,0.0,0.05666485464577026,0.9982222222222223,0.36428571428571427,"[2, 3, 24, 29]",4,0.2,0.25,0.75,1.0,0.0,343.9560797214508
