seed,p,n,k_star,p_edge,noise_scale,mu_scale,q_source,K_multiplier,K,criterion,mu_star,mu_star_relative,log_loss_star,auc_star,stability_star,support,k_actual,S_recall,S_precision,C_inclusion,causal_precision,correlate_inclusion,fit_seconds
19,30,300,5,0.6,1.0,3328.0730963015985,oracle,2.0,10,log_loss,33.28073096301598,0.01,0.15275320449656066,0.9882222222222223,0.4019047619047619,"[2, 19, 22, 29]",4,0.0,0.0,1.0,1.0,0.0,310.67577385902405
19,30,300,5,0.6,1.0,3328.0730963015985,uniform,2.0,10,log_loss,0.0,0.0,0.3443383930964451,0.9400000000000001,0.45999999999999996,"[2, 19, 21, 29]",4,0.0,0.0,1.0,1.0,0.0,344.1563379764557
19,30,300,5,0.6,1.0,3328.0730963015985,adversarial,2.0,10,log_loss,33.28073096301598,0.01,0.3848218578715802,0.9279999999999999,0.5800000000000001,"[2, 19, 21, 22, 29]",5,0.0,0.0,1.0,1.0,0.0,328.20738196372986
19,30,300,5,0.6,1.0,3328.0730963015985,pc,2.0,10,log_loss,33.28073096301598,0.01,0.3394733564198936,0.9515555555555556,0.41,"[2, 21, 29]",3,0.0,0.0,1.0,1.0,0.0,294.0240828990936
19,30,300,5,0.6,1.0,3328.0730963015985,ges,2.0,10,log_loss,33.28073096301598,0.01,0.0630570182604369,0.9986666666666666,0.5208333333333333,"[2, 7, 20, 21, 22]",5,0.4,0.4,0.6,1.0,0.0,310.6371579170227
19,30,300,5,0.6,1.0,3328.0730963015985,iamb,2.0,10,log_loss,33.28073096301598,0.01,0.07144116784675167,0.9995555555555555,0.5695238095238094,"[2, 7, 8, 20]",4,0.4,0.5,0.5,1.0,0.0,328.8120858669281
19,30,300,5,0.6,1.0,3328.0730963015985,bootstrap_l1,2.0,10,log_loss,218.96498641458075,0.0657933224657568,0.23693610528481565,0.9728888888888889,0.55,"[2, 14, 19, 20, 21, 29]",6,0.2,0.16666666666666666,0.8333333333333334,1.0,0.0,337.4991807937622
