seed,p,n,k_star,p_edge,noise_scale,mu_scale,q_source,K_multiplier,K,criterion,mu_star,mu_star_relative,log_loss_star,auc_star,stability_star,support,k_actual,S_recall,S_precision,C_inclusion,causal_precision,correlate_inclusion,fit_seconds
12,30,300,5,0.3,1.0,399.3702155393772,oracle,2.0,10,log_loss,3.9937021553937724,0.01,0.035103555745973125,1.0,0.48747863247863255,"[0, 5, 8, 11, 15, 25, 26, 29]",8,1.0,0.625,0.375,0.875,0.125,275.8331820964813
12,30,300,5,0.3,1.0,399.3702155393772,uniform,2.0,10,log_loss,0.0,0.0,0.0810297972830047,0.9966666666666667,0.4936652236652237,"[0, 5, 8, 11, 15, 25, 26, 29]",8,1.0,0.625,0.375,0.875,0.125,301.3129870891571
12,30,300,5,0.3,1.0,399.3702155393772,adversarial,2.0,10,log_loss,0.0,0.0,0.04164741322976995,0.9984444444444446,0.5783838383838383,"[0, 5, 8, 11, 15, 25, 26, 29]",8,1.0,0.625,0.375,0.875,0.125,305.82640528678894
12,30,300,5,0.3,1.0,399.3702155393772,pc,2.0,10,log_loss,0.0,0.0,0.049265242244748084,0.998,0.4964141414141414,"[0, 5, 8, 11, 15, 25, 26, 29]",8,1.0,0.625,0.375,0.875,0.125,262.8912560939789
12,30,300,5,0.3,1.0,399.3702155393772,ges,2.0,10,log_loss,14.022653996935764,0.03511191734215131,0.02285729282174172,1.0,0.785050505050505,"[0, 5, 8, 11, 13, 19, 25, 29]",8,1.0,0.625,0.375,0.875,0.125,283.20756673812866
12,30,300,5,0.3,1.0,399.3702155393772,iamb,2.0,10,log_loss,7.483468680491919,0.01873817422860384,0.019952110677266616,1.0,0.7761111111111111,"[0, 3, 5, 8, 11, 16, 26, 29]",8,1.0,0.625,0.375,0.875,0.125,318.3072671890259
12,30,300,5,0.3,1.0,399.3702155393772,bootstrap_l1,2.0,10,log_loss,0.0,0.0,0.046304407285490755,0.9993333333333332,0.5505050505050505,"[0, 5, 8, 11, 15, 25, 26, 29]",8,1.0,0.625,0.375,0.875,0.125,290.8176419734955
