seed,p,n,k_star,p_edge,noise_scale,mu_scale,q_source,K_multiplier,K,criterion,mu_star,mu_star_relative,log_loss_star,auc_star,stability_star,support,k_actual,S_recall,S_precision,C_inclusion,causal_precision,correlate_inclusion,fit_seconds
4,30,150,5,0.2,1.0,38.56451402918441,oracle,2.0,10,log_loss,2.5372875072573318,0.0657933224657568,0.1631152242151346,0.992,0.477963702963703,"[7, 8, 12, 20, 26, 27, 29]",7,1.0,0.7142857142857143,0.2857142857142857,1.0,0.0,201.76474690437317
4,30,150,5,0.2,1.0,38.56451402918441,uniform,2.0,10,log_loss,0.0,0.0,0.18056926668055995,0.9964444444444445,0.3151631701631702,"[7, 8, 12, 20, 26, 27, 29]",7,1.0,0.7142857142857143,0.2857142857142857,1.0,0.0,219.83255314826965
4,30,150,5,0.2,1.0,38.56451402918441,adversarial,2.0,10,log_loss,0.3856451402918441,0.01,0.24028903603433643,0.9893333333333334,0.46896464646464653,"[1, 5, 10, 12, 20, 23, 24, 26, 29]",9,0.4,0.2222222222222222,0.7777777777777778,0.8888888888888888,0.1111111111111111,209.25874304771423
4,30,150,5,0.2,1.0,38.56451402918441,pc,2.0,10,log_loss,109.83311920391277,2.848035868435799,0.13921825668288473,0.9928888888888888,0.5544444444444444,"[1, 8, 13, 20, 22, 23, 27, 29]",8,0.8,0.5,0.5,0.875,0.125,304.1074569225311
4,30,150,5,0.2,1.0,38.56451402918441,ges,2.0,10,log_loss,109.83311920391277,2.848035868435799,0.08356590816623496,0.9964444444444445,0.8800000000000001,"[2, 5, 7, 8, 13, 20, 24, 26, 27, 29]",10,1.0,0.5,0.5,1.0,0.0,502.49094414711
4,30,150,5,0.2,1.0,38.56451402918441,iamb,2.0,10,log_loss,58.61463228165126,1.5199110829529332,0.16648094253437976,0.992888888888889,0.5987121212121211,"[2, 5, 8, 20, 26, 27, 29]",7,0.8,0.5714285714285714,0.42857142857142855,1.0,0.0,477.6317980289459
4,30,150,5,0.2,1.0,38.56451402918441,bootstrap_l1,2.0,10,log_loss,385.6451402918441,10.0,0.15965849404957894,0.984888888888889,0.6103030303030303,"[1, 2, 4, 14, 20, 23, 26, 29]",8,0.4,0.25,0.75,1.0,0.0,482.94259905815125
