seed,p,n,k_star,p_edge,noise_scale,mu_scale,q_source,K_multiplier,K,criterion,mu_star,mu_star_relative,log_loss_star,auc_star,stability_star,support,k_actual,S_recall,S_precision,C_inclusion,causal_precision,correlate_inclusion,fit_seconds
0,30,300,5,0.2,0.5,132.46054399366363,oracle,2.0,10,log_loss,2.4820687517689133,0.01873817422860384,0.08954917702972853,0.9960000000000001,0.5679215229215229,"[2, 5, 7, 8, 9, 10, 11, 12, 17, 21]",10,0.8,0.4,0.6,0.9,0.1,271.22655487060547
0,30,300,5,0.2,0.5,132.46054399366363,uniform,2.0,10,log_loss,0.0,0.0,0.09293774429679233,0.9962222222222221,0.5255594405594406,"[2, 5, 7, 8, 9, 10, 11, 12, 17, 18]",10,0.6,0.3,0.7,0.9,0.1,302.7958679199219
0,30,300,5,0.2,0.5,132.46054399366363,adversarial,2.0,10,log_loss,0.0,0.0,0.10452938086843837,0.9966666666666667,0.6577272727272728,"[2, 5, 7, 8, 9, 10, 11, 12, 17, 18]",10,0.6,0.3,0.7,0.9,0.1,343.48368191719055
0,30,300,5,0.2,0.5,132.46054399366363,pc,2.0,10,log_loss,1.3246054399366363,0.01,0.09551367127821528,0.9966666666666667,0.4835631035631036,"[2, 3, 7, 8, 10, 12, 16, 17, 18, 22]",10,0.8,0.4,0.6,1.0,0.0,348.12005400657654
0,30,300,5,0.2,0.5,132.46054399366363,ges,2.0,10,log_loss,107.44283109643425,0.8111308307896868,0.05174275858703257,0.9986666666666666,0.6583333333333333,"[2, 8, 9, 10, 17, 18, 19, 22]",8,0.8,0.5,0.5,1.0,0.0,295.01244020462036
0,30,300,5,0.2,0.5,132.46054399366363,iamb,2.0,10,log_loss,30.60010367689343,0.23101297000831592,0.04769821465613465,0.9991111111111112,0.7765151515151515,"[2, 7, 8, 10, 12, 17, 18, 22, 29]",9,0.8,0.4444444444444444,0.5555555555555556,1.0,0.0,283.196524143219
0,30,300,5,0.2,0.5,132.46054399366363,bootstrap_l1,2.0,10,log_loss,4.650943671801914,0.03511191734215131,0.06964311594927454,0.9951111111111111,0.7380952380952381,"[2, 5, 7, 8, 10, 11, 17, 20, 25]",9,0.6,0.3333333333333333,0.6666666666666666,0.8888888888888888,0.1111111111111111,284.4629409313202
