seed,p,n,k_star,p_edge,noise_scale,mu_scale,q_source,K_multiplier,K,criterion,mu_star,mu_star_relative,log_loss_star,auc_star,stability_star,support,k_actual,S_recall,S_precision,C_inclusion,causal_precision,correlate_inclusion,fit_seconds
18,30,300,5,0.2,1.0,186.8229379556082,oracle,2.0,10,log_loss,0.0,0.0,0.08217154938868972,0.9977777777777778,0.5259090909090909,"[4, 10, 11, 13, 15]",5,0.8,0.8,0.2,0.8,0.2,298.40675592422485
18,30,300,5,0.2,1.0,186.8229379556082,uniform,2.0,10,log_loss,0.0,0.0,0.10100766695734734,0.9931111111111111,0.5043764568764568,"[4, 10, 11, 13, 15]",5,0.8,0.8,0.2,0.8,0.2,285.6535038948059
18,30,300,5,0.2,1.0,186.8229379556082,adversarial,2.0,10,log_loss,0.0,0.0,0.1093131115663161,0.9953333333333333,0.4937950937950938,"[4, 10, 11, 13, 15]",5,0.8,0.8,0.2,0.8,0.2,271.6591398715973
18,30,300,5,0.2,1.0,186.8229379556082,pc,2.0,10,log_loss,1.868229379556082,0.01,0.07725453306922667,0.9968888888888889,0.6026767676767676,"[4, 7, 10, 11, 13, 15, 19, 25]",8,0.8,0.5,0.5,0.875,0.125,293.08775091171265
18,30,300,5,0.2,1.0,186.8229379556082,ges,2.0,10,log_loss,3.500720761311832,0.01873817422860384,0.0774198930625803,0.9964444444444445,0.7392929292929293,"[4, 10, 11, 13, 24]",5,1.0,1.0,0.0,1.0,0.0,313.33875608444214
18,30,300,5,0.2,1.0,186.8229379556082,iamb,2.0,10,log_loss,80.87119002404191,0.4328761281083057,0.07015311510888053,0.9988888888888889,0.5753968253968254,"[4, 8, 10, 11, 13, 15, 19, 25]",8,0.8,0.5,0.5,0.875,0.125,292.88030529022217
18,30,300,5,0.2,1.0,186.8229379556082,bootstrap_l1,2.0,10,log_loss,80.87119002404191,0.4328761281083057,0.07504725297463552,0.9975555555555555,0.8286868686868687,"[2, 4, 8, 10, 11, 13, 15, 17, 19, 25]",10,0.8,0.4,0.6,0.9,0.1,302.99537992477417
