seed,p,n,k_star,p_edge,noise_scale,mu_scale,q_source,K_multiplier,K,criterion,mu_star,mu_star_relative,log_loss_star,auc_star,stability_star,support,k_actual,S_recall,S_precision,C_inclusion,causal_precision,correlate_inclusion,fit_seconds
5,15,300,5,0.2,1.0,312.84818485668217,oracle,2.0,10,log_loss,3.1284818485668215,0.01,0.032896421402290245,0.9995555555555555,0.5821825396825397,"[5, 6, 7, 8, 9, 12]",6,0.8,0.6666666666666666,0.3333333333333333,0.8333333333333334,0.16666666666666666,240.64354300498962
5,15,300,5,0.2,1.0,312.84818485668217,uniform,2.0,10,log_loss,0.0,0.0,0.02842829647033121,0.9993333333333332,0.4936904761904762,"[1, 5, 7, 8, 9, 12]",6,0.6,0.5,0.5,0.6666666666666666,0.3333333333333333,244.89871621131897
5,15,300,5,0.2,1.0,312.84818485668217,adversarial,2.0,10,log_loss,0.0,0.0,0.050815129818474566,0.9995555555555555,0.40777777777777774,"[1, 5, 7, 8, 9, 12]",6,0.6,0.5,0.5,0.6666666666666666,0.3333333333333333,281.41139912605286
5,15,300,5,0.2,1.0,312.84818485668217,pc,2.0,10,log_loss,3.1284818485668215,0.01,0.0348244949933179,0.9991111111111112,0.5642857142857143,"[5, 6, 7, 9, 12]",5,0.6,0.6,0.4,0.8,0.2,226.3263771533966
5,15,300,5,0.2,1.0,312.84818485668217,ges,2.0,10,log_loss,20.583321509102383,0.0657933224657568,0.02713416577595302,1.0,0.4998809523809524,"[5, 6, 9]",3,0.6,1.0,0.0,1.0,0.0,248.06697487831116
5,15,300,5,0.2,1.0,312.84818485668217,iamb,2.0,10,log_loss,3.1284818485668215,0.01,0.03807567039841864,0.9993333333333334,0.6875,"[3, 5, 6, 7, 8, 9, 12]",7,0.8,0.5714285714285714,0.42857142857142855,0.8571428571428571,0.14285714285714285,224.41285610198975
5,15,300,5,0.2,1.0,312.84818485668217,bootstrap_l1,2.0,10,log_loss,3.1284818485668215,0.01,0.02195922966694299,1.0,0.5839285714285715,"[0, 2, 4, 8, 9, 12]",6,0.6,0.5,0.5,0.8333333333333334,0.16666666666666666,239.12608909606934
