seed,p,n,k_star,p_edge,noise_scale,mu_scale,q_source,K_multiplier,K,criterion,mu_star,mu_star_relative,log_loss_star,auc_star,stability_star,support,k_actual,S_recall,S_precision,C_inclusion,causal_precision,correlate_inclusion,fit_seconds
6,30,300,7,0.2,1.0,604.1066250919105,oracle,2.0,14,log_loss,6.041066250919105,0.01,0.05380134753592205,0.9988888888888889,0.5289010989010988,"[1, 4, 6, 7, 8, 9, 10, 19, 21, 22, 23, 28, 29]",13,1.0,0.5384615384615384,0.46153846153846156,0.7692307692307693,0.23076923076923078,559.7567133903503
6,30,300,7,0.2,1.0,604.1066250919105,uniform,2.0,14,log_loss,0.0,0.0,0.12410214571768337,0.9935555555555556,0.32144189144189145,"[0, 1, 4, 6, 7, 8, 9, 13, 18, 20, 23, 28]",12,0.42857142857142855,0.25,0.75,0.6666666666666666,0.3333333333333333,632.7221729755402
6,30,300,7,0.2,1.0,604.1066250919105,adversarial,2.0,14,log_loss,0.0,0.0,0.05706303697041213,0.9975555555555555,0.3783508158508158,"[0, 1, 4, 6, 7, 8, 9, 13, 18, 20, 23, 28]",12,0.42857142857142855,0.25,0.75,0.6666666666666666,0.3333333333333333,594.9772291183472
6,30,300,7,0.2,1.0,604.1066250919105,pc,2.0,14,log_loss,39.74618198837211,0.0657933224657568,0.057165380945680154,0.9984444444444446,0.44089493839493843,"[3, 7, 8, 9, 10, 18, 19, 20, 23, 24, 28]",11,0.42857142857142855,0.2727272727272727,0.7272727272727273,0.8181818181818182,0.18181818181818182,581.8476729393005
6,30,300,7,0.2,1.0,604.1066250919105,ges,2.0,14,log_loss,139.55646566418247,0.23101297000831592,0.03950725399258269,0.9986666666666666,0.7322527472527472,"[4, 6, 7, 8, 11, 16, 19, 21, 22, 23]",10,0.8571428571428571,0.6,0.4,0.8,0.2,558.764753818512
6,30,300,7,0.2,1.0,604.1066250919105,iamb,2.0,14,log_loss,39.74618198837211,0.0657933224657568,0.06386932603431686,0.998,0.6892857142857143,"[4, 6, 7, 8, 10, 16, 19, 20, 21, 22, 23, 29]",12,1.0,0.5833333333333334,0.4166666666666667,0.8333333333333334,0.16666666666666666,553.7569699287415
6,30,300,7,0.2,1.0,604.1066250919105,bootstrap_l1,2.0,14,log_loss,21.21134188607315,0.03511191734215131,0.06086660879918769,0.9975555555555555,0.6318181818181818,"[3, 6, 7, 8, 10, 11, 15, 19, 20, 23, 24]",11,0.5714285714285714,0.36363636363636365,0.6363636363636364,0.9090909090909091,0.09090909090909091,593.6342430114746
