seed,p,n,k_star,p_edge,noise_scale,mu_scale,q_source,K_multiplier,K,criterion,mu_star,mu_star_relative,log_loss_star,auc_star,stability_star,support,k_actual,S_recall,S_precision,C_inclusion,causal_precision,correlate_inclusion,fit_seconds
17,30,300,5,0.6,1.0,3564.2374650443803,oracle,2.0,10,log_loss,35.642374650443806,0.01,0.22984574126326507,0.9671111111111111,0.41261904761904755,"[4, 6, 22]",3,0.6,1.0,0.0,1.0,0.0,380.26127791404724
17,30,300,5,0.6,1.0,3564.2374650443803,uniform,2.0,10,log_loss,0.0,0.0,0.16892317454305955,0.9846666666666668,0.36630952380952375,"[6, 8, 13, 29]",4,0.2,0.25,0.75,1.0,0.0,377.0079128742218
17,30,300,5,0.6,1.0,3564.2374650443803,adversarial,2.0,10,log_loss,0.0,0.0,0.23790288149204514,0.9815555555555557,0.2837301587301587,"[6, 8, 13, 29]",4,0.2,0.25,0.75,1.0,0.0,326.75609517097473
17,30,300,5,0.6,1.0,3564.2374650443803,pc,2.0,10,log_loss,35.642374650443806,0.01,0.20994480048400596,0.9731111111111111,0.4023809523809524,"[6, 13, 28, 29]",4,0.2,0.25,0.75,1.0,0.0,309.03087997436523
17,30,300,5,0.6,1.0,3564.2374650443803,ges,2.0,10,log_loss,1542.873313526974,0.4328761281083057,0.032125477996090314,0.9997777777777778,0.7,"[6, 8]",2,0.2,0.5,0.5,1.0,0.0,331.94224786758423
17,30,300,5,0.6,1.0,3564.2374650443803,iamb,2.0,10,log_loss,0.0,0.0,0.31596732415186446,0.9564444444444445,0.28428571428571425,"[6, 8, 13, 29]",4,0.2,0.25,0.75,1.0,0.0,327.97581005096436
17,30,300,5,0.6,1.0,3564.2374650443803,bootstrap_l1,2.0,10,log_loss,35.642374650443806,0.01,0.1342842255769139,0.9933333333333334,0.5692857142857142,"[6, 8, 13, 16, 17]",5,0.2,0.2,0.8,1.0,0.0,329.96347212791443
