seed,p,n,k_star,p_edge,noise_scale,mu_scale,q_source,K_multiplier,K,criterion,mu_star,mu_star_relative,log_loss_star,auc_star,stability_star,support,k_actual,S_recall,S_precision,C_inclusion,causal_precision,correlate_inclusion,fit_seconds
3,30,300,3,0.2,1.0,101.94959343612152,oracle,2.0,6,log_loss,1.019495934361215,0.009999999999999998,0.051332478099991044,0.998,0.7066666666666667,"[3, 7, 12, 16]",4,1.0,0.75,0.25,0.75,0.25,200.49478697776794
3,30,300,3,0.2,1.0,101.94959343612152,uniform,2.0,6,log_loss,0.0,0.0,0.047462405767877136,0.9993333333333332,0.7200000000000001,"[3, 7, 12, 16]",4,1.0,0.75,0.25,0.75,0.25,221.22981810569763
3,30,300,3,0.2,1.0,101.94959343612152,adversarial,2.0,6,log_loss,0.0,0.0,0.07502073701799576,0.9973333333333333,0.6995238095238095,"[3, 7, 12, 16]",4,1.0,0.75,0.25,0.75,0.25,210.75078582763672
3,30,300,3,0.2,1.0,101.94959343612152,pc,2.0,6,log_loss,6.707602476195546,0.0657933224657568,0.052254504438888225,0.9988888888888889,1.0,"[3, 7, 16, 24, 25]",5,1.0,0.6,0.4,1.0,0.0,198.68042993545532
3,30,300,3,0.2,1.0,101.94959343612152,ges,2.0,6,log_loss,290.356098878521,2.848035868435799,0.050013228111035146,0.9993333333333332,0.6642857142857143,"[3, 7, 16, 19, 24]",5,1.0,0.6,0.4,1.0,0.0,152.92275214195251
3,30,300,3,0.2,1.0,101.94959343612152,iamb,2.0,6,log_loss,6.707602476195546,0.0657933224657568,0.04801427633316254,0.9986666666666668,0.661904761904762,"[3, 7, 12, 16, 24]",5,1.0,0.6,0.4,0.8,0.2,209.04298996925354
3,30,300,3,0.2,1.0,101.94959343612152,bootstrap_l1,2.0,6,log_loss,0.0,0.0,0.043879691593711814,1.0,0.8,"[3, 7, 12, 16]",4,1.0,0.75,0.25,0.75,0.25,187.56002283096313
