seed,p,n,k_star,p_edge,noise_scale,mu_scale,q_source,K_multiplier,K,criterion,mu_star,mu_star_relative,log_loss_star,auc_star,stability_star,support,k_actual,S_recall,S_precision,C_inclusion,causal_precision,correlate_inclusion,fit_seconds
14,30,300,5,0.3,1.0,1062.4479886717436,oracle,2.0,10,log_loss,0.0,0.0,0.07281331779770579,0.9971111111111111,0.40444444444444444,"[1, 4, 6, 8, 11, 25, 28]",7,0.2,0.14285714285714285,0.8571428571428571,1.0,0.0,266.9944849014282
14,30,300,5,0.3,1.0,1062.4479886717436,uniform,2.0,10,log_loss,0.0,0.0,0.07391009749587656,0.9960000000000001,0.5004473304473305,"[1, 4, 6, 8, 11, 25, 28]",7,0.2,0.14285714285714285,0.8571428571428571,1.0,0.0,269.4317660331726
14,30,300,5,0.3,1.0,1062.4479886717436,adversarial,2.0,10,log_loss,0.0,0.0,0.11960201144621618,0.9966666666666667,0.3162937062937063,"[1, 4, 6, 8, 11, 25, 28]",7,0.2,0.14285714285714285,0.8571428571428571,1.0,0.0,268.3381869792938
14,30,300,5,0.3,1.0,1062.4479886717436,pc,2.0,10,log_loss,10.624479886717436,0.01,0.07185073334452344,0.998,0.6342857142857141,"[1, 4, 7, 11, 14, 24]",6,0.2,0.16666666666666666,0.8333333333333334,1.0,0.0,255.67523193359375
14,30,300,5,0.3,1.0,1062.4479886717436,ges,2.0,10,log_loss,459.9083716526814,0.4328761281083057,0.04735739014243735,0.9991111111111112,0.7267857142857143,"[3, 4, 8, 12, 16]",5,0.8,0.8,0.2,1.0,0.0,291.24271392822266
14,30,300,5,0.3,1.0,1062.4479886717436,iamb,2.0,10,log_loss,0.0,0.0,0.09669469913863393,0.9975555555555555,0.5052272727272727,"[1, 4, 6, 8, 11, 25, 28]",7,0.2,0.14285714285714285,0.8571428571428571,1.0,0.0,268.27970933914185
14,30,300,5,0.3,1.0,1062.4479886717436,bootstrap_l1,2.0,10,log_loss,10.624479886717436,0.01,0.04814043667725112,0.9982222222222223,0.633531746031746,"[1, 4, 6, 7, 11]",5,0.2,0.2,0.8,1.0,0.0,314.20283222198486
