seed,p,n,k_star,p_edge,noise_scale,mu_scale,q_source,K_multiplier,K,criterion,mu_star,mu_star_relative,log_loss_star,auc_star,stability_star,support,k_actual,S_recall,S_precision,C_inclusion,causal_precision,correlate_inclusion,fit_seconds
3,30,300,5,0.6,1.0,23715.206388327977,oracle,2.0,10,log_loss,0.0,0.0,0.0493930473935955,0.9986666666666666,0.3434920634920635,"[3, 21, 24]",3,0.2,0.3333333333333333,0.6666666666666666,1.0,0.0,247.56928992271423
3,30,300,5,0.6,1.0,23715.206388327977,uniform,2.0,10,log_loss,0.0,0.0,0.06863527607748768,0.9948888888888888,0.24428571428571427,"[3, 21, 24]",3,0.2,0.3333333333333333,0.6666666666666666,1.0,0.0,275.79928708076477
3,30,300,5,0.6,1.0,23715.206388327977,adversarial,2.0,10,log_loss,237.15206388327977,0.01,0.08287490131814441,0.9951111111111111,0.3383333333333333,"[8, 9, 21, 24]",4,0.0,0.0,1.0,1.0,0.0,276.7517161369324
3,30,300,5,0.6,1.0,23715.206388327977,pc,2.0,10,log_loss,0.0,0.0,0.0500270505245675,0.9995555555555555,0.4966666666666667,"[3, 21, 24]",3,0.2,0.3333333333333333,0.6666666666666666,1.0,0.0,257.6593499183655
3,30,300,5,0.6,1.0,23715.206388327977,ges,2.0,10,log_loss,0.0,0.0,0.033215780105225544,0.999111111111111,0.42785714285714294,"[3, 21, 24]",3,0.2,0.3333333333333333,0.6666666666666666,1.0,0.0,324.2385709285736
3,30,300,5,0.6,1.0,23715.206388327977,iamb,2.0,10,log_loss,0.0,0.0,0.08506662305115227,0.9946666666666667,0.2638095238095238,"[3, 21, 24]",3,0.2,0.3333333333333333,0.6666666666666666,1.0,0.0,299.3206331729889
3,30,300,5,0.6,1.0,23715.206388327977,bootstrap_l1,2.0,10,log_loss,2923.72148710458,0.12328467394420659,0.0420528577913183,0.9993333333333332,0.48166666666666663,"[21, 24]",2,0.0,0.0,1.0,1.0,0.0,316.32700514793396
