seed,p,n,k_star,p_edge,noise_scale,mu_scale,q_source,K_multiplier,K,criterion,mu_star,mu_star_relative,log_loss_star,auc_star,stability_star,support,k_actual,S_recall,S_precision,C_inclusion,causal_precision,correlate_inclusion,fit_seconds
0,30,100,5,0.2,1.0,79.64226587941658,oracle,2.0,10,log_loss,2.7963926564997124,0.03511191734215131,0.5727154649769477,0.962,0.5128282828282827,"[2, 9, 10, 17, 18, 21, 22, 23]",8,1.0,0.625,0.375,1.0,0.0,158.745609998703
0,30,100,5,0.2,1.0,79.64226587941658,uniform,2.0,10,log_loss,0.0,0.0,0.43602159408546115,0.984,0.3950549450549451,"[2, 10, 15, 17, 18, 21, 23, 25, 28]",9,0.8,0.4444444444444444,0.5555555555555556,0.8888888888888888,0.1111111111111111,197.4263277053833
0,30,100,5,0.2,1.0,79.64226587941658,adversarial,2.0,10,log_loss,0.0,0.0,0.4228889025874409,0.974,0.34390775890775893,"[2, 10, 15, 17, 18, 21, 23, 25, 28]",9,0.8,0.4444444444444444,0.5555555555555556,0.8888888888888888,0.1111111111111111,200.75282621383667
0,30,100,5,0.2,1.0,79.64226587941658,pc,2.0,10,log_loss,121.04916258160951,1.5199110829529332,0.2601076797732307,0.976,0.4833333333333333,"[0, 9, 10, 11, 17, 20, 21, 23, 25]",9,0.6,0.3333333333333333,0.6666666666666666,1.0,0.0,225.70221996307373
0,30,100,5,0.2,1.0,79.64226587941658,ges,2.0,10,log_loss,2.7963926564997124,0.03511191734215131,0.2936011080084444,0.9879999999999999,0.5724242424242424,"[2, 9, 10, 17, 18, 21, 22, 23]",8,1.0,0.625,0.375,1.0,0.0,285.89667081832886
0,30,100,5,0.2,1.0,79.64226587941658,iamb,2.0,10,log_loss,64.6002972887443,0.8111308307896868,0.1686242819865921,0.99,0.7063636363636364,"[2, 8, 9, 10, 12, 17, 21, 22, 29]",9,1.0,0.5555555555555556,0.4444444444444444,1.0,0.0,293.3304579257965
0,30,100,5,0.2,1.0,79.64226587941658,bootstrap_l1,2.0,10,log_loss,34.47523568765408,0.4328761281083057,0.3365174533068996,0.9880000000000001,0.649090909090909,"[2, 3, 9, 10, 17, 18, 21, 25]",8,0.8,0.5,0.5,1.0,0.0,260.046422958374
