seed,p,n,k_star,p_edge,noise_scale,mu_scale,q_source,K_multiplier,K,criterion,mu_star,mu_star_relative,log_loss_star,auc_star,stability_star,support,k_actual,S_recall,S_precision,C_inclusion,causal_precision,correlate_inclusion,fit_seconds
2,30,200,5,0.2,1.0,100.9581635709834,oracle,2.0,10,log_loss,3.5448346943197606,0.03511191734215131,0.19326717237497726,0.9894999999999999,0.4986396936396937,"[2, 10, 11, 14, 19, 22, 26]",7,0.6,0.42857142857142855,0.5714285714285714,0.8571428571428571,0.14285714285714285,253.22337412834167
2,30,200,5,0.2,1.0,100.9581635709834,uniform,2.0,10,log_loss,0.0,0.0,0.2910138352739248,0.9855,0.3304383116883117,"[10, 11, 13, 14, 17, 18, 19, 22, 27]",9,0.4,0.2222222222222222,0.7777777777777778,0.7777777777777778,0.2222222222222222,338.57992577552795
2,30,200,5,0.2,1.0,100.9581635709834,adversarial,2.0,10,log_loss,1.009581635709834,0.009999999999999998,0.2350444068116157,0.9884999999999999,0.3944055944055944,"[3, 11, 12, 14, 17, 18, 19, 22, 26, 28]",10,0.2,0.1,0.9,0.7,0.3,533.6615891456604
2,30,200,5,0.2,1.0,100.9581635709834,pc,2.0,10,log_loss,81.89027909233286,0.8111308307896868,0.14800277941129752,0.9925,0.5086363636363636,"[8, 10, 11, 12, 14, 15, 17, 19, 27]",9,0.6,0.3333333333333333,0.6666666666666666,0.8888888888888888,0.1111111111111111,359.3049809932709
2,30,200,5,0.2,1.0,100.9581635709834,ges,2.0,10,log_loss,287.5324710615692,2.8480358684357996,0.128449308202311,0.99,0.6888888888888889,"[2, 10, 14, 17, 19, 20, 29]",7,0.8,0.5714285714285714,0.42857142857142855,0.8571428571428571,0.14285714285714285,287.71250581741333
2,30,200,5,0.2,1.0,100.9581635709834,iamb,2.0,10,log_loss,43.702378947532296,0.4328761281083057,0.17509221873660002,0.99,0.5627272727272727,"[7, 8, 10, 14, 15, 19, 25, 29]",8,0.8,0.5,0.5,1.0,0.0,292.0473642349243
2,30,200,5,0.2,1.0,100.9581635709834,bootstrap_l1,2.0,10,log_loss,153.44743172611274,1.519911082952933,0.24169899167552322,0.9935,0.5676262626262627,"[8, 10, 12, 14, 15, 17, 19, 22, 23, 29]",10,0.8,0.4,0.6,1.0,0.0,299.99276399612427
