seed,p,n,k_star,p_edge,noise_scale,mu_scale,q_source,K_multiplier,K,criterion,mu_star,mu_star_relative,log_loss_star,auc_star,stability_star,support,k_actual,S_recall,S_precision,C_inclusion,causal_precision,correlate_inclusion,fit_seconds
5,30,100,5,0.2,1.0,24.992359739370983,oracle,2.0,10,log_loss,0.24992359739370984,0.01,0.04416756866763134,1.0,0.5795454545454545,"[2, 4, 7, 12, 20, 22, 27]",7,1.0,0.7142857142857143,0.2857142857142857,1.0,0.0,283.66957998275757
5,30,100,5,0.2,1.0,24.992359739370983,uniform,2.0,10,log_loss,0.0,0.0,0.07965189354840177,0.998,0.42005050505050506,"[2, 4, 15, 16, 22, 26, 27]",7,0.8,0.5714285714285714,0.42857142857142855,0.8571428571428571,0.14285714285714285,279.892596244812
5,30,100,5,0.2,1.0,24.992359739370983,adversarial,2.0,10,log_loss,0.24992359739370984,0.01,0.09381747027693306,1.0,0.3062756687756688,"[2, 6, 13, 18, 20, 23]",6,0.4,0.3333333333333333,0.6666666666666666,0.5,0.5,255.009192943573
5,30,100,5,0.2,1.0,24.992359739370983,pc,2.0,10,log_loss,0.8775296693541041,0.03511191734215131,0.053532581509233304,0.998,0.2972893772893773,"[2, 4, 16, 22, 26, 27]",6,0.8,0.6666666666666666,0.3333333333333333,0.8333333333333334,0.16666666666666666,264.37102007865906
5,30,100,5,0.2,1.0,24.992359739370983,ges,2.0,10,log_loss,0.8775296693541041,0.03511191734215131,0.09290500312139358,1.0,0.39388888888888884,"[2, 4, 7, 14, 22, 24, 26, 27]",8,0.8,0.5,0.5,0.875,0.125,261.22562289237976
5,30,100,5,0.2,1.0,24.992359739370983,iamb,2.0,10,log_loss,5.773559250908351,0.23101297000831592,0.016419023051027094,1.0,0.7642857142857143,"[2, 3, 4, 7, 20, 22, 27]",7,1.0,0.7142857142857143,0.2857142857142857,1.0,0.0,234.47649097442627
5,30,100,5,0.2,1.0,24.992359739370983,bootstrap_l1,2.0,10,log_loss,20.272073518790705,0.8111308307896868,0.08793149879710202,0.9960000000000001,0.6096717171717172,"[2, 4, 9, 16, 20, 22, 27]",7,1.0,0.7142857142857143,0.2857142857142857,1.0,0.0,249.18937587738037
