seed,p,n,k_star,p_edge,noise_scale,mu_scale,q_source,K_multiplier,K,criterion,mu_star,mu_star_relative,log_loss_star,auc_star,stability_star,support,k_actual,S_recall,S_precision,C_inclusion,causal_precision,correlate_inclusion,fit_seconds
19,30,300,5,0.1,1.0,33.59118507163136,oracle,2.0,10,log_loss,0.0,0.0,0.06087668348336073,0.9991111111111112,0.587995337995338,"[1, 3, 7, 9, 10, 11, 18, 22, 23, 29]",10,0.8,0.4,0.5,0.8,0.1,261.22883105278015
19,30,300,5,0.1,1.0,33.59118507163136,uniform,2.0,10,log_loss,0.0,0.0,0.09740729646047508,0.9951111111111111,0.43598901098901094,"[1, 3, 7, 9, 10, 11, 18, 22, 23, 29]",10,0.8,0.4,0.5,0.8,0.1,262.8910391330719
19,30,300,5,0.1,1.0,33.59118507163136,adversarial,2.0,10,log_loss,0.0,0.0,0.04988946270545186,0.9988888888888889,0.5298035298035297,"[1, 3, 7, 9, 10, 11, 18, 22, 23, 29]",10,0.8,0.4,0.5,0.8,0.1,276.6122169494629
19,30,300,5,0.1,1.0,33.59118507163136,pc,2.0,10,log_loss,179.26605154708383,5.336699231206307,0.03965323697393639,0.9991111111111112,0.6358508158508159,"[1, 3, 7, 9, 10, 18, 22, 23, 29]",9,0.8,0.4444444444444444,0.4444444444444444,0.7777777777777778,0.1111111111111111,271.19072103500366
19,30,300,5,0.1,1.0,33.59118507163136,ges,2.0,10,log_loss,95.66889994727127,2.848035868435799,0.05500578735807478,0.9975555555555555,0.6421212121212121,"[0, 1, 3, 5, 7, 10, 11, 20, 23, 29]",10,1.0,0.5,0.4,0.8,0.1,282.31075620651245
19,30,300,5,0.1,1.0,33.59118507163136,iamb,2.0,10,log_loss,14.540822132377302,0.4328761281083057,0.048193993406984034,0.9986666666666666,0.6795959595959596,"[3, 5, 7, 10, 11, 20, 23, 29]",8,1.0,0.625,0.25,0.75,0.125,266.1587209701538
19,30,300,5,0.1,1.0,33.59118507163136,bootstrap_l1,2.0,10,log_loss,51.055614479895624,1.5199110829529332,0.053088723840917784,0.9984444444444446,0.7219696969696969,"[3, 7, 8, 10, 11, 22, 23, 25, 29]",9,0.8,0.4444444444444444,0.4444444444444444,0.7777777777777778,0.1111111111111111,266.1534776687622
