seed,p,n,k_star,p_edge,noise_scale,mu_scale,q_source,K_multiplier,K,criterion,mu_star,mu_star_relative,log_loss_star,auc_star,stability_star,support,k_actual,S_recall,S_precision,C_inclusion,causal_precision,correlate_inclusion,fit_seconds
5,30,300,3,0.2,1.0,217.98095549031947,oracle,2.0,6,log_loss,4.084565122495145,0.01873817422860384,0.07622978808917621,0.9964444444444445,0.5732142857142858,"[4, 20, 27]",3,1.0,1.0,0.0,1.0,0.0,127.37683463096619
5,30,300,3,0.2,1.0,217.98095549031947,uniform,2.0,6,log_loss,0.0,0.0,0.14611444909112578,0.9908888888888889,0.5479761904761904,"[4, 7, 24, 25, 27, 28]",6,0.6666666666666666,0.3333333333333333,0.6666666666666666,0.6666666666666666,0.3333333333333333,125.02067685127258
5,30,300,3,0.2,1.0,217.98095549031947,adversarial,2.0,6,log_loss,0.0,0.0,0.24233989026636973,0.9657777777777777,0.3918650793650794,"[4, 7, 24, 25, 27, 28]",6,0.6666666666666666,0.3333333333333333,0.6666666666666666,0.6666666666666666,0.3333333333333333,123.76984596252441
5,30,300,3,0.2,1.0,217.98095549031947,pc,2.0,6,log_loss,620.8175798723373,2.848035868435799,0.08893771586631194,0.9948888888888889,0.6130952380952381,"[4, 5, 17, 24, 27, 28]",6,0.6666666666666666,0.3333333333333333,0.6666666666666666,0.5,0.5,117.39648103713989
5,30,300,3,0.2,1.0,217.98095549031947,ges,2.0,6,log_loss,50.35642793306922,0.23101297000831592,0.06370081440110954,0.9977777777777778,0.7933333333333333,"[4, 20, 22, 27]",4,1.0,0.75,0.25,1.0,0.0,124.38569211959839
5,30,300,3,0.2,1.0,217.98095549031947,iamb,2.0,6,log_loss,94.35875201399843,0.4328761281083057,0.06318940284844721,0.9984444444444446,0.7035714285714286,"[4, 20, 22, 27]",4,1.0,0.75,0.25,1.0,0.0,119.16138410568237
5,30,300,3,0.2,1.0,217.98095549031947,bootstrap_l1,2.0,6,log_loss,620.8175798723373,2.848035868435799,0.06640158921650732,0.9977777777777778,0.77,"[4, 20, 22, 27]",4,1.0,0.75,0.25,1.0,0.0,132.94484400749207
