seed,p,n,k_star,p_edge,noise_scale,mu_scale,q_source,K_multiplier,K,criterion,mu_star,mu_star_relative,log_loss_star,auc_star,stability_star,support,k_actual,S_recall,S_precision,C_inclusion,causal_precision,correlate_inclusion,fit_seconds
3,30,500,5,0.2,1.0,242.3661659227322,oracle,2.0,10,log_loss,29.880033740891513,0.12328467394420659,0.06629670753271433,0.9974399999999999,0.7412121212121213,"[1, 3, 7, 10, 15, 16, 18, 24, 28, 29]",10,1.0,0.5,0.5,1.0,0.0,272.2597918510437
3,30,500,5,0.2,1.0,242.3661659227322,uniform,2.0,10,log_loss,0.0,0.0,0.10610672093105256,0.99352,0.7123232323232325,"[1, 3, 5, 6, 7, 15, 16, 24, 25]",9,1.0,0.5555555555555556,0.4444444444444444,0.8888888888888888,0.1111111111111111,285.46901512145996
3,30,500,5,0.2,1.0,242.3661659227322,adversarial,2.0,10,log_loss,0.0,0.0,0.1327446554175662,0.9919999999999998,0.5718686868686867,"[1, 3, 5, 6, 7, 15, 16, 24, 25]",9,1.0,0.5555555555555556,0.4444444444444444,0.8888888888888888,0.1111111111111111,280.58296513557434
3,30,500,5,0.2,1.0,242.3661659227322,pc,2.0,10,log_loss,690.2675338432035,2.848035868435799,0.09587676663558946,0.9949600000000001,0.6336363636363636,"[4, 5, 10, 15, 16, 18, 24, 28]",8,0.4,0.25,0.75,0.875,0.125,311.0554270744324
3,30,500,5,0.2,1.0,242.3661659227322,ges,2.0,10,log_loss,15.946075309343435,0.0657933224657568,0.06896337710348574,0.9971999999999998,0.735,"[1, 4, 5, 6, 15, 16, 18, 24, 25, 28]",10,0.6,0.3,0.7,0.9,0.1,292.8953700065613
3,30,500,5,0.2,1.0,242.3661659227322,iamb,2.0,10,log_loss,15.946075309343435,0.0657933224657568,0.0520073701944347,0.99848,0.7534920634920635,"[1, 3, 7, 8, 10, 15, 16, 28]",8,1.0,0.625,0.375,1.0,0.0,285.96628308296204
3,30,500,5,0.2,1.0,242.3661659227322,bootstrap_l1,2.0,10,log_loss,368.3750217187702,1.5199110829529332,0.06576821822674925,0.9975999999999999,0.8309090909090908,"[1, 6, 7, 15, 16, 20, 24, 25, 28]",9,0.8,0.4444444444444444,0.5555555555555556,1.0,0.0,283.2048759460449
