seed,p,n,k_star,p_edge,noise_scale,mu_scale,q_source,K_multiplier,K,criterion,mu_star,mu_star_relative,log_loss_star,auc_star,stability_star,support,k_actual,S_recall,S_precision,C_inclusion,causal_precision,correlate_inclusion,fit_seconds
0,30,150,5,0.2,1.0,128.58660795159173,oracle,2.0,10,log_loss,2.409478263262102,0.01873817422860384,0.040122935120948236,1.0,0.7787878787878789,"[2, 4, 10, 11, 17, 18, 20, 21, 22, 29]",10,1.0,0.5,0.5,1.0,0.0,154.4897961616516
0,30,150,5,0.2,1.0,128.58660795159173,uniform,2.0,10,log_loss,0.0,0.0,0.09716346689116909,0.9973333333333333,0.5383949383949385,"[10, 11, 15, 17, 18, 19, 20, 21, 22, 28]",10,0.8,0.4,0.6,0.9,0.1,195.4840009212494
0,30,150,5,0.2,1.0,128.58660795159173,adversarial,2.0,10,log_loss,0.0,0.0,0.1343527894650533,0.9973333333333333,0.40937728937728934,"[10, 11, 15, 17, 18, 19, 20, 21, 22, 28]",10,0.8,0.4,0.6,0.9,0.1,207.54469394683838
0,30,150,5,0.2,1.0,128.58660795159173,pc,2.0,10,log_loss,195.44021054494803,1.5199110829529332,0.09134790375980403,0.9973333333333333,0.6397979797979798,"[2, 9, 10, 17, 18, 20, 21, 22]",8,1.0,0.625,0.375,1.0,0.0,239.33554792404175
0,30,150,5,0.2,1.0,128.58660795159173,ges,2.0,10,log_loss,4.514922349703904,0.03511191734215131,0.06600221748305747,0.9982222222222223,0.6455555555555554,"[2, 9, 10, 17, 20, 21, 22]",7,1.0,0.7142857142857143,0.2857142857142857,1.0,0.0,301.23033714294434
0,30,150,5,0.2,1.0,128.58660795159173,iamb,2.0,10,log_loss,4.514922349703904,0.03511191734215131,0.052619125850282986,0.9991111111111112,0.7143434343434343,"[2, 4, 9, 10, 15, 17, 20, 21, 22, 23]",10,1.0,0.5,0.5,1.0,0.0,295.5537180900574
0,30,150,5,0.2,1.0,128.58660795159173,bootstrap_l1,2.0,10,log_loss,686.2280517986864,5.336699231206307,0.06689190331221825,0.9982222222222223,0.6701515151515152,"[2, 8, 10, 11, 17, 20, 21, 25]",8,0.8,0.5,0.5,1.0,0.0,248.71259307861328
