seed,p,n,k_star,p_edge,noise_scale,mu_scale,q_source,K_multiplier,K,criterion,mu_star,mu_star_relative,log_loss_star,auc_star,stability_star,support,k_actual,S_recall,S_precision,C_inclusion,causal_precision,correlate_inclusion,fit_seconds
6,30,500,5,0.2,1.0,792.0912752007516,oracle,2.0,10,log_loss,7.920912752007516,0.01,0.07787051729971697,0.99672,0.5653030303030302,"[1, 9, 10, 15, 19, 21, 22, 23, 24, 29]",10,0.8,0.4,0.6,0.9,0.1,354.0891270637512
6,30,500,5,0.2,1.0,792.0912752007516,uniform,2.0,10,log_loss,0.0,0.0,0.09164787127160473,0.9964000000000001,0.6448556998556998,"[9, 10, 14, 20, 21, 22, 23, 24, 29]",9,0.6,0.3333333333333333,0.6666666666666666,0.8888888888888888,0.1111111111111111,356.0641739368439
6,30,500,5,0.2,1.0,792.0912752007516,adversarial,2.0,10,log_loss,0.0,0.0,0.09763583375811469,0.9956000000000002,0.5683333333333332,"[9, 10, 14, 20, 21, 22, 23, 24, 29]",9,0.6,0.3333333333333333,0.6666666666666666,0.8888888888888888,0.1111111111111111,355.24425506591797
6,30,500,5,0.2,1.0,792.0912752007516,pc,2.0,10,log_loss,97.65271459717547,0.12328467394420659,0.10365965786444749,0.994,0.48686813186813194,"[1, 3, 10, 13, 21, 23, 24, 25, 28]",9,0.4,0.2222222222222222,0.7777777777777778,0.8888888888888888,0.1111111111111111,361.52849793434143
6,30,500,5,0.2,1.0,792.0912752007516,ges,2.0,10,log_loss,52.11431669159556,0.0657933224657568,0.05503365786987122,0.99816,0.7288888888888889,"[8, 9, 10, 15, 18, 19, 20, 21, 23, 29]",10,0.8,0.4,0.6,0.8,0.2,357.87137508392334
6,30,500,5,0.2,1.0,792.0912752007516,iamb,2.0,10,log_loss,14.842344319668676,0.01873817422860384,0.058223191377766416,0.9987199999999999,0.7988888888888889,"[1, 19, 21, 23, 24, 25, 29]",7,0.8,0.5714285714285714,0.42857142857142855,1.0,0.0,354.9839549064636
6,30,500,5,0.2,1.0,792.0912752007516,bootstrap_l1,2.0,10,log_loss,1203.9083078879441,1.519911082952933,0.05399769125642312,0.99848,0.8555555555555557,"[1, 9, 10, 13, 21, 23, 24, 28, 29]",9,0.6,0.3333333333333333,0.6666666666666666,0.8888888888888888,0.1111111111111111,339.08860182762146
