seed,p,n,k_star,p_edge,noise_scale,mu_scale,q_source,K_multiplier,K,criterion,mu_star,mu_star_relative,log_loss_star,auc_star,stability_star,support,k_actual,S_recall,S_precision,C_inclusion,causal_precision,correlate_inclusion,fit_seconds
12,30,300,5,0.2,1.0,519.8702548673039,oracle,2.0,10,log_loss,5.1987025486730385,0.01,0.05932505593826023,0.9982222222222221,0.7411111111111112,"[0, 5, 8, 9, 11, 13, 17, 25, 29]",9,1.0,0.5555555555555556,0.4444444444444444,0.8888888888888888,0.1111111111111111,263.00232768058777
12,30,300,5,0.2,1.0,519.8702548673039,uniform,2.0,10,log_loss,0.0,0.0,0.06330441698096957,0.9975555555555555,0.5478338328338328,"[0, 5, 8, 9, 11, 13, 17, 25, 29]",9,1.0,0.5555555555555556,0.4444444444444444,0.8888888888888888,0.1111111111111111,284.99867129325867
12,30,300,5,0.2,1.0,519.8702548673039,adversarial,2.0,10,log_loss,0.0,0.0,0.04430667084355966,0.9991111111111112,0.6052020202020202,"[0, 5, 8, 9, 11, 13, 17, 25, 29]",9,1.0,0.5555555555555556,0.4444444444444444,0.8888888888888888,0.1111111111111111,295.4935510158539
12,30,300,5,0.2,1.0,519.8702548673039,pc,2.0,10,log_loss,5.1987025486730385,0.01,0.05748592799008069,0.9968888888888889,0.6833333333333333,"[0, 5, 8, 9, 11, 13, 25, 29]",8,1.0,0.625,0.375,0.875,0.125,274.23897981643677
12,30,300,5,0.2,1.0,519.8702548673039,ges,2.0,10,log_loss,9.741419411972224,0.01873817422860384,0.03676630118624043,0.9995555555555555,0.645,"[0, 5, 6, 8, 11, 27, 29]",7,1.0,0.7142857142857143,0.2857142857142857,1.0,0.0,313.06763911247253
12,30,300,5,0.2,1.0,519.8702548673039,iamb,2.0,10,log_loss,18.253641417543907,0.03511191734215131,0.04025245220705589,0.999111111111111,0.738095238095238,"[0, 5, 8, 9, 11, 29]",6,1.0,0.8333333333333334,0.16666666666666666,0.8333333333333334,0.16666666666666666,256.8152358531952
12,30,300,5,0.2,1.0,519.8702548673039,bootstrap_l1,2.0,10,log_loss,18.253641417543907,0.03511191734215131,0.0323472968899846,1.0,0.7181818181818183,"[0, 3, 8, 9, 11, 12, 13, 25, 29]",9,0.8,0.4444444444444444,0.5555555555555556,0.8888888888888888,0.1111111111111111,286.01045083999634
