seed,p,n,k_star,p_edge,noise_scale,mu_scale,q_source,K_multiplier,K,criterion,mu_star,mu_star_relative,log_loss_star,auc_star,stability_star,support,k_actual,S_recall,S_precision,C_inclusion,causal_precision,correlate_inclusion,fit_seconds
12,30,300,5,0.1,1.0,66.15345527479084,oracle,2.0,10,log_loss,0.6615345527479084,0.01,0.15531272472712332,0.9917777777777778,0.27087454212454215,"[0, 5, 11, 12, 14, 16, 18, 22, 24]",9,0.6,0.3333333333333333,0.4444444444444444,0.4444444444444444,0.3333333333333333,253.85115718841553
12,30,300,5,0.1,1.0,66.15345527479084,uniform,2.0,10,log_loss,0.0,0.0,0.3583108805660431,0.9613333333333334,0.31715784215784215,"[5, 12, 14, 16, 22, 23, 24]",7,0.2,0.14285714285714285,0.5714285714285714,0.2857142857142857,0.42857142857142855,286.50778698921204
12,30,300,5,0.1,1.0,66.15345527479084,adversarial,2.0,10,log_loss,0.0,0.0,0.18843081963206212,0.9844444444444445,0.4491142191142191,"[5, 12, 14, 16, 22, 23, 24]",7,0.2,0.14285714285714285,0.5714285714285714,0.2857142857142857,0.42857142857142855,304.61641693115234
12,30,300,5,0.1,1.0,66.15345527479084,pc,2.0,10,log_loss,53.65910713664949,0.8111308307896868,0.11307767375424818,0.9962222222222221,0.6015068265068265,"[0, 5, 6, 8, 10, 12, 13, 14, 24, 29]",10,0.8,0.4,0.5,0.7,0.2,272.50598406791687
12,30,300,5,0.1,1.0,66.15345527479084,ges,2.0,10,log_loss,4.352455615118334,0.0657933224657568,0.09178962116820999,0.9946666666666667,0.550937395937396,"[0, 5, 6, 8, 11, 12, 24, 29]",8,1.0,0.625,0.25,0.875,0.0,289.69296383857727
12,30,300,5,0.1,1.0,66.15345527479084,iamb,2.0,10,log_loss,100.54736984778579,1.5199110829529332,0.06727751488948652,0.9955555555555555,0.6687878787878787,"[0, 5, 8, 11, 14, 24, 29]",7,1.0,0.7142857142857143,0.14285714285714285,0.7142857142857143,0.14285714285714285,297.40878319740295
12,30,300,5,0.1,1.0,66.15345527479084,bootstrap_l1,2.0,10,log_loss,15.282306179341726,0.23101297000831592,0.08726178350631006,0.9959999999999999,0.6162878787878788,"[0, 5, 8, 10, 11, 12, 13, 24]",8,0.8,0.5,0.375,0.75,0.125,307.3471882343292
