seed,p,n,k_star,p_edge,noise_scale,mu_scale,q_source,K_multiplier,K,criterion,mu_star,mu_star_relative,log_loss_star,auc_star,stability_star,support,k_actual,S_recall,S_precision,C_inclusion,causal_precision,correlate_inclusion,fit_seconds
0,30,300,5,0.4,1.0,1192.979856572029,oracle,2.0,10,log_loss,0.0,0.0,0.12363575914206296,0.9953333333333333,0.4687301587301588,"[0, 3, 10, 16, 21, 29]",6,0.4,0.3333333333333333,0.6666666666666666,1.0,0.0,289.66756772994995
0,30,300,5,0.4,1.0,1192.979856572029,uniform,2.0,10,log_loss,0.0,0.0,0.16903201482149194,0.9940000000000001,0.39190337440337436,"[0, 3, 10, 16, 21, 29]",6,0.4,0.3333333333333333,0.6666666666666666,1.0,0.0,301.83961510658264
0,30,300,5,0.4,1.0,1192.979856572029,adversarial,2.0,10,log_loss,11.929798565720288,0.01,0.07239279843615645,0.9962222222222221,0.39016317016317015,"[0, 3, 4, 5, 8, 21, 23, 24, 26, 29]",10,0.2,0.1,0.9,0.8,0.2,307.9204077720642
0,30,300,5,0.4,1.0,1192.979856572029,pc,2.0,10,log_loss,78.4901083985958,0.0657933224657568,0.01622293250283749,1.0,0.6444444444444445,"[5, 6, 10, 12, 17, 22, 26, 29]",8,0.6,0.375,0.625,0.875,0.125,270.12180519104004
0,30,300,5,0.4,1.0,1192.979856572029,ges,2.0,10,log_loss,11.929798565720288,0.01,0.01760757776495911,0.9997777777777778,0.652958152958153,"[2, 5, 8, 10, 16, 22, 23, 26]",8,0.6,0.375,0.625,0.875,0.125,335.39382100105286
0,30,300,5,0.4,1.0,1192.979856572029,iamb,2.0,10,log_loss,11.929798565720288,0.01,0.036848392427637086,0.9988888888888889,0.458939393939394,"[2, 10, 15, 17, 22, 24, 27, 29]",8,0.8,0.5,0.5,0.875,0.125,273.1775588989258
0,30,300,5,0.4,1.0,1192.979856572029,bootstrap_l1,2.0,10,log_loss,22.3542644036615,0.01873817422860384,0.11432479469470447,0.9942222222222222,0.47718253968253965,"[0, 3, 10, 12, 21, 24, 26, 29]",8,0.4,0.25,0.75,0.75,0.25,289.63738489151
