param,value,seed,method,edges,sd,sc,shd,fpr,tpr,f1,tp,mcc,shd-nm,f1_bin_bin,f1_bin_cont,precision_bin_bin,precision_bin_cont,recall_bin_bin,recall_bin_cont
n_obs,4,0,cmm_logistic,mut_0->Y,0.0,0.0,0.0,0.0,1.0,1.0,1,1.0,0.0,0.0,1.0,0.0,1.0,0.0,1.0
n_obs,4,0,pc_pillai,,0.16666666666666666,0.16666666666666666,0.16666666666666666,0.0,0.0,0.0,0,1,0.16666666666666666,0.0,0.0,0.0,0.0,0.0,0.0
n_obs,4,0,ges_cg,,0.16666666666666666,0.16666666666666666,0.16666666666666666,0.0,0.0,0.0,0,1,0.16666666666666666,0.0,0.0,0.0,0.0,0.0,0.0
n_obs,4,0,empty,,0.16666666666666666,0.16666666666666666,0.16666666666666666,0.0,0.0,0.0,0,1,0.16666666666666666,0.0,0.0,0.0,0.0,0.0,0.0
n_obs,4,1,cmm_logistic,,0.0,0.0,0.0,0.0,1,1,0,1,0.0,0.0,0.0,0.0,0.0,0.0,0.0
n_obs,4,1,pc_pillai,,0.0,0.0,0.0,0.0,1,1,0,1,0.0,0.0,0.0,0.0,0.0,0.0,0.0
n_obs,4,1,ges_cg,,0.0,0.0,0.0,0.0,1,1,0,1,0.0,0.0,0.0,0.0,0.0,0.0,0.0
n_obs,4,1,empty,,0.0,0.0,0.0,0.0,1,1,0,1,0.0,0.0,0.0,0.0,0.0,0.0,0.0
