source,target,count,n_eligible,frequency
mmpl5_Asp767Asn,lineage_2,10,10,1.0
mmpl5_Thr794Ile,fgd1_Phe320Phe,9,10,0.9
rv0678_G*128C,fgd1_G*357C,8,10,0.8
type_beyond_MDR,pepq_Ala87Gly,4,5,0.8
mmpl5_Thr794Ile,lineage_4,8,10,0.8
mmpl5_Thr794Ile,mmpl5_Asp767Asn,7,10,0.7
type_beyond_MDR,dlm_mic,3,5,0.6
type_beyond_MDR,mmpl5_Thr794Ile,3,5,0.6
rv1979c_C*135G,fgd1_G*357C,5,9,0.5555555555555556
rv0678_G*128C,lineage_2,5,10,0.5
rv1979c_C*135G,dlm_mic,4,9,0.4444444444444444
mmpl5_Thr794Ile,rv1979c_C*135G,4,9,0.4444444444444444
mmpl5_Thr794Ile,rv0678_G*128C,4,10,0.4
fgd1_G*357C,rv1979c_C*135G,3,9,0.3333333333333333
rv1979c_C*135G,rv0678_G*128C,3,9,0.3333333333333333
mmpl5_Thr794Ile,fgd1_G*357C,3,10,0.3
rv0678_G*128C,dlm_mic,3,10,0.3
mmpl5_Asp767Asn,mmpl5_Thr794Ile,3,10,0.3
pepq_Ala87Gly,dlm_mic,3,10,0.3
mmpl5_Asp767Asn,rv0678_G*128C,3,10,0.3
fgd1_G*357C,mmpl5_Thr794Ile,3,10,0.3
mmpl5_Thr794Ile,dlm_mic,3,10,0.3
rv0678_G*128C,rv1979c_C*135G,2,9,0.2222222222222222
rv1979c_C*135G,lineage_2,2,9,0.2222222222222222
mmpl5_Thr794Ile,lineage_2,2,10,0.2
fgd1_G*357C,pepq_Ala87Gly,2,10,0.2
fgd1_G*357C,rv0678_G*128C,2,10,0.2
fgd1_G*357C,lineage_4,2,10,0.2
rv0678_G*128C,mmpl5_Asp767Asn,2,10,0.2
mmpl5_Asp767Asn,fgd1_Phe320Phe,2,10,0.2
mmpl5_Asp767Asn,lineage_4,2,10,0.2
rv1979c_C*135G,pepq_Ala87Gly,1,9,0.1111111111111111
mmpl5_Asp767Asn,rv1979c_C*135G,1,9,0.1111111111111111
rv1979c_C*135G,mmpl5_Asp767Asn,1,9,0.1111111111111111
rv1979c_C*135G,mmpl5_Thr794Ile,1,9,0.1111111111111111
fgd1_G*357C,dlm_mic,1,10,0.1
lineage_4,dlm_mic,1,10,0.1
rv0678_G*128C,mmpl5_Thr794Ile,1,10,0.1
rv0678_G*128C,pepq_Ala87Gly,1,10,0.1
fgd1_G*357C,mmpl5_Asp767Asn,1,10,0.1
fgd1_G*357C,fgd1_Phe320Phe,1,10,0.1
fgd1_G*357C,lineage_2,1,10,0.1
mmpl5_Asp767Asn,fgd1_G*357C,1,10,0.1
