auc_vanilla,auc_causal,auc_iamb_soft_cg,auc_iamb_soft_fz,auc_cfs_iamb,auc_cfs_hiton_mb,auc_cfs_cg
0.8956790123456789,0.9070987654320988,0.9009259259259259,0.879320987654321,0.8484567901234568,0.8493827160493826,0.8552469135802468
0.9256172839506173,0.9219135802469135,0.9348765432098766,0.9234567901234568,0.8879629629629631,0.8737654320987654,0.8595679012345678
0.8475308641975308,0.8959876543209876,0.8910493827160494,0.8475308641975308,0.9015432098765432,0.8990740740740741,0.8617283950617284
0.9395061728395062,0.9160493827160494,0.9432098765432098,0.8981481481481481,0.9373456790123457,0.9376543209876543,0.9169753086419753
