seed,p,n,k_star,p_edge,noise_scale,mu_scale,q_source,K_multiplier,K,mu_star,mu_star_relative,log_loss_star,auc_star,support,k_actual,S_recall,S_precision,C_inclusion,fit_seconds
8,30,300,5,0.1,1.0,28.58064772666267,oracle,2.0,10,1.0035213405637242,0.03511191734215131,0.0978600608317253,0.9951111111111111,"[5, 6, 7, 19, 20, 25, 26, 27, 29]",9,1.0,0.5555555555555556,0.3333333333333333,509.4052336215973
8,30,300,5,0.1,1.0,28.58064772666267,uniform,2.0,10,0.0,0.0,0.08076210644251244,0.9953333333333333,"[3, 5, 6, 7, 10, 15, 20, 25, 26, 27]",10,1.0,0.5,0.5,522.8204047679901
8,30,300,5,0.1,1.0,28.58064772666267,adversarial,2.0,10,0.0,0.0,0.08815893982834373,0.9959999999999999,"[3, 5, 6, 7, 10, 15, 20, 25, 26, 27]",10,1.0,0.5,0.5,544.8353679180145
8,30,300,5,0.1,1.0,28.58064772666267,pc,2.0,10,23.182644535035266,0.8111308307896868,0.0773696528517089,0.9975555555555555,"[3, 5, 6, 10, 20, 25, 26, 27]",8,1.0,0.625,0.375,575.1617033481598
8,30,300,5,0.1,1.0,28.58064772666267,ges,2.0,10,3.523555836095836,0.12328467394420659,0.0710744717680991,0.9966666666666667,"[5, 6, 12, 19, 20, 25, 26, 27, 28]",9,1.0,0.5555555555555556,0.4444444444444444,536.1093082427979
8,30,300,5,0.1,1.0,28.58064772666267,bootstrap_l1,2.0,10,0.5355491566685554,0.01873817422860384,0.06496489989577844,0.9975555555555555,"[5, 6, 7, 10, 19, 20, 25, 26, 27, 29]",10,1.0,0.5,0.4,565.676121711731
