seed,p,n,k_star,p_edge,noise_scale,mu_scale,q_source,K_multiplier,K,mu_star,mu_star_relative,log_loss_star,auc_star,support,k_actual,S_recall,S_precision,C_inclusion,fit_seconds
16,30,300,5,0.2,1.0,877.1761601025967,oracle,2.0,10,8.771761601025966,0.01,0.07109143723580842,0.9975555555555555,"[1, 4, 9, 18, 24]",5,0.8,0.8,0.2,625.6655621528625
16,30,300,5,0.2,1.0,877.1761601025967,uniform,2.0,10,0.0,0.0,0.08076849967991251,0.9975555555555555,"[1, 4, 9, 18, 24]",5,0.8,0.8,0.2,624.3218331336975
16,30,300,5,0.2,1.0,877.1761601025967,adversarial,2.0,10,8.771761601025966,0.01,0.09141638858692243,0.9962222222222221,"[0, 5, 8, 20, 21, 25]",6,0.0,0.0,1.0,616.106431722641
16,30,300,5,0.2,1.0,877.1761601025967,pc,2.0,10,8.771761601025966,0.01,0.05479807858591299,0.9984444444444444,"[3, 4, 9, 10, 14, 15, 17, 24, 25, 28]",10,0.6,0.3,0.6,587.8528501987457
16,30,300,5,0.2,1.0,877.1761601025967,ges,2.0,10,8.771761601025966,0.01,0.06714355996178059,0.9975555555555555,"[1, 4, 9, 18, 24]",5,0.8,0.8,0.2,688.133645772934
16,30,300,5,0.2,1.0,877.1761601025967,bootstrap_l1,2.0,10,202.6390699657909,0.23101297000831592,0.05388697244108075,0.9988888888888889,"[0, 2, 3, 4, 5, 9, 24, 25]",8,0.6,0.375,0.5,652.2532474994659
