seed,p,n,k_star,p_edge,noise_scale,mu_scale,q_source,K_multiplier,K,mu_star,mu_star_relative,log_loss_star,auc_star,support,k_actual,S_recall,S_precision,C_inclusion,fit_seconds
6,15,300,5,0.2,1.0,283.9036534656313,oracle,2.0,10,0.0,0.0,0.0912824314710506,0.9962222222222221,"[0, 1, 2, 3, 6, 9, 14]",7,1.0,0.7142857142857143,0.2857142857142857,351.46436190605164
6,15,300,5,0.2,1.0,283.9036534656313,uniform,2.0,10,0.0,0.0,0.09735475477692716,0.998,"[0, 1, 2, 3, 6, 9, 14]",7,1.0,0.7142857142857143,0.2857142857142857,381.5467631816864
6,15,300,5,0.2,1.0,283.9036534656313,adversarial,2.0,10,5.3198361227761675,0.01873817422860384,0.1145956995859944,0.9946666666666667,"[0, 1, 3, 5, 6, 12, 13]",7,0.6,0.42857142857142855,0.5714285714285714,429.55359959602356
6,15,300,5,0.2,1.0,283.9036534656313,pc,2.0,10,5.3198361227761675,0.01873817422860384,0.06992021107734452,0.9962222222222221,"[0, 1, 2, 3, 6, 9, 14]",7,1.0,0.7142857142857143,0.2857142857142857,387.5692961215973
6,15,300,5,0.2,1.0,283.9036534656313,ges,2.0,10,65.58542618330719,0.2310129700083159,0.06316207666533105,0.9971111111111111,"[0, 1, 3, 4, 6, 9, 14]",7,1.0,0.7142857142857143,0.2857142857142857,380.55167508125305
6,15,300,5,0.2,1.0,283.9036534656313,bootstrap_l1,2.0,10,0.0,0.0,0.08231063851306405,0.9957777777777779,"[0, 1, 2, 3, 6, 9, 14]",7,1.0,0.7142857142857143,0.2857142857142857,406.4876027107239
