seed,p,n,k_star,p_edge,noise_scale,mu_scale,q_source,K_multiplier,K,mu_star,mu_star_relative,log_loss_star,auc_star,support,k_actual,S_recall,S_precision,C_inclusion,fit_seconds
19,30,300,5,0.4,1.0,1127.2324149328492,oracle,2.0,10,0.0,0.0,0.07516910027629034,0.9968888888888889,"[20, 21, 23, 24, 26, 27, 29]",7,0.4,0.2857142857142857,0.7142857142857143,608.519613981247
19,30,300,5,0.4,1.0,1127.2324149328492,uniform,2.0,10,0.0,0.0,0.1203135811248979,0.9944444444444445,"[20, 21, 23, 24, 26, 27, 29]",7,0.4,0.2857142857142857,0.7142857142857143,645.9874131679535
19,30,300,5,0.4,1.0,1127.2324149328492,adversarial,2.0,10,0.0,0.0,0.12582639363920198,0.9982222222222223,"[20, 21, 23, 24, 26, 27, 29]",7,0.4,0.2857142857142857,0.7142857142857143,603.8282685279846
19,30,300,5,0.4,1.0,1127.2324149328492,pc,2.0,10,11.272324149328492,0.01,0.07327789874684629,0.9988888888888889,"[3, 19, 20, 21, 23, 26, 27, 29]",8,0.6,0.375,0.625,624.6818454265594
19,30,300,5,0.4,1.0,1127.2324149328492,ges,2.0,10,11.272324149328492,0.01,0.02827681824245809,1.0,"[0, 3, 7, 14, 20, 23, 27]",7,0.8,0.5714285714285714,0.42857142857142855,660.6756827831268
19,30,300,5,0.4,1.0,1127.2324149328492,bootstrap_l1,2.0,10,11.272324149328492,0.01,0.04231432671001652,0.9993333333333332,"[2, 3, 19, 20, 21, 23, 27, 29]",8,0.6,0.375,0.625,602.9604785442352
