seed,p,n,k_star,p_edge,noise_scale,mu_scale,q_source,K_multiplier,K,mu_star,mu_star_relative,log_loss_star,auc_star,support,k_actual,S_recall,S_precision,C_inclusion,fit_seconds
13,30,300,5,0.5,1.0,1293.7281948181726,oracle,2.0,10,0.0,0.0,0.12554354941736445,0.992,"[16, 18, 19, 20, 24]",5,0.2,0.2,0.8,654.1611359119415
13,30,300,5,0.5,1.0,1293.7281948181726,uniform,2.0,10,0.0,0.0,0.06808499139225366,0.9975555555555555,"[16, 18, 19, 20, 24]",5,0.2,0.2,0.8,642.351900100708
13,30,300,5,0.5,1.0,1293.7281948181726,adversarial,2.0,10,0.0,0.0,0.12307817648848962,0.9928888888888888,"[16, 18, 19, 20, 24]",5,0.2,0.2,0.8,628.5247097015381
13,30,300,5,0.5,1.0,1293.7281948181726,pc,2.0,10,159.4968586705854,0.1232846739442066,0.06783044241457557,0.9973333333333333,"[11, 16, 19, 24]",4,0.2,0.25,0.75,605.0248727798462
13,30,300,5,0.5,1.0,1293.7281948181726,ges,2.0,10,0.0,0.0,0.2829186321117208,0.9424444444444445,"[16, 18, 19, 20, 24]",5,0.2,0.2,0.8,604.5672216415405
13,30,300,5,0.5,1.0,1293.7281948181726,bootstrap_l1,2.0,10,0.0,0.0,0.07933198295849528,0.9984444444444444,"[16, 18, 19, 20, 24]",5,0.2,0.2,0.8,641.614910364151
