seed,p,n,k_star,p_edge,noise_scale,mu_scale,q_source,K_multiplier,K,mu_star,mu_star_relative,log_loss_star,auc_star,support,k_actual,S_recall,S_precision,C_inclusion,fit_seconds
9,30,1000,5,0.2,1.0,1517.7698565872447,oracle,2.0,10,15.177698565872447,0.01,0.029414718731618883,0.9996599999999999,"[5, 16, 18, 19, 20, 23, 24, 25, 29]",9,1.0,0.5555555555555556,0.4444444444444444,695.0209002494812
9,30,1000,5,0.2,1.0,1517.7698565872447,uniform,2.0,10,0.0,0.0,0.03766592930022777,0.99946,"[5, 16, 18, 20, 24, 29]",6,1.0,0.8333333333333334,0.16666666666666666,756.5444326400757
9,30,1000,5,0.2,1.0,1517.7698565872447,adversarial,2.0,10,0.0,0.0,0.03373095008904854,0.9995200000000001,"[5, 16, 18, 20, 24, 29]",6,1.0,0.8333333333333334,0.16666666666666666,735.3197686672211
9,30,1000,5,0.2,1.0,1517.7698565872447,pc,2.0,10,15.177698565872447,0.01,0.02981504012564353,0.9996,"[1, 5, 13, 16, 18, 19, 20, 24, 29]",9,1.0,0.5555555555555556,0.4444444444444444,667.9676043987274
9,30,1000,5,0.2,1.0,1517.7698565872447,ges,2.0,10,53.29180974890018,0.03511191734215131,0.02930299101333758,0.9994799999999999,"[1, 5, 16, 18, 20, 21, 29]",7,1.0,0.7142857142857143,0.2857142857142857,711.176274061203
9,30,1000,5,0.2,1.0,1517.7698565872447,bootstrap_l1,2.0,10,15.177698565872447,0.01,0.024206998490922046,0.99982,"[0, 4, 5, 8, 11, 18, 20, 24, 25, 29]",10,0.8,0.4,0.6,777.1449558734894
