seed,p,n,k_star,p_edge,noise_scale,mu_scale,q_source,K_multiplier,K,mu_star,mu_star_relative,log_loss_star,auc_star,support,k_actual,S_recall,S_precision,C_inclusion,fit_seconds
5,30,300,3,0.2,1.0,217.98095549031947,oracle,2.0,6,4.084565122495145,0.01873817422860384,0.07622978808917621,0.9964444444444445,"[4, 20, 27]",3,1.0,1.0,0.0,226.0315716266632
5,30,300,3,0.2,1.0,217.98095549031947,uniform,2.0,6,0.0,0.0,0.14611444909112598,0.9908888888888889,"[4, 7, 24, 25, 27, 28]",6,0.6666666666666666,0.3333333333333333,0.6666666666666666,232.18598651885986
5,30,300,3,0.2,1.0,217.98095549031947,adversarial,2.0,6,0.0,0.0,0.24233989026636998,0.9657777777777777,"[4, 7, 24, 25, 27, 28]",6,0.6666666666666666,0.3333333333333333,0.6666666666666666,232.5508770942688
5,30,300,3,0.2,1.0,217.98095549031947,pc,2.0,6,620.8175798723373,2.848035868435799,0.08893771586631202,0.9948888888888889,"[4, 5, 17, 24, 27, 28]",6,0.6666666666666666,0.3333333333333333,0.6666666666666666,225.84819412231445
5,30,300,3,0.2,1.0,217.98095549031947,ges,2.0,6,50.35642793306922,0.23101297000831592,0.06370081440110956,0.9977777777777778,"[4, 20, 22, 27]",4,1.0,0.75,0.25,231.06455779075623
5,30,300,3,0.2,1.0,217.98095549031947,bootstrap_l1,2.0,6,620.8175798723373,2.848035868435799,0.06891827026641431,0.9982222222222223,"[4, 20, 22, 27]",4,1.0,0.75,0.25,265.7943654060364
