seed,p,n,k_star,p_edge,noise_scale,mu_scale,q_source,K_multiplier,K,mu_star,mu_star_relative,log_loss_star,auc_star,support,k_actual,S_recall,S_precision,C_inclusion,fit_seconds
1,30,75,5,0.2,1.0,44.04178807928649,oracle,2.0,10,0.825262698368918,0.01873817422860384,0.1043507356204495,0.9928571428571429,"[0, 1, 7, 8, 13, 15, 16, 27]",8,1.0,0.625,0.25,449.51596665382385
1,30,75,5,0.2,1.0,44.04178807928649,uniform,2.0,10,0.0,0.0,0.40289910003436524,0.9696428571428571,"[1, 5, 7, 8, 13, 16, 27]",7,0.8,0.5714285714285714,0.42857142857142855,453.8472282886505
1,30,75,5,0.2,1.0,44.04178807928649,adversarial,2.0,10,0.0,0.0,0.6834881410937951,0.9607142857142857,"[1, 5, 7, 8, 13, 16, 27]",7,0.8,0.5714285714285714,0.42857142857142855,447.88825368881226
1,30,75,5,0.2,1.0,44.04178807928649,pc,2.0,10,0.0,0.0,0.17005174486129251,1.0,"[1, 5, 7, 8, 13, 16, 27]",7,0.8,0.5714285714285714,0.42857142857142855,491.79527735710144
1,30,75,5,0.2,1.0,44.04178807928649,ges,2.0,10,2.89765556506902,0.0657933224657568,0.04719969290804969,1.0,"[1, 7, 13, 15, 16, 27]",6,1.0,0.8333333333333334,0.16666666666666666,465.608859539032
1,30,75,5,0.2,1.0,44.04178807928649,bootstrap_l1,2.0,10,2.89765556506902,0.0657933224657568,0.1740673522160943,0.9892857142857142,"[0, 1, 7, 11, 13, 16, 27]",7,0.8,0.5714285714285714,0.2857142857142857,476.80179619789124
