seed,p,n,k_star,p_edge,noise_scale,mu_scale,q_source,K_multiplier,K,mu_star,mu_star_relative,log_loss_star,auc_star,support,k_actual,S_recall,S_precision,C_inclusion,fit_seconds
2,30,300,5,0.2,1.0,153.05032275712222,oracle,2.0,10,5.373890281837654,0.03511191734215131,0.0829251488624703,0.9975555555555555,"[0, 2, 8, 10, 12, 14, 15, 19, 23, 29]",10,1.0,0.5,0.5,518.1426606178284
2,30,300,5,0.2,1.0,153.05032275712222,uniform,2.0,10,0.0,0.0,0.09051159705786863,0.9973333333333333,"[0, 2, 10, 14, 19, 23, 26, 28]",8,0.6,0.375,0.625,541.2742085456848
2,30,300,5,0.2,1.0,153.05032275712222,adversarial,2.0,10,0.0,0.0,0.10146436955975853,0.994,"[0, 2, 10, 14, 19, 23, 26, 28]",8,0.6,0.375,0.625,516.2532267570496
2,30,300,5,0.2,1.0,153.05032275712222,pc,2.0,10,5.373890281837654,0.03511191734215131,0.09340015007850186,0.9948888888888889,"[0, 2, 8, 10, 12, 14, 19, 23, 29]",9,1.0,0.5555555555555556,0.4444444444444444,566.648238658905
2,30,300,5,0.2,1.0,153.05032275712222,ges,2.0,10,816.7835397938113,5.336699231206307,0.1332360838889748,0.9891111111111112,"[2, 8, 10, 11, 14, 17, 25, 29]",8,1.0,0.625,0.375,566.5373618602753
2,30,300,5,0.2,1.0,153.05032275712222,bootstrap_l1,2.0,10,816.7835397938113,5.336699231206307,0.05401542086012011,0.9982222222222223,"[0, 2, 10, 12, 14, 15, 17, 19, 25, 29]",10,0.8,0.4,0.6,549.9785416126251
