seed,p,n,k_star,p_edge,noise_scale,mu_scale,q_source,K_multiplier,K,mu_star,mu_star_relative,log_loss_star,auc_star,support,k_actual,S_recall,S_precision,C_inclusion,fit_seconds
15,30,300,5,0.2,1.0,204.52164432961715,oracle,2.0,10,0.0,0.0,0.10416890952125524,0.9935555555555556,"[0, 2, 6, 10, 11, 12, 17, 23, 24, 28]",10,1.0,0.5,0.4,513.796462059021
15,30,300,5,0.2,1.0,204.52164432961715,uniform,2.0,10,0.0,0.0,0.18313865708668117,0.9880000000000001,"[0, 2, 6, 10, 11, 12, 17, 23, 24, 28]",10,1.0,0.5,0.4,535.8931007385254
15,30,300,5,0.2,1.0,204.52164432961715,adversarial,2.0,10,3.8323622049689128,0.01873817422860384,0.20406208719417154,0.977111111111111,"[2, 9, 16, 24, 25, 27, 28]",7,0.2,0.14285714285714285,0.8571428571428571,594.6913282871246
15,30,300,5,0.2,1.0,204.52164432961715,pc,2.0,10,2.0452164432961717,0.010000000000000002,0.09448727135984747,0.9953333333333333,"[0, 6, 10, 11, 12, 17, 20, 28]",8,1.0,0.625,0.25,513.248722076416
15,30,300,5,0.2,1.0,204.52164432961715,ges,2.0,10,88.53253751174869,0.4328761281083057,0.08994439299290206,0.9951111111111111,"[0, 6, 10, 12, 17, 28]",6,1.0,0.8333333333333334,0.16666666666666666,561.324049949646
15,30,300,5,0.2,1.0,204.52164432961715,bootstrap_l1,2.0,10,0.0,0.0,0.12959981920353278,0.9928888888888888,"[0, 2, 6, 10, 11, 12, 17, 23, 24, 28]",10,1.0,0.5,0.4,544.7825529575348
