seed,p,n,k_star,p_edge,noise_scale,mu_scale,q_source,K_multiplier,K,mu_star,mu_star_relative,log_loss_star,auc_star,support,k_actual,S_recall,S_precision,C_inclusion,fit_seconds
14,30,300,5,0.4,1.0,2612.6105244888677,oracle,2.0,10,0.0,0.0,0.2740042127576166,0.9717777777777776,"[3, 4, 7, 13, 24, 28]",6,0.4,0.3333333333333333,0.6666666666666666,592.2131991386414
14,30,300,5,0.4,1.0,2612.6105244888677,uniform,2.0,10,0.0,0.0,0.2689333089456646,0.9333333333333333,"[3, 4, 7, 13, 24, 28]",6,0.4,0.3333333333333333,0.6666666666666666,624.0896642208099
14,30,300,5,0.4,1.0,2612.6105244888677,adversarial,2.0,10,0.0,0.0,0.2569242040388685,0.9313333333333335,"[3, 4, 7, 13, 24, 28]",6,0.4,0.3333333333333333,0.6666666666666666,613.3363859653473
14,30,300,5,0.4,1.0,2612.6105244888677,pc,2.0,10,26.126105244888677,0.01,0.17568080900931748,0.9917777777777779,"[3, 4, 7, 12, 13, 24, 28]",7,0.6,0.42857142857142855,0.5714285714285714,627.185275554657
14,30,300,5,0.4,1.0,2612.6105244888677,ges,2.0,10,26.126105244888677,0.01,0.06361107942213343,0.9988888888888889,"[0, 3, 4, 8, 10, 12, 13, 16, 17]",9,1.0,0.5555555555555556,0.4444444444444444,623.6653151512146
14,30,300,5,0.4,1.0,2612.6105244888677,bootstrap_l1,2.0,10,0.0,0.0,0.16374623606411778,0.9784444444444444,"[3, 4, 7, 13, 24, 28]",6,0.4,0.3333333333333333,0.6666666666666666,646.476235628128
