seed,p,n,k_star,p_edge,noise_scale,mu_scale,q_source,K_multiplier,K,mu_star,mu_star_relative,log_loss_star,auc_star,support,k_actual,S_recall,S_precision,C_inclusion,fit_seconds
1,30,300,5,0.2,2.0,257.90530360062303,oracle,2.0,10,2.5790530360062305,0.01,0.08592458432191769,0.9959999999999999,"[1, 7, 11, 13, 15, 27, 29]",7,1.0,0.7142857142857143,0.2857142857142857,526.5298984050751
1,30,300,5,0.2,2.0,257.90530360062303,uniform,2.0,10,0.0,0.0,0.13579491716320038,0.9915555555555556,"[1, 7, 11, 13, 15, 27, 29]",7,1.0,0.7142857142857143,0.2857142857142857,544.700352191925
1,30,300,5,0.2,2.0,257.90530360062303,adversarial,2.0,10,0.0,0.0,0.09853034789799454,0.9953333333333333,"[1, 7, 11, 13, 15, 27, 29]",7,1.0,0.7142857142857143,0.2857142857142857,532.376987695694
1,30,300,5,0.2,2.0,257.90530360062303,pc,2.0,10,2.5790530360062305,0.01,0.07142969244475536,0.9971111111111111,"[1, 7, 11, 13, 15, 27, 29]",7,1.0,0.7142857142857143,0.2857142857142857,585.5429766178131
1,30,300,5,0.2,2.0,257.90530360062303,ges,2.0,10,1376.3630354494742,5.336699231206307,0.07353043507838378,0.9964444444444445,"[1, 7, 12, 13, 15, 27]",6,1.0,0.8333333333333334,0.16666666666666666,578.0666828155518
1,30,300,5,0.2,2.0,257.90530360062303,bootstrap_l1,2.0,10,31.79577126288442,0.12328467394420659,0.06833703835863866,0.9975555555555555,"[1, 7, 13, 15, 27, 29]",6,1.0,0.8333333333333334,0.16666666666666666,516.2850396633148
