seed,p,n,k_star,p_edge,noise_scale,mu_scale,q_source,K_multiplier,K,mu_star,mu_star_relative,log_loss_star,auc_star,support,k_actual,S_recall,S_precision,C_inclusion,fit_seconds
9,30,200,5,0.2,1.0,372.75376184785785,oracle,2.0,10,0.0,0.0,0.0371228170915268,0.9995,"[5, 8, 16, 18, 20, 21, 26]",7,0.8,0.5714285714285714,0.42857142857142855,555.2335295677185
9,30,200,5,0.2,1.0,372.75376184785785,uniform,2.0,10,0.0,0.0,0.04733982233501757,0.999,"[5, 8, 16, 18, 20, 21, 26]",7,0.8,0.5714285714285714,0.42857142857142855,567.6717493534088
9,30,200,5,0.2,1.0,372.75376184785785,adversarial,2.0,10,0.0,0.0,0.0727026052218173,0.9974999999999999,"[5, 8, 16, 18, 20, 21, 26]",7,0.8,0.5714285714285714,0.42857142857142855,529.9312889575958
9,30,200,5,0.2,1.0,372.75376184785785,pc,2.0,10,86.11095360624611,0.23101297000831592,0.05197139519874069,0.999,"[5, 8, 13, 20, 21, 24, 26]",7,0.4,0.2857142857142857,0.7142857142857143,533.7521150112152
9,30,200,5,0.2,1.0,372.75376184785785,ges,2.0,10,0.0,0.0,0.036166176414997565,0.9974999999999999,"[5, 8, 16, 18, 20, 21, 26]",7,0.8,0.5714285714285714,0.42857142857142855,596.0956437587738
9,30,200,5,0.2,1.0,372.75376184785785,bootstrap_l1,2.0,10,0.0,0.0,0.022068309383956063,0.9995,"[5, 8, 16, 18, 20, 21, 26]",7,0.8,0.5714285714285714,0.42857142857142855,557.0275189876556
