seed,p,n,k_star,p_edge,noise_scale,mu_scale,q_source,K_multiplier,K,mu_star,mu_star_relative,log_loss_star,auc_star,support,k_actual,S_recall,S_precision,C_inclusion,fit_seconds
7,30,300,7,0.2,1.0,124.2195474904482,oracle,2.0,14,1.2421954749044821,0.01,0.22446762362697203,0.9802222222222221,"[2, 3, 6, 7, 9, 10, 12, 14, 16, 17, 18, 19, 26, 27]",14,0.8571428571428571,0.42857142857142855,0.5714285714285714,947.9227092266083
7,30,300,7,0.2,1.0,124.2195474904482,uniform,2.0,14,0.0,0.0,0.1404764508819654,0.9882222222222221,"[2, 3, 6, 9, 10, 12, 14, 16, 17, 18, 19, 21, 26]",13,0.8571428571428571,0.46153846153846156,0.5384615384615384,981.0283653736115
7,30,300,7,0.2,1.0,124.2195474904482,adversarial,2.0,14,0.0,0.0,0.17493206292819824,0.9797777777777779,"[2, 3, 6, 9, 10, 12, 14, 16, 17, 18, 19, 21, 26]",13,0.8571428571428571,0.46153846153846156,0.5384615384615384,980.2789082527161
7,30,300,7,0.2,1.0,124.2195474904482,pc,2.0,14,15.314366409856792,0.12328467394420659,0.096946821661588,0.9944444444444445,"[2, 3, 4, 6, 9, 10, 12, 14, 16, 17, 18, 20, 26]",13,0.8571428571428571,0.46153846153846156,0.5384615384615384,938.1632258892059
7,30,300,7,0.2,1.0,124.2195474904482,ges,2.0,14,1.2421954749044821,0.01,0.12018954891560263,0.9937777777777779,"[0, 2, 3, 6, 9, 10, 14, 18, 19, 22, 23, 25, 26]",13,0.8571428571428571,0.46153846153846156,0.5384615384615384,1078.6940174102783
7,30,300,7,0.2,1.0,124.2195474904482,bootstrap_l1,2.0,14,100.75830475624622,0.8111308307896868,0.17308795135787394,0.985111111111111,"[3, 6, 10, 12, 14, 16, 19, 20, 22, 24, 25, 26]",12,0.2857142857142857,0.16666666666666666,0.8333333333333334,981.5256628990173
