seed,p,n,k_star,p_edge,noise_scale,mu_scale,q_source,K_multiplier,K,mu_star,mu_star_relative,log_loss_star,auc_star,support,k_actual,S_recall,S_precision,C_inclusion,fit_seconds
0,30,300,5,0.2,0.5,132.46054399366363,oracle,2.0,10,2.4820687517689133,0.01873817422860384,0.08954917702972855,0.9960000000000001,"[2, 5, 7, 8, 9, 10, 11, 12, 17, 21]",10,0.8,0.4,0.6,582.235598564148
0,30,300,5,0.2,0.5,132.46054399366363,uniform,2.0,10,0.0,0.0,0.09293774429679244,0.9962222222222221,"[2, 5, 7, 8, 9, 10, 11, 12, 17, 18]",10,0.6,0.3,0.7,576.8940451145172
0,30,300,5,0.2,0.5,132.46054399366363,adversarial,2.0,10,0.0,0.0,0.1045293808684383,0.9966666666666667,"[2, 5, 7, 8, 9, 10, 11, 12, 17, 18]",10,0.6,0.3,0.7,546.3328394889832
0,30,300,5,0.2,0.5,132.46054399366363,pc,2.0,10,1.3246054399366363,0.01,0.0955136712782153,0.9966666666666667,"[2, 3, 7, 8, 10, 12, 16, 17, 18, 22]",10,0.8,0.4,0.6,592.1152086257935
0,30,300,5,0.2,0.5,132.46054399366363,ges,2.0,10,107.44283109643425,0.8111308307896868,0.05174275858703246,0.9986666666666666,"[2, 8, 9, 10, 17, 18, 19, 22]",8,0.8,0.5,0.5,595.8705451488495
0,30,300,5,0.2,0.5,132.46054399366363,bootstrap_l1,2.0,10,201.32824886994393,1.5199110829529332,0.053471602126936954,0.9973333333333333,"[2, 7, 8, 10, 11, 17, 20, 25]",8,0.6,0.375,0.625,552.5770981311798
