seed,p,n,k_star,p_edge,noise_scale,mu_scale,q_source,K_multiplier,K,mu_star,mu_star_relative,log_loss_star,auc_star,support,k_actual,S_recall,S_precision,C_inclusion,fit_seconds
4,30,300,5,0.3,1.0,685.8291610924193,oracle,2.0,10,6.858291610924193,0.01,0.027076469176572766,0.9995555555555555,"[1, 6, 7, 20, 26, 27, 29]",7,0.8,0.5714285714285714,0.42857142857142855,638.0065922737122
4,30,300,5,0.3,1.0,685.8291610924193,uniform,2.0,10,0.0,0.0,0.09640116704610198,0.9944444444444445,"[1, 10, 19, 20, 26]",5,0.2,0.2,0.8,623.8606357574463
4,30,300,5,0.3,1.0,685.8291610924193,adversarial,2.0,10,0.0,0.0,0.04202782063639644,0.9993333333333334,"[1, 10, 19, 20, 26]",5,0.2,0.2,0.8,603.3913147449493
4,30,300,5,0.3,1.0,685.8291610924193,pc,2.0,10,45.12297915217301,0.0657933224657568,0.020331881059766105,0.9997777777777778,"[1, 20, 26, 29]",4,0.4,0.5,0.5,603.5534744262695
4,30,300,5,0.3,1.0,685.8291610924193,ges,2.0,10,12.851186311606964,0.01873817422860384,0.02276821650365243,0.9995555555555555,"[20, 26, 29]",3,0.4,0.6666666666666666,0.3333333333333333,594.0271265506744
4,30,300,5,0.3,1.0,685.8291610924193,bootstrap_l1,2.0,10,45.12297915217301,0.0657933224657568,0.024186227191946397,1.0,"[1, 20, 23, 26, 29]",5,0.4,0.4,0.6,607.3065114021301
