seed,p,n,k_star,p_edge,noise_scale,mu_scale,q_source,K_multiplier,K,mu_star,mu_star_relative,log_loss_star,auc_star,support,k_actual,S_recall,S_precision,C_inclusion,fit_seconds
17,30,300,5,0.5,1.0,3650.7073670150035,oracle,2.0,10,36.507073670150035,0.01,0.1455502448559809,0.9953333333333333,"[4, 6]",2,0.4,1.0,0.0,642.1077165603638
17,30,300,5,0.5,1.0,3650.7073670150035,uniform,2.0,10,0.0,0.0,0.12586443551849344,0.9931111111111111,"[6, 7, 8]",3,0.2,0.3333333333333333,0.6666666666666666,663.7738170623779
17,30,300,5,0.5,1.0,3650.7073670150035,adversarial,2.0,10,36.507073670150035,0.01,0.12256232668709473,0.9913333333333334,"[7, 8]",2,0.0,0.0,1.0,667.2652840614319
17,30,300,5,0.5,1.0,3650.7073670150035,pc,2.0,10,68.40759070077472,0.01873817422860384,0.04181015866308667,1.0,"[1, 3, 8, 17, 28, 29]",6,0.0,0.0,1.0,546.8039216995239
17,30,300,5,0.5,1.0,3650.7073670150035,ges,2.0,10,36.507073670150035,0.01,0.05235158829339952,0.9993333333333334,"[4, 6, 10, 22, 26, 27, 28]",7,1.0,0.7142857142857143,0.2857142857142857,685.9990594387054
17,30,300,5,0.5,1.0,3650.7073670150035,bootstrap_l1,2.0,10,36.507073670150035,0.01,0.033147852447927575,0.9995555555555555,"[1, 3, 5, 10, 27]",5,0.2,0.2,0.8,692.8252294063568
