seed,p,n,k_star,p_edge,noise_scale,mu_scale,q_source,K_multiplier,K,mu_star,mu_star_relative,log_loss_star,auc_star,support,k_actual,S_recall,S_precision,C_inclusion,fit_seconds
2,30,300,5,0.3,1.0,401.54836054154373,oracle,2.0,10,0.0,0.0,0.050846101937607156,0.9984444444444444,"[4, 7, 9, 10, 11, 12, 14, 23, 26]",9,0.4,0.2222222222222222,0.7777777777777778,578.263222694397
2,30,300,5,0.3,1.0,401.54836054154373,uniform,2.0,10,0.0,0.0,0.06335299194619007,0.9988888888888889,"[4, 7, 9, 10, 11, 12, 14, 23, 26]",9,0.4,0.2222222222222222,0.7777777777777778,564.0645017623901
2,30,300,5,0.3,1.0,401.54836054154373,adversarial,2.0,10,4.0154836054154375,0.01,0.0367769858798084,0.9997777777777778,"[4, 7, 9, 11, 12, 17, 19, 22]",8,0.0,0.0,1.0,548.0125598907471
2,30,300,5,0.3,1.0,401.54836054154373,pc,2.0,10,49.50475870219493,0.12328467394420659,0.03928457502609496,0.9997777777777778,"[4, 7, 14, 27, 29]",5,0.4,0.4,0.6,552.9137282371521
2,30,300,5,0.3,1.0,401.54836054154373,ges,2.0,10,92.76287937067207,0.23101297000831592,0.040659864815355995,0.999111111111111,"[1, 2, 6, 7, 10, 11, 14, 23, 24, 27]",10,0.6,0.3,0.7,620.8464353084564
2,30,300,5,0.3,1.0,401.54836054154373,bootstrap_l1,2.0,10,173.82069955946142,0.4328761281083057,0.03650280818101009,0.9988888888888889,"[4, 7, 9, 11, 12, 14, 18, 19]",8,0.2,0.125,0.875,593.9696395397186
