seed,p,n,k_star,p_edge,noise_scale,mu_scale,q_source,K_multiplier,K,mu_star,mu_star_relative,log_loss_star,auc_star,support,k_actual,S_recall,S_precision,C_inclusion,fit_seconds
17,30,300,5,0.1,1.0,40.215740882733925,oracle,2.0,10,0.40215740882733925,0.01,0.1619419140019847,0.9877777777777779,"[4, 6, 7, 8, 20, 21, 22, 26, 27]",9,1.0,0.5555555555555556,0.3333333333333333,463.3965311050415
17,30,300,5,0.1,1.0,40.215740882733925,uniform,2.0,10,0.0,0.0,0.22669061272749408,0.9802222222222223,"[4, 6, 7, 8, 20, 21, 22, 26, 27]",9,1.0,0.5555555555555556,0.3333333333333333,455.4320182800293
17,30,300,5,0.1,1.0,40.215740882733925,adversarial,2.0,10,0.0,0.0,0.1905869260473187,0.9857777777777779,"[4, 6, 7, 8, 20, 21, 22, 26, 27]",9,1.0,0.5555555555555556,0.3333333333333333,472.72289776802063
17,30,300,5,0.1,1.0,40.215740882733925,pc,2.0,10,402.1574088273393,10.0,0.19193470531412463,0.9857777777777776,"[4, 6, 7, 9, 21, 22, 26, 27]",8,1.0,0.625,0.25,505.5884213447571
17,30,300,5,0.1,1.0,40.215740882733925,ges,2.0,10,9.290357742405217,0.23101297000831592,0.14722978277888504,0.9886666666666667,"[1, 4, 6, 7, 9, 17, 21, 22, 26, 27]",10,1.0,0.5,0.3,497.0902097225189
17,30,300,5,0.1,1.0,40.215740882733925,bootstrap_l1,2.0,10,402.1574088273393,10.0,0.12557999882178392,0.9917777777777778,"[4, 6, 7, 9, 16, 21, 22, 26, 27]",9,1.0,0.5555555555555556,0.3333333333333333,543.7691352367401
