seed,p,n,k_star,p_edge,noise_scale,mu_scale,q_source,K_multiplier,K,mu_star,mu_star_relative,log_loss_star,auc_star,support,k_actual,S_recall,S_precision,C_inclusion,fit_seconds
8,30,300,7,0.2,1.0,465.62215112883086,oracle,2.0,14,4.656221511288309,0.01,0.08843765516992937,0.9957777777777779,"[3, 5, 6, 10, 13, 16, 17, 20, 23, 25, 26, 29]",12,0.7142857142857143,0.4166666666666667,0.5833333333333334,1001.9194982051849
8,30,300,7,0.2,1.0,465.62215112883086,uniform,2.0,14,0.0,0.0,0.06504333449174296,0.9986666666666666,"[3, 5, 6, 9, 10, 13, 16, 23, 25, 26, 27, 29]",12,0.5714285714285714,0.3333333333333333,0.6666666666666666,1020.3781447410583
8,30,300,7,0.2,1.0,465.62215112883086,adversarial,2.0,14,0.0,0.0,0.0800919557823931,0.9986666666666666,"[3, 5, 6, 9, 10, 13, 16, 23, 25, 26, 27, 29]",12,0.5714285714285714,0.3333333333333333,0.6666666666666666,974.9479200839996
8,30,300,7,0.2,1.0,465.62215112883086,pc,2.0,14,30.634828336418515,0.0657933224657568,0.07417706804087143,0.998,"[3, 5, 6, 9, 10, 13, 16, 23, 25, 26, 27, 29]",12,0.5714285714285714,0.3333333333333333,0.6666666666666666,994.6689426898956
8,30,300,7,0.2,1.0,465.62215112883086,ges,2.0,14,16.348886483110192,0.03511191734215131,0.053626253195528786,0.9986666666666666,"[5, 6, 10, 20, 23, 25, 26, 27, 29]",9,0.7142857142857143,0.5555555555555556,0.4444444444444444,1135.803542137146
8,30,300,7,0.2,1.0,465.62215112883086,bootstrap_l1,2.0,14,377.6804822792097,0.8111308307896868,0.0422336903783534,0.9984444444444444,"[3, 6, 9, 10, 13, 16, 17, 20, 23, 25, 26, 27, 29]",13,0.5714285714285714,0.3076923076923077,0.6923076923076923,1124.1873927116394
