seed,p,n,k_star,p_edge,noise_scale,mu_scale,q_source,K_multiplier,K,mu_star,mu_star_relative,log_loss_star,auc_star,support,k_actual,S_recall,S_precision,C_inclusion,fit_seconds
7,30,300,5,0.1,1.0,46.25712817191146,oracle,2.0,10,0.0,0.0,0.0919985873351888,0.9968888888888889,"[3, 6, 9, 13, 17, 18, 20, 25]",8,0.8,0.5,0.5,523.0429725646973
7,30,300,5,0.1,1.0,46.25712817191146,uniform,2.0,10,0.0,0.0,0.08651684078768725,0.9953333333333333,"[3, 6, 9, 13, 17, 18, 20, 25]",8,0.8,0.5,0.5,517.470232963562
7,30,300,5,0.1,1.0,46.25712817191146,adversarial,2.0,10,0.0,0.0,0.05906753679271226,0.998,"[3, 6, 9, 13, 17, 18, 20, 25]",8,0.8,0.5,0.5,511.06324315071106
7,30,300,5,0.1,1.0,46.25712817191146,pc,2.0,10,462.5712817191146,10.0,0.07401579703138322,0.9971111111111112,"[3, 6, 9, 10, 17, 18, 20, 21, 23, 25]",10,1.0,0.5,0.4,514.8880829811096
7,30,300,5,0.1,1.0,46.25712817191146,ges,2.0,10,0.4625712817191146,0.01,0.0650694803049726,0.9962222222222221,"[3, 6, 9, 10, 17, 18, 20, 23, 25]",9,1.0,0.5555555555555556,0.3333333333333333,561.223310470581
7,30,300,5,0.1,1.0,46.25712817191146,bootstrap_l1,2.0,10,462.5712817191146,10.0,0.08715100539313674,0.998,"[3, 6, 9, 17, 18, 20, 21, 23, 25]",9,1.0,0.5555555555555556,0.4444444444444444,556.8413238525391
