seed,p,n,k_star,p_edge,noise_scale,mu_scale,q_source,K_multiplier,K,mu_star,mu_star_relative,log_loss_star,auc_star,support,k_actual,S_recall,S_precision,C_inclusion,fit_seconds
2,30,100,5,0.2,1.0,40.15070040461573,oracle,2.0,10,1.4097680738363487,0.03511191734215131,0.17668915908816316,0.992,"[2, 6, 10, 12, 14, 19, 26, 29]",8,0.8,0.5,0.5,446.78471088409424
2,30,100,5,0.2,1.0,40.15070040461573,uniform,2.0,10,0.0,0.0,0.2988359706509188,0.9879999999999999,"[2, 6, 10, 12, 14, 19, 27, 29]",8,0.8,0.5,0.5,453.8916175365448
2,30,100,5,0.2,1.0,40.15070040461573,adversarial,2.0,10,0.0,0.0,0.334957770686943,0.9780000000000001,"[2, 6, 10, 12, 14, 19, 27, 29]",8,0.8,0.5,0.5,462.91154861450195
2,30,100,5,0.2,1.0,40.15070040461573,pc,2.0,10,4.949966008014574,0.12328467394420657,0.2897642888379586,0.984,"[6, 10, 12, 14, 17, 19, 27, 29]",8,0.6,0.375,0.625,463.28010630607605
2,30,100,5,0.2,1.0,40.15070040461573,ges,2.0,10,4.949966008014574,0.12328467394420657,0.0831350661983735,1.0,"[2, 6, 8, 10, 12, 14, 19, 27, 29]",9,1.0,0.5555555555555556,0.4444444444444444,456.18662905693054
2,30,100,5,0.2,1.0,40.15070040461573,bootstrap_l1,2.0,10,32.567470975983774,0.8111308307896868,0.18563576674078425,0.992,"[10, 12, 13, 14, 17, 19, 23, 26, 29]",9,0.6,0.3333333333333333,0.6666666666666666,490.5364480018616
