seed,p,n,k_star,p_edge,noise_scale,mu_scale,q_source,K_multiplier,K,mu_star,mu_star_relative,log_loss_star,auc_star,support,k_actual,S_recall,S_precision,C_inclusion,fit_seconds
5,10,300,5,0.2,1.0,59.91525855959715,oracle,2.0,10,0.5991525855959715,0.01,0.19113679308151782,0.9777777777777779,"[0, 2, 4, 5, 8]",5,1.0,1.0,0.0,111.73429465293884
5,10,300,5,0.2,1.0,59.91525855959715,uniform,2.0,10,0.0,0.0,0.17950076305402293,0.984,"[0, 2, 4, 5, 8]",5,1.0,1.0,0.0,108.33429527282715
5,10,300,5,0.2,1.0,59.91525855959715,adversarial,2.0,10,0.0,0.0,0.18885867417820837,0.9797777777777779,"[0, 2, 4, 5, 8]",5,1.0,1.0,0.0,119.77607703208923
5,10,300,5,0.2,1.0,59.91525855959715,pc,2.0,10,599.1525855959715,10.0,0.18402661944592294,0.984,"[0, 2, 4, 5, 8]",5,1.0,1.0,0.0,111.18050646781921
5,10,300,5,0.2,1.0,59.91525855959715,ges,2.0,10,7.386633115802767,0.12328467394420659,0.17419038800707656,0.9828888888888889,"[0, 2, 4, 5, 8]",5,1.0,1.0,0.0,110.79825925827026
5,10,300,5,0.2,1.0,59.91525855959715,bootstrap_l1,2.0,10,3.94202392703077,0.0657933224657568,0.18371716530962864,0.984888888888889,"[0, 2, 4, 5, 6, 8]",6,1.0,0.8333333333333334,0.16666666666666666,117.13362836837769
