seed,p,n,k_star,p_edge,noise_scale,mu_scale,q_source,K_multiplier,K,mu_star,mu_star_relative,log_loss_star,auc_star,support,k_actual,S_recall,S_precision,C_inclusion,fit_seconds
4,15,300,5,0.2,1.0,23.43672162417615,oracle,2.0,10,0.0,0.0,0.13113274532641114,0.992,"[1, 2, 3, 5, 7, 8, 10, 12]",8,1.0,0.625,0.375,322.3678500652313
4,15,300,5,0.2,1.0,23.43672162417615,uniform,2.0,10,0.0,0.0,0.16270094227625778,0.9853333333333334,"[1, 2, 3, 5, 7, 8, 10, 12]",8,1.0,0.625,0.375,336.63921666145325
4,15,300,5,0.2,1.0,23.43672162417615,adversarial,2.0,10,5.414186669659054,0.23101297000831592,0.14846121205236898,0.9837777777777778,"[1, 2, 3, 5, 7, 8, 10, 12]",8,1.0,0.625,0.375,349.95097398757935
4,15,300,5,0.2,1.0,23.43672162417615,pc,2.0,10,0.0,0.0,0.15197525042960228,0.9884444444444445,"[1, 2, 3, 5, 7, 8, 10, 12]",8,1.0,0.625,0.375,308.91036319732666
4,15,300,5,0.2,1.0,23.43672162417615,ges,2.0,10,5.414186669659054,0.23101297000831592,0.1402028060504934,0.99,"[1, 2, 3, 5, 7, 8, 10, 12]",8,1.0,0.625,0.375,309.1459822654724
4,15,300,5,0.2,1.0,23.43672162417615,bootstrap_l1,2.0,10,5.414186669659054,0.23101297000831592,0.15384631360719922,0.9862222222222222,"[1, 2, 3, 5, 7, 8, 10, 12]",8,1.0,0.625,0.375,334.31907629966736
