seed,p,n,k_star,p_edge,noise_scale,mu_scale,q_source,K_multiplier,K,mu_star,mu_star_relative,log_loss_star,auc_star,support,k_actual,S_recall,S_precision,C_inclusion,fit_seconds
0,30,300,5,0.5,1.0,9413.758868006451,oracle,2.0,10,0.0,0.0,0.07024109276340677,0.9977777777777778,"[0, 3, 15, 19, 20, 25]",6,0.0,0.0,1.0,635.1692183017731
0,30,300,5,0.5,1.0,9413.758868006451,uniform,2.0,10,0.0,0.0,0.15915561306713788,0.9895555555555555,"[0, 3, 15, 19, 20, 25]",6,0.0,0.0,1.0,631.0948839187622
0,30,300,5,0.5,1.0,9413.758868006451,adversarial,2.0,10,0.0,0.0,0.09287487264820037,0.9953333333333333,"[0, 3, 15, 19, 20, 25]",6,0.0,0.0,1.0,584.8457064628601
0,30,300,5,0.5,1.0,9413.758868006451,pc,2.0,10,0.0,0.0,0.14836657909594525,0.9817777777777777,"[0, 3, 15, 19, 20, 25]",6,0.0,0.0,1.0,583.7601058483124
0,30,300,5,0.5,1.0,9413.758868006451,ges,2.0,10,94.13758868006451,0.01,0.06128579568235454,0.9982222222222223,"[0, 2, 20, 29]",4,0.2,0.25,0.75,723.3227715492249
0,30,300,5,0.5,1.0,9413.758868006451,bootstrap_l1,2.0,10,2174.7003950402923,0.23101297000831592,0.2125367432954385,0.9855555555555554,"[3, 15, 16, 19, 25]",5,0.0,0.0,1.0,636.3071658611298
