seed,p,n,k_star,p_edge,noise_scale,mu_scale,q_source,K_multiplier,K,mu_star,mu_star_relative,log_loss_star,auc_star,support,k_actual,S_recall,S_precision,C_inclusion,fit_seconds
18,30,300,5,0.5,1.0,3766.8009420788762,oracle,2.0,10,37.66800942078876,0.01,0.07726061348825725,0.9982222222222221,"[2, 4, 10, 11, 13, 14, 19, 24, 27]",9,1.0,0.5555555555555556,0.4444444444444444,630.8334264755249
18,30,300,5,0.5,1.0,3766.8009420788762,uniform,2.0,10,0.0,0.0,0.10224926103735217,0.9948888888888888,"[2, 13, 14, 27]",4,0.2,0.25,0.75,620.360390663147
18,30,300,5,0.5,1.0,3766.8009420788762,adversarial,2.0,10,37.66800942078876,0.01,0.4583212623772317,0.95,[2],1,0.0,0.0,1.0,602.3750331401825
18,30,300,5,0.5,1.0,3766.8009420788762,pc,2.0,10,70.58297233714306,0.01873817422860384,0.048960423740300504,0.999111111111111,"[1, 2, 8, 9, 19, 27]",6,0.0,0.0,1.0,631.0305473804474
18,30,300,5,0.5,1.0,3766.8009420788762,ges,2.0,10,247.830349046512,0.0657933224657568,0.0181168448445578,1.0,"[1, 10, 13, 24, 25, 28]",6,0.6,0.5,0.5,654.9575922489166
18,30,300,5,0.5,1.0,3766.8009420788762,bootstrap_l1,2.0,10,464.38882595692445,0.12328467394420659,0.03840460208914185,0.9997777777777778,"[1, 2, 5, 14, 17, 19]",6,0.0,0.0,1.0,558.5973296165466
