seed,p,n,k_star,p_edge,noise_scale,mu_scale,q_source,K_multiplier,K,mu_star,mu_star_relative,log_loss_star,auc_star,support,k_actual,S_recall,S_precision,C_inclusion,fit_seconds
0,30,200,5,0.2,1.0,199.02139174198015,oracle,2.0,10,1.9902139174198015,0.01,0.06231613412916222,0.999,"[2, 4, 8, 10, 17, 21, 22, 25]",8,1.0,0.625,0.375,493.2708508968353
0,30,200,5,0.2,1.0,199.02139174198015,uniform,2.0,10,0.0,0.0,0.22219970329028707,0.9925,"[4, 7, 8, 10, 11, 12, 14, 17, 23]",9,0.4,0.2222222222222222,0.7777777777777778,527.9762217998505
0,30,200,5,0.2,1.0,199.02139174198015,adversarial,2.0,10,1.9902139174198015,0.01,0.10384734950755499,0.998,"[4, 7, 8, 11, 14, 17, 25]",7,0.2,0.14285714285714285,0.8571428571428571,483.11518692970276
0,30,200,5,0.2,1.0,199.02139174198015,pc,2.0,10,13.094278604463806,0.0657933224657568,0.09263401890910694,0.993,"[0, 2, 4, 8, 9, 10, 17, 22, 25]",9,0.8,0.4444444444444444,0.5555555555555556,533.19566655159
0,30,200,5,0.2,1.0,199.02139174198015,ges,2.0,10,3.7292975136804416,0.01873817422860384,0.057106806436067394,0.9984999999999999,"[2, 3, 6, 7, 10, 16, 17, 22, 23]",9,0.8,0.4444444444444444,0.5555555555555556,545.4716348648071
0,30,200,5,0.2,1.0,199.02139174198015,bootstrap_l1,2.0,10,45.97652280150336,0.23101297000831594,0.04294651797484474,0.999,"[2, 3, 4, 8, 10, 11, 17, 25]",8,0.6,0.375,0.625,565.502201795578
