seed,p,n,k_star,p_edge,noise_scale,mu_scale,q_source,K_multiplier,K,mu_star,mu_star_relative,log_loss_star,auc_star,support,k_actual,S_recall,S_precision,C_inclusion,fit_seconds
7,10,300,5,0.2,1.0,21.462957481831957,oracle,2.0,10,0.0,0.0,0.1708888712175159,0.9815555555555555,"[1, 2, 6, 8, 9]",5,1.0,1.0,0.0,105.87004542350769
7,10,300,5,0.2,1.0,21.462957481831957,uniform,2.0,10,0.0,0.0,0.1897569607671945,0.982,"[1, 2, 6, 8, 9]",5,1.0,1.0,0.0,101.08719086647034
7,10,300,5,0.2,1.0,21.462957481831957,adversarial,2.0,10,0.0,0.0,0.18311618479107117,0.9815555555555555,"[1, 2, 6, 8, 9]",5,1.0,1.0,0.0,103.11790728569031
7,10,300,5,0.2,1.0,21.462957481831957,pc,2.0,10,0.0,0.0,0.14858672236340106,0.9897777777777778,"[1, 2, 6, 8, 9]",5,1.0,1.0,0.0,101.35406994819641
7,10,300,5,0.2,1.0,21.462957481831957,ges,2.0,10,61.12727275096991,2.848035868435799,0.19574064740774366,0.9755555555555555,"[1, 2, 6, 8, 9]",5,1.0,1.0,0.0,107.05939984321594
7,10,300,5,0.2,1.0,21.462957481831957,bootstrap_l1,2.0,10,32.62178694958397,1.5199110829529332,0.19150146286770078,0.9788888888888889,"[1, 2, 6, 8, 9]",5,1.0,1.0,0.0,106.64899349212646
