seed,p,n,k_star,p_edge,noise_scale,mu_scale,q_source,K_multiplier,K,mu_star,mu_star_relative,log_loss_star,auc_star,support,k_actual,S_recall,S_precision,C_inclusion,fit_seconds
9,30,300,5,0.1,1.0,64.10163624590263,oracle,2.0,10,1.2011476283143103,0.01873817422860384,0.08445843558321142,0.9948888888888889,"[2, 5, 11, 16, 17, 18, 20, 25, 28, 29]",10,1.0,0.5,0.4,490.9924900531769
9,30,300,5,0.1,1.0,64.10163624590263,uniform,2.0,10,0.0,0.0,0.09771844828921347,0.994,"[1, 3, 5, 8, 16, 18, 20, 24, 28]",9,0.8,0.4444444444444444,0.5555555555555556,528.1551833152771
9,30,300,5,0.1,1.0,64.10163624590263,adversarial,2.0,10,0.6410163624590263,0.01,0.08216054411219349,0.9964444444444445,"[2, 5, 11, 16, 17, 18, 23, 24, 28]",9,0.6,0.3333333333333333,0.6666666666666666,488.46551609039307
9,30,300,5,0.1,1.0,64.10163624590263,pc,2.0,10,2.250731353362783,0.03511191734215131,0.04999045257611329,0.9986666666666666,"[2, 5, 11, 16, 17, 18, 21, 28]",8,0.6,0.375,0.625,559.7452745437622
9,30,300,5,0.1,1.0,64.10163624590263,ges,2.0,10,182.563759253755,2.848035868435799,0.08562725246907725,0.9962222222222223,"[5, 16, 18, 20, 28, 29]",6,1.0,0.8333333333333334,0.16666666666666666,560.9443356990814
9,30,300,5,0.1,1.0,64.10163624590263,bootstrap_l1,2.0,10,2.250731353362783,0.03511191734215131,0.06516014460307104,0.9957777777777779,"[1, 3, 5, 8, 16, 18, 21, 24, 25, 28]",10,0.6,0.3,0.6,578.2233257293701
