seed,p,n,k_star,p_edge,noise_scale,mu_scale,q_source,K_multiplier,K,mu_star,mu_star_relative,log_loss_star,auc_star,support,k_actual,S_recall,S_precision,C_inclusion,fit_seconds
5,20,300,5,0.2,1.0,119.3044031500844,oracle,2.0,10,2.2355466924658742,0.01873817422860384,0.05348212847013682,0.9982222222222223,"[0, 1, 4, 6, 9, 11, 17, 18, 19]",9,1.0,0.5555555555555556,0.4444444444444444,454.77163791656494
5,20,300,5,0.2,1.0,119.3044031500844,uniform,2.0,10,0.0,0.0,0.052496059198525735,0.9995555555555555,"[0, 1, 4, 11, 17, 18, 19]",7,0.8,0.5714285714285714,0.42857142857142855,467.7226412296295
5,20,300,5,0.2,1.0,119.3044031500844,adversarial,2.0,10,0.0,0.0,0.08148580318363646,0.9957777777777779,"[0, 1, 4, 11, 17, 18, 19]",7,0.8,0.5714285714285714,0.42857142857142855,477.33642864227295
5,20,300,5,0.2,1.0,119.3044031500844,pc,2.0,10,0.0,0.0,0.0617894229686448,0.998,"[0, 1, 4, 11, 17, 18, 19]",7,0.8,0.5714285714285714,0.42857142857142855,487.6029124259949
5,20,300,5,0.2,1.0,119.3044031500844,ges,2.0,10,14.708404442466328,0.12328467394420659,0.05920435752083183,0.998,"[1, 4, 6, 11, 17, 18]",6,1.0,0.8333333333333334,0.16666666666666666,573.3151693344116
5,20,300,5,0.2,1.0,119.3044031500844,bootstrap_l1,2.0,10,4.189006341960459,0.03511191734215131,0.05961424279815495,0.998,"[0, 1, 4, 11, 17, 18, 19]",7,0.8,0.5714285714285714,0.42857142857142855,489.8431615829468
