seed,p,n,k_star,p_edge,noise_scale,mu_scale,q_source,K_multiplier,K,mu_star,mu_star_relative,log_loss_star,auc_star,support,k_actual,S_recall,S_precision,C_inclusion,fit_seconds
4,30,1000,5,0.2,1.0,371.3556238894722,oracle,2.0,10,0.0,0.0,0.053840400955317926,0.9985199999999999,"[5, 7, 8, 13, 20, 26, 27, 29]",8,1.0,0.625,0.375,714.8096144199371
4,30,1000,5,0.2,1.0,371.3556238894722,uniform,2.0,10,0.0,0.0,0.05801101815244743,0.998,"[5, 7, 8, 13, 20, 26, 27, 29]",8,1.0,0.625,0.375,724.6440477371216
4,30,1000,5,0.2,1.0,371.3556238894722,adversarial,2.0,10,0.0,0.0,0.061705264457201515,0.9979999999999999,"[5, 7, 8, 13, 20, 26, 27, 29]",8,1.0,0.625,0.375,657.1826865673065
4,30,1000,5,0.2,1.0,371.3556238894722,pc,2.0,10,45.782457008560996,0.12328467394420659,0.05326449292849206,0.99828,"[5, 7, 8, 13, 20, 27, 29]",7,1.0,0.7142857142857143,0.2857142857142857,726.3607964515686
4,30,1000,5,0.2,1.0,371.3556238894722,ges,2.0,10,6.958526381212809,0.01873817422860384,0.05557499245688878,0.9982599999999999,"[5, 7, 8, 13, 20, 27, 29]",7,1.0,0.7142857142857143,0.2857142857142857,693.7823657989502
4,30,1000,5,0.2,1.0,371.3556238894722,bootstrap_l1,2.0,10,24.432720312032345,0.0657933224657568,0.04878644090338914,0.99874,"[5, 7, 8, 13, 20, 27, 29]",7,1.0,0.7142857142857143,0.2857142857142857,717.8877654075623
