seed,p,n,k_star,p_edge,noise_scale,mu_scale,q_source,K_multiplier,K,mu_star,mu_star_relative,log_loss_star,auc_star,support,k_actual,S_recall,S_precision,C_inclusion,fit_seconds
1,30,1000,5,0.2,1.0,654.4060421232587,oracle,2.0,10,0.0,0.0,0.04815456233503207,0.99856,"[1, 7, 13, 15, 27]",5,1.0,1.0,0.0,735.7605378627777
1,30,1000,5,0.2,1.0,654.4060421232587,uniform,2.0,10,0.0,0.0,0.05724648538069517,0.99778,"[1, 7, 13, 15, 27]",5,1.0,1.0,0.0,777.8502969741821
1,30,1000,5,0.2,1.0,654.4060421232587,adversarial,2.0,10,0.0,0.0,0.04713802369683,0.99888,"[1, 7, 13, 15, 27]",5,1.0,1.0,0.0,683.2198050022125
1,30,1000,5,0.2,1.0,654.4060421232587,pc,2.0,10,80.67823553028467,0.12328467394420659,0.05802544300054824,0.99846,"[1, 7, 13, 15, 27]",5,1.0,1.0,0.0,787.3910477161407
1,30,1000,5,0.2,1.0,654.4060421232587,ges,2.0,10,22.977450859236246,0.03511191734215131,0.05696252191623408,0.9980800000000001,"[1, 7, 13, 15, 27]",5,1.0,1.0,0.0,742.6254744529724
1,30,1000,5,0.2,1.0,654.4060421232587,bootstrap_l1,2.0,10,12.262374433556685,0.01873817422860384,0.056758376537506115,0.9981399999999999,"[1, 7, 13, 15, 27]",5,1.0,1.0,0.0,763.8562409877777
