seed,p,n,k_star,p_edge,noise_scale,mu_scale,q_source,K_multiplier,K,mu_star,mu_star_relative,log_loss_star,auc_star,support,k_actual,S_recall,S_precision,C_inclusion,fit_seconds
15,30,300,5,0.5,1.0,2509.3883834563176,oracle,2.0,10,25.093883834563176,0.01,0.11404463285503508,0.9926666666666666,"[0, 8, 11, 12, 17, 21, 23, 28]",8,0.6,0.375,0.625,572.4810440540314
15,30,300,5,0.5,1.0,2509.3883834563176,uniform,2.0,10,0.0,0.0,0.3243794606305578,0.9653333333333333,"[8, 11, 12, 20, 21, 23]",6,0.0,0.0,1.0,625.6158616542816
15,30,300,5,0.5,1.0,2509.3883834563176,adversarial,2.0,10,0.0,0.0,0.22345650238992895,0.9842222222222222,"[8, 11, 12, 20, 21, 23]",6,0.0,0.0,1.0,588.1779873371124
15,30,300,5,0.5,1.0,2509.3883834563176,pc,2.0,10,88.10943749927291,0.03511191734215131,0.13373260366652923,0.9928888888888888,"[6, 8, 11, 12, 21, 23]",6,0.2,0.16666666666666666,0.8333333333333334,527.4641976356506
15,30,300,5,0.5,1.0,2509.3883834563176,ges,2.0,10,47.021356736439024,0.01873817422860384,0.20867106899547458,0.9715555555555555,"[0, 8, 11, 12, 17, 28]",6,0.6,0.5,0.5,636.8244569301605
15,30,300,5,0.5,1.0,2509.3883834563176,bootstrap_l1,2.0,10,165.10099910456566,0.0657933224657568,0.1825257723081147,0.986,"[5, 8, 20, 21, 23]",5,0.0,0.0,1.0,629.9624443054199
