seed,p,n,k_star,p_edge,noise_scale,mu_scale,q_source,K_multiplier,K,mu_star,mu_star_relative,log_loss_star,auc_star,support,k_actual,S_recall,S_precision,C_inclusion,fit_seconds
8,15,300,5,0.2,1.0,71.2389629917903,oracle,2.0,10,0.712389629917903,0.01,0.11939815363518506,0.9937777777777779,"[2, 3, 4, 5, 8, 9, 10]",7,1.0,0.7142857142857143,0.2857142857142857,342.1768295764923
8,15,300,5,0.2,1.0,71.2389629917903,uniform,2.0,10,0.0,0.0,0.09432504925209488,0.9946666666666667,"[2, 3, 4, 5, 8, 9, 10]",7,1.0,0.7142857142857143,0.2857142857142857,343.3983459472656
8,15,300,5,0.2,1.0,71.2389629917903,adversarial,2.0,10,1.3348881004052278,0.01873817422860384,0.10185362631545343,0.9953333333333335,"[2, 3, 4, 5, 8, 9, 10]",7,1.0,0.7142857142857143,0.2857142857142857,397.0047035217285
8,15,300,5,0.2,1.0,71.2389629917903,pc,2.0,10,30.83764647033707,0.4328761281083057,0.11244136650785404,0.9955555555555555,"[2, 3, 4, 5, 8, 9, 10, 14]",8,1.0,0.625,0.375,346.056706905365
8,15,300,5,0.2,1.0,71.2389629917903,ges,2.0,10,57.78411923612662,0.8111308307896868,0.09047483274688284,0.9946666666666667,"[1, 2, 3, 4, 5, 8, 9, 10]",8,1.0,0.625,0.375,387.60102248191833
8,15,300,5,0.2,1.0,71.2389629917903,bootstrap_l1,2.0,10,4.687048064244974,0.0657933224657568,0.1281631462046949,0.9904444444444443,"[2, 3, 4, 5, 8, 9, 10]",7,1.0,0.7142857142857143,0.2857142857142857,378.68369483947754
