seed,p,n,k_star,p_edge,noise_scale,mu_scale,q_source,K_multiplier,K,mu_star,mu_star_relative,log_loss_star,auc_star,support,k_actual,S_recall,S_precision,C_inclusion,fit_seconds
19,30,300,5,0.7,1.0,23806.177551888286,oracle,2.0,10,238.06177551888285,0.01,0.043159233738072705,0.9988888888888889,"[19, 20, 21, 29]",4,0.2,0.25,0.75,640.738367319107
19,30,300,5,0.7,1.0,23806.177551888286,uniform,2.0,10,0.0,0.0,0.07786632142817859,0.999111111111111,"[19, 21, 29]",3,0.0,0.0,1.0,598.465490102768
19,30,300,5,0.7,1.0,23806.177551888286,adversarial,2.0,10,0.0,0.0,0.04550138897646425,0.9993333333333332,"[19, 21, 29]",3,0.0,0.0,1.0,615.8605601787567
19,30,300,5,0.7,1.0,23806.177551888286,pc,2.0,10,238.06177551888285,0.01,0.01290435830770976,1.0,"[22, 29]",2,0.0,0.0,1.0,533.6999363899231
19,30,300,5,0.7,1.0,23806.177551888286,ges,2.0,10,238.06177551888285,0.01,0.02037037437641861,1.0,[22],1,0.0,0.0,1.0,656.4080307483673
19,30,300,5,0.7,1.0,23806.177551888286,bootstrap_l1,2.0,10,238.06177551888285,0.01,0.0558100056278472,0.9982222222222223,"[7, 19, 21, 28]",4,0.2,0.25,0.75,619.944301366806
