seed,p,n,k_star,p_edge,noise_scale,mu_scale,q_source,K_multiplier,K,mu_star,mu_star_relative,log_loss_star,auc_star,support,k_actual,S_recall,S_precision,C_inclusion,fit_seconds
5,30,75,5,0.2,1.0,26.407700492928893,oracle,2.0,10,0.4948320928132891,0.01873817422860384,0.17153692903167003,0.9892857142857142,"[2, 3, 6, 7, 9, 14, 16, 20, 22, 27]",10,0.8,0.4,0.6,419.5894021987915
5,30,75,5,0.2,1.0,26.407700492928893,uniform,2.0,10,0.0,0.0,0.3772293458352537,0.9714285714285715,"[2, 3, 7, 9, 14, 16, 17, 20, 22]",9,0.6,0.3333333333333333,0.6666666666666666,451.4539005756378
5,30,75,5,0.2,1.0,26.407700492928893,adversarial,2.0,10,0.9272249969040076,0.03511191734215131,0.20751592032333668,0.975,"[0, 2, 3, 6, 7, 9, 12, 14, 26]",9,0.2,0.1111111111111111,0.8888888888888888,440.89154410362244
5,30,75,5,0.2,1.0,26.407700492928893,pc,2.0,10,0.0,0.0,0.1799448391986799,0.9928571428571429,"[2, 3, 7, 9, 14, 16, 17, 20, 22]",9,0.6,0.3333333333333333,0.6666666666666666,489.5983328819275
5,30,75,5,0.2,1.0,26.407700492928893,ges,2.0,10,21.420100040074637,0.8111308307896868,0.44081061050303577,0.9714285714285713,"[2, 4, 7, 9, 12, 14, 24]",7,0.4,0.2857142857142857,0.7142857142857143,505.11424803733826
5,30,75,5,0.2,1.0,26.407700492928893,bootstrap_l1,2.0,10,0.2640770049292889,0.01,0.10775365351931113,1.0,"[2, 3, 4, 7, 9, 14, 16, 20, 22, 27]",10,1.0,0.5,0.5,469.3431568145752
