seed,p,n,k_star,p_edge,noise_scale,mu_scale,q_source,K_multiplier,K,mu_star,mu_star_relative,log_loss_star,auc_star,support,k_actual,S_recall,S_precision,C_inclusion,fit_seconds
2,30,300,5,0.5,1.0,5099.770731265026,oracle,2.0,10,0.0,0.0,0.05047576015245088,0.9977777777777778,"[8, 12, 16, 17, 18, 27]",6,0.2,0.16666666666666666,0.8333333333333334,615.3246779441833
2,30,300,5,0.5,1.0,5099.770731265026,uniform,2.0,10,0.0,0.0,0.033460518003678455,0.9997777777777778,"[8, 12, 16, 17, 18, 27]",6,0.2,0.16666666666666666,0.8333333333333334,667.9440538883209
2,30,300,5,0.5,1.0,5099.770731265026,adversarial,2.0,10,50.99770731265026,0.01,0.07176905032243723,0.9977777777777778,"[4, 13, 17, 18, 27]",5,0.0,0.0,1.0,607.0153415203094
2,30,300,5,0.5,1.0,5099.770731265026,pc,2.0,10,50.99770731265026,0.01,0.03789444646763904,0.9995555555555555,"[3, 10, 11, 12, 16, 17, 18]",7,0.2,0.14285714285714285,0.8571428571428571,614.1492462158203
2,30,300,5,0.5,1.0,5099.770731265026,ges,2.0,10,50.99770731265026,0.01,0.03817189759551444,0.9982222222222223,"[2, 5, 6, 10, 14, 28]",6,0.6,0.5,0.5,666.0597860813141
2,30,300,5,0.5,1.0,5099.770731265026,bootstrap_l1,2.0,10,0.0,0.0,0.06466595270650682,0.9995555555555555,"[8, 12, 16, 17, 18, 27]",6,0.2,0.16666666666666666,0.8333333333333334,684.7240376472473
