seed,p,n,k_star,p_edge,noise_scale,mu_scale,q_source,K_multiplier,K,mu_star,mu_star_relative,log_loss_star,auc_star,support,k_actual,S_recall,S_precision,C_inclusion,fit_seconds
19,30,300,5,0.2,1.0,262.26171855866664,oracle,2.0,10,4.914305775845361,0.01873817422860384,0.06649672843763495,0.998,"[1, 3, 5, 7, 10, 14, 20, 23, 25, 28]",10,1.0,0.5,0.5,525.095291852951
19,30,300,5,0.2,1.0,262.26171855866664,uniform,2.0,10,0.0,0.0,0.06809924303152624,0.9977777777777778,"[1, 5, 7, 15, 19, 21, 23, 25, 28]",9,0.4,0.2222222222222222,0.7777777777777778,527.6160635948181
19,30,300,5,0.2,1.0,262.26171855866664,adversarial,2.0,10,0.0,0.0,0.06647905766077349,0.9971111111111112,"[1, 5, 7, 15, 19, 21, 23, 25, 28]",9,0.4,0.2222222222222222,0.7777777777777778,532.3633024692535
19,30,300,5,0.2,1.0,262.26171855866664,pc,2.0,10,398.6144926716004,1.5199110829529332,0.07773667979856723,0.9975555555555555,"[6, 7, 10, 13, 22, 23, 25, 28]",8,0.6,0.375,0.625,526.3244431018829
19,30,300,5,0.2,1.0,262.26171855866664,ges,2.0,10,2.6226171855866665,0.01,0.05687027361061229,0.9986666666666666,"[1, 3, 7, 9, 10, 15, 22, 23, 25, 27]",10,0.8,0.4,0.6,591.0519154071808
19,30,300,5,0.2,1.0,262.26171855866664,bootstrap_l1,2.0,10,17.255069819553906,0.0657933224657568,0.02386083778829343,0.9997777777777778,"[5, 7, 10, 13, 14, 19, 23, 25, 29]",9,0.6,0.3333333333333333,0.6666666666666666,509.95165729522705
