seed,p,n,k_star,p_edge,noise_scale,mu_scale,q_source,K_multiplier,K,mu_star,mu_star_relative,log_loss_star,auc_star,support,k_actual,S_recall,S_precision,C_inclusion,fit_seconds
18,30,300,5,0.6,1.0,6928.625146099948,oracle,2.0,10,0.0,0.0,0.11951048201176426,0.9940000000000001,"[10, 26]",2,0.2,0.5,0.5,643.2266585826874
18,30,300,5,0.6,1.0,6928.625146099948,uniform,2.0,10,0.0,0.0,0.10353218312170558,0.9962222222222223,"[10, 26]",2,0.2,0.5,0.5,677.6804385185242
18,30,300,5,0.6,1.0,6928.625146099948,adversarial,2.0,10,69.28625146099948,0.01,0.1335988971207745,0.9886666666666667,"[2, 26]",2,0.0,0.0,1.0,667.2713303565979
18,30,300,5,0.6,1.0,6928.625146099948,pc,2.0,10,0.0,0.0,0.09976616788079987,0.9948888888888889,"[10, 26]",2,0.2,0.5,0.5,703.8792271614075
18,30,300,5,0.6,1.0,6928.625146099948,ges,2.0,10,0.0,0.0,0.17644973497386024,0.9893333333333334,"[10, 26]",2,0.2,0.5,0.5,597.0232756137848
18,30,300,5,0.6,1.0,6928.625146099948,bootstrap_l1,2.0,10,0.0,0.0,0.1963930837678483,0.9848888888888888,"[10, 26]",2,0.2,0.5,0.5,706.66495013237
