seed,p,n,k_star,p_edge,noise_scale,mu_scale,q_source,K_multiplier,K,mu_star,mu_star_relative,log_loss_star,auc_star,support,k_actual,S_recall,S_precision,C_inclusion,fit_seconds
17,30,300,5,0.3,1.0,417.99301002391536,oracle,2.0,10,4.179930100239154,0.01,0.058250637065058286,0.9993333333333332,"[4, 6, 7, 13, 22, 26, 27, 29]",8,1.0,0.625,0.375,557.2509746551514
17,30,300,5,0.3,1.0,417.99301002391536,uniform,2.0,10,0.0,0.0,0.054534717054530765,0.9975555555555555,"[1, 4, 6, 7, 13, 22, 26, 27]",8,1.0,0.625,0.375,571.0098814964294
17,30,300,5,0.3,1.0,417.99301002391536,adversarial,2.0,10,0.0,0.0,0.08178508887498961,0.9966666666666667,"[1, 4, 6, 7, 13, 22, 26, 27]",8,1.0,0.625,0.375,566.27064037323
17,30,300,5,0.3,1.0,417.99301002391536,pc,2.0,10,14.676536017556739,0.03511191734215131,0.05163609387429311,0.9986666666666666,"[6, 7, 13, 15, 26, 27]",6,0.6,0.5,0.5,579.813131570816
17,30,300,5,0.3,1.0,417.99301002391536,ges,2.0,10,51.53213195175588,0.12328467394420659,0.036214788915464556,0.9995555555555555,"[4, 6, 19, 22, 26, 27, 29]",7,1.0,0.7142857142857143,0.2857142857142857,614.5680365562439
17,30,300,5,0.3,1.0,417.99301002391536,bootstrap_l1,2.0,10,4.179930100239154,0.01,0.03688675887266539,0.9986666666666666,"[4, 6, 7, 13, 17, 26, 27]",7,0.8,0.5714285714285714,0.42857142857142855,626.4615042209625
