seed,p,n,k_star,p_edge,noise_scale,mu_scale,q_source,K_multiplier,K,mu_star,mu_star_relative,log_loss_star,auc_star,support,k_actual,S_recall,S_precision,C_inclusion,fit_seconds
0,30,300,5,0.4,1.0,1192.979856572029,oracle,2.0,10,0.0,0.0,0.12363575914206378,0.9953333333333333,"[0, 3, 10, 16, 21, 29]",6,0.4,0.3333333333333333,0.6666666666666666,602.2851526737213
0,30,300,5,0.4,1.0,1192.979856572029,uniform,2.0,10,0.0,0.0,0.16903201482149294,0.9940000000000001,"[0, 3, 10, 16, 21, 29]",6,0.4,0.3333333333333333,0.6666666666666666,620.611799955368
0,30,300,5,0.4,1.0,1192.979856572029,adversarial,2.0,10,11.929798565720288,0.01,0.07239279843615656,0.9962222222222221,"[0, 3, 4, 5, 8, 21, 23, 24, 26, 29]",10,0.2,0.1,0.9,622.5684292316437
0,30,300,5,0.4,1.0,1192.979856572029,pc,2.0,10,78.4901083985958,0.0657933224657568,0.01622293250283726,1.0,"[5, 6, 10, 12, 17, 22, 26, 29]",8,0.6,0.375,0.625,528.9415998458862
0,30,300,5,0.4,1.0,1192.979856572029,ges,2.0,10,11.929798565720288,0.01,0.017607577764958863,0.9997777777777778,"[2, 5, 8, 10, 16, 22, 23, 26]",8,0.6,0.375,0.625,674.0672829151154
0,30,300,5,0.4,1.0,1192.979856572029,bootstrap_l1,2.0,10,0.0,0.0,0.13912145796170455,0.9953333333333333,"[0, 3, 10, 16, 21, 29]",6,0.4,0.3333333333333333,0.6666666666666666,619.2206583023071
