seed,p,n,k_star,p_edge,noise_scale,mu_scale,q_source,K_multiplier,K,mu_star,mu_star_relative,log_loss_star,auc_star,support,k_actual,S_recall,S_precision,C_inclusion,fit_seconds
13,30,300,5,0.1,1.0,46.23969914320284,oracle,2.0,10,0.0,0.0,0.08648868661064003,0.9948888888888888,"[4, 6, 9, 10, 16, 17, 18, 24, 26]",9,1.0,0.5555555555555556,0.3333333333333333,467.63953614234924
13,30,300,5,0.1,1.0,46.23969914320284,uniform,2.0,10,0.0,0.0,0.12647395563308747,0.992,"[4, 6, 9, 10, 16, 17, 18, 24, 26]",9,1.0,0.5555555555555556,0.3333333333333333,460.3477129936218
13,30,300,5,0.1,1.0,46.23969914320284,adversarial,2.0,10,0.0,0.0,0.11809484746705916,0.9951111111111111,"[4, 6, 9, 10, 16, 17, 18, 24, 26]",9,1.0,0.5555555555555556,0.3333333333333333,520.3610141277313
13,30,300,5,0.1,1.0,46.23969914320284,pc,2.0,10,0.0,0.0,0.08843078431768372,0.9937777777777776,"[4, 6, 9, 10, 16, 17, 18, 24, 26]",9,1.0,0.5555555555555556,0.3333333333333333,462.8591949939728
13,30,300,5,0.1,1.0,46.23969914320284,ges,2.0,10,37.50644558149129,0.8111308307896868,0.09331975408935712,0.9957777777777779,"[6, 9, 10, 14, 17, 21, 24, 26, 28]",9,1.0,0.5555555555555556,0.4444444444444444,507.4290690422058
13,30,300,5,0.1,1.0,46.23969914320284,bootstrap_l1,2.0,10,70.28023120016324,1.519911082952933,0.07755801683775701,0.9964444444444445,"[4, 6, 9, 10, 12, 16, 17, 24, 26]",9,1.0,0.5555555555555556,0.3333333333333333,529.3015658855438
