seed,p,n,k_star,p_edge,noise_scale,mu_scale,q_source,K_multiplier,K,mu_star,mu_star_relative,log_loss_star,auc_star,support,k_actual,S_recall,S_precision,C_inclusion,fit_seconds
18,30,300,5,0.3,1.0,320.33089000759503,oracle,2.0,10,0.0,0.0,0.048420487183721495,0.9982222222222223,"[13, 17, 18, 19, 29]",5,0.2,0.2,0.8,578.2261583805084
18,30,300,5,0.3,1.0,320.33089000759503,uniform,2.0,10,0.0,0.0,0.13483521124026507,0.9946666666666667,"[13, 17, 18, 19, 29]",5,0.2,0.2,0.8,597.924313545227
18,30,300,5,0.3,1.0,320.33089000759503,adversarial,2.0,10,3.2033089000759505,0.01,0.08107031695925156,0.9962222222222223,"[1, 9, 15, 17, 18, 19, 29]",7,0.0,0.0,1.0,577.5845012664795
18,30,300,5,0.3,1.0,320.33089000759503,pc,2.0,10,3.2033089000759505,0.01,0.041110557171902005,0.9997777777777778,"[1, 5, 9, 11, 17, 18, 26]",7,0.2,0.14285714285714285,0.8571428571428571,601.1494431495667
18,30,300,5,0.3,1.0,320.33089000759503,ges,2.0,10,138.6635953799753,0.4328761281083057,0.04361990164778252,0.9986666666666666,"[1, 4, 10, 11, 13, 21, 24, 27]",8,1.0,0.625,0.375,659.0302038192749
18,30,300,5,0.3,1.0,320.33089000759503,bootstrap_l1,2.0,10,0.0,0.0,0.04078190595557533,0.9988888888888889,"[13, 17, 18, 19, 29]",5,0.2,0.2,0.8,603.4041714668274
