seed,p,n,k_star,p_edge,noise_scale,mu_scale,q_source,K_multiplier,K,mu_star,mu_star_relative,log_loss_star,auc_star,support,k_actual,S_recall,S_precision,C_inclusion,fit_seconds
3,30,300,5,0.5,1.0,2197.356621869396,oracle,2.0,10,21.97356621869396,0.01,0.1092519041963635,0.9917777777777778,"[1, 3, 19, 20, 24]",5,0.4,0.4,0.6,572.7273910045624
3,30,300,5,0.5,1.0,2197.356621869396,uniform,2.0,10,0.0,0.0,0.15340356669095717,0.9888888888888889,"[3, 19, 20, 24]",4,0.2,0.25,0.75,649.0327482223511
3,30,300,5,0.5,1.0,2197.356621869396,adversarial,2.0,10,21.97356621869396,0.01,0.07068865032103619,0.9982222222222221,"[6, 11, 19, 20, 21, 24]",6,0.0,0.0,1.0,596.5315611362457
3,30,300,5,0.5,1.0,2197.356621869396,pc,2.0,10,0.0,0.0,0.08980335834102413,0.9968888888888889,"[3, 19, 20, 24]",4,0.2,0.25,0.75,580.9595310688019
3,30,300,5,0.5,1.0,2197.356621869396,ges,2.0,10,21.97356621869396,0.01,0.08396683546445227,0.9973333333333333,"[1, 3, 28]",3,0.4,0.6666666666666666,0.3333333333333333,653.6092400550842
3,30,300,5,0.5,1.0,2197.356621869396,bootstrap_l1,2.0,10,0.0,0.0,0.14324532110037053,0.9904444444444443,"[3, 19, 20, 24]",4,0.2,0.25,0.75,582.8201713562012
