seed,p,n,k_star,p_edge,noise_scale,mu_scale,q_source,K_multiplier,K,mu_star,mu_star_relative,log_loss_star,auc_star,support,k_actual,S_recall,S_precision,C_inclusion,fit_seconds
2,20,300,5,0.2,1.0,89.04024924580204,oracle,2.0,10,0.0,0.0,0.08682955608251582,0.9953333333333333,"[2, 3, 10, 11, 13, 14, 15, 17]",8,1.0,0.625,0.375,477.9722821712494
2,20,300,5,0.2,1.0,89.04024924580204,uniform,2.0,10,0.0,0.0,0.08935193440754055,0.9951111111111111,"[2, 3, 10, 11, 13, 14, 15, 17]",8,1.0,0.625,0.375,506.9138994216919
2,20,300,5,0.2,1.0,89.04024924580204,adversarial,2.0,10,0.8904024924580205,0.01,0.10834412011325278,0.9944444444444442,"[2, 3, 8, 9, 10, 11, 13, 17]",8,0.6,0.375,0.625,516.9906530380249
2,20,300,5,0.2,1.0,89.04024924580204,pc,2.0,10,890.4024924580204,10.0,0.0811330234702835,0.9984444444444444,"[3, 11, 14, 15, 17]",5,1.0,1.0,0.0,483.88625168800354
2,20,300,5,0.2,1.0,89.04024924580204,ges,2.0,10,135.3332616575861,1.5199110829529334,0.11720048721641634,0.9928888888888888,"[3, 11, 14, 15, 17]",5,1.0,1.0,0.0,527.6243014335632
2,20,300,5,0.2,1.0,89.04024924580204,bootstrap_l1,2.0,10,0.0,0.0,0.08797976051859638,0.9962222222222221,"[2, 3, 10, 11, 13, 14, 15, 17]",8,1.0,0.625,0.375,525.7310190200806
