seed,p,n,k_star,p_edge,noise_scale,mu_scale,q_source,K_multiplier,K,mu_star,mu_star_relative,log_loss_star,auc_star,support,k_actual,S_recall,S_precision,C_inclusion,fit_seconds
1,30,100,5,0.2,1.0,41.230160415892634,oracle,2.0,10,0.7725779293462816,0.01873817422860384,0.14130093992019782,0.994,"[4, 7, 13, 26, 27]",5,0.6,0.6,0.4,455.6684739589691
1,30,100,5,0.2,1.0,41.230160415892634,uniform,2.0,10,0.0,0.0,0.06914059006800094,0.9960000000000001,"[4, 5, 7, 13, 16, 26, 27]",7,0.6,0.42857142857142855,0.5714285714285714,477.08984208106995
1,30,100,5,0.2,1.0,41.230160415892634,adversarial,2.0,10,0.0,0.0,0.10271257319156923,0.998,"[4, 5, 7, 13, 16, 26, 27]",7,0.6,0.42857142857142855,0.5714285714285714,452.88067507743835
1,30,100,5,0.2,1.0,41.230160415892634,pc,2.0,10,62.66617776804253,1.5199110829529332,0.02236774053905429,1.0,"[0, 4, 7, 13, 20, 25, 26, 27, 29]",9,0.6,0.3333333333333333,0.5555555555555556,480.9011881351471
1,30,100,5,0.2,1.0,41.230160415892634,ges,2.0,10,0.0,0.0,0.08827156806888095,0.9880000000000001,"[4, 5, 7, 13, 16, 26, 27]",7,0.6,0.42857142857142855,0.5714285714285714,498.5951602458954
1,30,100,5,0.2,1.0,41.230160415892634,bootstrap_l1,2.0,10,0.7725779293462816,0.01873817422860384,0.07349108950883912,0.994,"[4, 5, 7, 13, 16, 26, 27]",7,0.6,0.42857142857142855,0.5714285714285714,459.9419295787811
