seed,p,n,k_star,p_edge,noise_scale,mu_scale,q_source,K_multiplier,K,mu_star,mu_star_relative,log_loss_star,auc_star,support,k_actual,S_recall,S_precision,C_inclusion,fit_seconds
8,30,200,5,0.2,1.0,333.6702857561294,oracle,2.0,10,0.0,0.0,0.07539209653132689,0.998,"[3, 6, 8, 16, 19, 21, 24, 25, 29]",9,0.4,0.2222222222222222,0.7777777777777778,581.1719672679901
8,30,200,5,0.2,1.0,333.6702857561294,uniform,2.0,10,0.0,0.0,0.05555909439533132,0.9974999999999999,"[3, 6, 8, 16, 19, 21, 24, 25, 29]",9,0.4,0.2222222222222222,0.7777777777777778,545.4162049293518
8,30,200,5,0.2,1.0,333.6702857561294,adversarial,2.0,10,0.0,0.0,0.0753329516628558,0.9969999999999999,"[3, 6, 8, 16, 19, 21, 24, 25, 29]",9,0.4,0.2222222222222222,0.7777777777777778,571.3270101547241
8,30,200,5,0.2,1.0,333.6702857561294,pc,2.0,10,77.08216371604692,0.23101297000831592,0.076478621998629,0.9974999999999999,"[3, 6, 8, 9, 16, 17, 25]",7,0.4,0.2857142857142857,0.7142857142857143,549.5385711193085
8,30,200,5,0.2,1.0,333.6702857561294,ges,2.0,10,41.13643238431465,0.1232846739442066,0.034522611054960545,1.0,"[2, 3, 5, 6, 8, 9, 18, 25, 27]",9,0.6,0.3333333333333333,0.6666666666666666,589.2273519039154
8,30,200,5,0.2,1.0,333.6702857561294,bootstrap_l1,2.0,10,41.13643238431465,0.1232846739442066,0.07571789811430255,0.9964999999999999,"[3, 5, 6, 8, 12, 20, 25]",7,0.8,0.5714285714285714,0.42857142857142855,612.4374041557312
