seed,p,n,k_star,p_edge,noise_scale,mu_scale,q_source,K_multiplier,K,mu_star,mu_star_relative,log_loss_star,auc_star,support,k_actual,S_recall,S_precision,C_inclusion,fit_seconds
8,30,300,5,0.4,1.0,514.3725564653921,oracle,2.0,10,5.143725564653921,0.01,0.27331726376068544,0.9600000000000002,"[9, 12, 17, 19, 20]",5,0.2,0.2,0.8,530.5989792346954
8,30,300,5,0.4,1.0,514.3725564653921,uniform,2.0,10,0.0,0.0,0.3995145617637785,0.976888888888889,"[3, 6, 16, 19, 20]",5,0.4,0.4,0.6,585.9573836326599
8,30,300,5,0.4,1.0,514.3725564653921,adversarial,2.0,10,0.0,0.0,0.3701760103914821,0.97,"[3, 6, 16, 19, 20]",5,0.4,0.4,0.6,564.476536989212
8,30,300,5,0.4,1.0,514.3725564653921,pc,2.0,10,222.6596006479098,0.4328761281083057,0.21539951156846177,0.9893333333333334,"[6, 16, 19, 20]",4,0.4,0.5,0.5,592.1108846664429
8,30,300,5,0.4,1.0,514.3725564653921,ges,2.0,10,33.842279475063236,0.0657933224657568,0.08859998215317022,0.9855555555555556,"[6, 16, 19, 20, 24, 25, 26, 28]",8,0.8,0.5,0.5,594.0315635204315
8,30,300,5,0.4,1.0,514.3725564653921,bootstrap_l1,2.0,10,9.638402581460884,0.01873817422860384,0.3715592992526244,0.9877777777777779,"[3, 9, 17, 19, 26, 28]",6,0.2,0.16666666666666666,0.8333333333333334,572.295313835144
