seed,p,n,k_star,p_edge,noise_scale,mu_scale,q_source,K_multiplier,K,mu_star,mu_star_relative,log_loss_star,auc_star,support,k_actual,S_recall,S_precision,C_inclusion,fit_seconds
6,30,300,5,0.6,1.0,2503.0466627406095,oracle,2.0,10,0.0,0.0,0.08786168749247682,0.9948888888888888,"[12, 13, 15, 25, 29]",5,0.2,0.2,0.8,562.7644052505493
6,30,300,5,0.6,1.0,2503.0466627406095,uniform,2.0,10,0.0,0.0,0.06133268800855039,0.9982222222222223,"[12, 13, 15, 25, 29]",5,0.2,0.2,0.8,624.7051467895508
6,30,300,5,0.6,1.0,2503.0466627406095,adversarial,2.0,10,0.0,0.0,0.0683430011591052,0.9957777777777779,"[12, 13, 15, 25, 29]",5,0.2,0.2,0.8,626.9628436565399
6,30,300,5,0.6,1.0,2503.0466627406095,pc,2.0,10,25.030466627406096,0.01,0.03592113620090244,0.9993333333333332,"[8, 10, 12, 13, 14, 15, 29]",7,0.2,0.14285714285714285,0.8571428571428571,609.6871473789215
6,30,300,5,0.6,1.0,2503.0466627406095,ges,2.0,10,0.0,0.0,0.04910294789198576,0.9977777777777778,"[12, 13, 15, 25, 29]",5,0.2,0.2,0.8,658.297431230545
6,30,300,5,0.6,1.0,2503.0466627406095,bootstrap_l1,2.0,10,25.030466627406096,0.01,0.07296171326480695,0.9982222222222223,"[10, 11, 13, 14, 15, 29]",6,0.2,0.16666666666666666,0.8333333333333334,603.059556722641
