seed,p,n,k_star,p_edge,noise_scale,mu_scale,q_source,K_multiplier,K,mu_star,mu_star_relative,log_loss_star,auc_star,support,k_actual,S_recall,S_precision,C_inclusion,fit_seconds
4,30,300,7,0.2,1.0,187.92575975308145,oracle,2.0,14,1.8792575975308146,0.01,0.08712095840945638,0.9957777777777779,"[1, 6, 7, 8, 14, 20, 22, 23, 27, 29]",10,1.0,0.7,0.3,995.7437250614166
4,30,300,7,0.2,1.0,187.92575975308145,uniform,2.0,14,0.0,0.0,0.15216588335018558,0.9913333333333332,"[1, 6, 7, 8, 14, 20, 22, 23, 27, 29]",10,1.0,0.7,0.3,1024.6206634044647
4,30,300,7,0.2,1.0,187.92575975308145,adversarial,2.0,14,0.0,0.0,0.11392725685783164,0.9951111111111113,"[1, 6, 7, 8, 14, 20, 22, 23, 27, 29]",10,1.0,0.7,0.3,1037.0341398715973
4,30,300,7,0.2,1.0,187.92575975308145,pc,2.0,14,535.2193043798247,2.8480358684357996,0.07891233394826404,0.9968888888888889,"[1, 7, 8, 9, 13, 14, 20, 23, 27, 28, 29]",11,0.7142857142857143,0.45454545454545453,0.5454545454545454,995.7786204814911
4,30,300,7,0.2,1.0,187.92575975308145,ges,2.0,14,1.8792575975308146,0.01,0.0715603879107443,0.9973333333333334,"[6, 7, 8, 14, 20, 22, 23, 27, 29]",9,1.0,0.7777777777777778,0.2222222222222222,1067.2351405620575
4,30,300,7,0.2,1.0,187.92575975308145,bootstrap_l1,2.0,14,81.34857525372557,0.4328761281083057,0.0775997468359104,0.9977777777777778,"[1, 4, 6, 7, 8, 9, 14, 20, 23, 26, 27, 29]",12,0.8571428571428571,0.5,0.5,1037.4443967342377
