seed,p,n,k_star,p_edge,noise_scale,mu_scale,q_source,K_multiplier,K,mu_star,mu_star_relative,log_loss_star,auc_star,support,k_actual,S_recall,S_precision,C_inclusion,fit_seconds
4,30,150,5,0.2,1.0,38.56451402918441,oracle,2.0,10,2.5372875072573318,0.0657933224657568,0.16311522421513502,0.992,"[7, 8, 12, 20, 26, 27, 29]",7,1.0,0.7142857142857143,0.2857142857142857,462.28108167648315
4,30,150,5,0.2,1.0,38.56451402918441,uniform,2.0,10,0.0,0.0,0.18056926668056017,0.9964444444444445,"[7, 8, 12, 20, 26, 27, 29]",7,1.0,0.7142857142857143,0.2857142857142857,508.51785254478455
4,30,150,5,0.2,1.0,38.56451402918441,adversarial,2.0,10,0.3856451402918441,0.01,0.24028903603433666,0.9893333333333334,"[1, 5, 10, 12, 20, 23, 24, 26, 29]",9,0.4,0.2222222222222222,0.7777777777777778,476.04946875572205
4,30,150,5,0.2,1.0,38.56451402918441,pc,2.0,10,109.83311920391277,2.848035868435799,0.13921825668288473,0.9928888888888888,"[1, 8, 13, 20, 22, 23, 27, 29]",8,0.8,0.5,0.5,523.761736869812
4,30,150,5,0.2,1.0,38.56451402918441,ges,2.0,10,109.83311920391277,2.848035868435799,0.08356590816623491,0.9964444444444445,"[2, 5, 7, 8, 13, 20, 24, 26, 27, 29]",10,1.0,0.5,0.5,530.276079416275
4,30,150,5,0.2,1.0,38.56451402918441,bootstrap_l1,2.0,10,31.280866303492882,0.8111308307896868,0.15969603107717495,0.9893333333333334,"[1, 2, 4, 14, 20, 23, 26, 29]",8,0.4,0.25,0.75,521.5884749889374
