seed,p,n,k_star,p_edge,noise_scale,mu_scale,q_source,K_multiplier,K,mu_star,mu_star_relative,log_loss_star,auc_star,support,k_actual,S_recall,S_precision,C_inclusion,fit_seconds
3,30,300,5,0.2,0.5,44.52920347032827,oracle,2.0,10,1.5635057115620032,0.03511191734215131,0.07897078083963119,0.9964444444444445,"[1, 3, 4, 7, 8, 15, 16, 20, 21, 23]",10,1.0,0.5,0.5,511.0525598526001
3,30,300,5,0.2,0.5,44.52920347032827,uniform,2.0,10,0.0,0.0,0.09536471529184945,0.9944444444444445,"[1, 4, 5, 6, 7, 15, 16, 23, 25, 28]",10,0.8,0.4,0.6,545.6932680606842
3,30,300,5,0.2,0.5,44.52920347032827,adversarial,2.0,10,0.4452920347032827,0.01,0.07042052836407973,0.9975555555555555,"[4, 6, 7, 15, 17, 22, 23, 25, 27, 28]",10,0.4,0.2,0.8,515.6110570430756
3,30,300,5,0.2,0.5,44.52920347032827,pc,2.0,10,10.286823545785142,0.23101297000831592,0.09255474640973496,0.9946666666666667,"[4, 5, 6, 10, 15, 16, 20, 21, 23]",9,0.4,0.2222222222222222,0.7777777777777778,571.2351593971252
3,30,300,5,0.2,0.5,44.52920347032827,ges,2.0,10,10.286823545785142,0.23101297000831592,0.061710018197273196,0.9984444444444444,"[1, 5, 6, 15, 16, 20, 24, 25, 28]",9,0.6,0.3333333333333333,0.6666666666666666,577.1048128604889
3,30,300,5,0.2,0.5,44.52920347032827,bootstrap_l1,2.0,10,0.8343959728879619,0.01873817422860384,0.0543188785595967,0.9995555555555555,"[1, 4, 5, 6, 7, 15, 16, 23, 25, 28]",10,0.8,0.4,0.6,573.1932632923126
