seed,p,n,k_star,p_edge,noise_scale,mu_scale,q_source,K_multiplier,K,mu_star,mu_star_relative,log_loss_star,auc_star,support,k_actual,S_recall,S_precision,C_inclusion,fit_seconds
1,50,300,5,0.2,1.0,399.7689396848746,oracle,2.0,10,0.0,0.0,0.05279919554811161,0.9995555555555555,"[0, 1, 3, 19, 26, 33, 37, 40, 44]",9,0.4,0.2222222222222222,0.7777777777777778,647.9079298973083
1,50,300,5,0.2,1.0,399.7689396848746,uniform,2.0,10,0.0,0.0,0.05821718883123463,0.9984444444444446,"[0, 1, 3, 19, 26, 33, 37, 40, 44]",9,0.4,0.2222222222222222,0.7777777777777778,659.4834740161896
1,50,300,5,0.2,1.0,399.7689396848746,adversarial,2.0,10,0.0,0.0,0.042928603941451024,0.9993333333333332,"[0, 1, 3, 19, 26, 33, 37, 40, 44]",9,0.4,0.2222222222222222,0.7777777777777778,704.818948507309
1,50,300,5,0.2,1.0,399.7689396848746,pc,2.0,10,7.490940042999401,0.01873817422860384,0.08123886550134715,0.998,"[0, 3, 7, 12, 26, 43]",6,0.2,0.16666666666666666,0.8333333333333334,667.8439242839813
1,50,300,5,0.2,1.0,399.7689396848746,ges,2.0,10,92.3518100736782,0.23101297000831592,0.016618080500064827,1.0,"[0, 1, 5, 22, 27, 28, 29, 32, 34]",9,1.0,0.5555555555555556,0.4444444444444444,662.921957731247
1,50,300,5,0.2,1.0,399.7689396848746,bootstrap_l1,2.0,10,49.285383382070954,0.12328467394420659,0.0258265962397488,0.9997777777777778,"[1, 12, 23, 27, 40, 43]",6,0.4,0.3333333333333333,0.6666666666666666,704.4208271503448
