seed,p,n,k_star,p_edge,noise_scale,mu_scale,q_source,K_multiplier,K,mu_star,mu_star_relative,log_loss_star,auc_star,support,k_actual,S_recall,S_precision,C_inclusion,fit_seconds
12,30,300,5,0.7,1.0,45102.91292794975,oracle,2.0,10,0.0,0.0,0.10133771754765727,0.9951111111111111,"[2, 3, 12, 16, 26, 27, 29]",7,0.2,0.14285714285714285,0.8571428571428571,632.7307698726654
12,30,300,5,0.7,1.0,45102.91292794975,uniform,2.0,10,0.0,0.0,0.040897415469862995,0.9991111111111112,"[2, 3, 12, 16, 26, 27, 29]",7,0.2,0.14285714285714285,0.8571428571428571,659.0370151996613
12,30,300,5,0.7,1.0,45102.91292794975,adversarial,2.0,10,0.0,0.0,0.054889654280165054,0.9982222222222223,"[2, 3, 12, 16, 26, 27, 29]",7,0.2,0.14285714285714285,0.8571428571428571,649.5073673725128
12,30,300,5,0.7,1.0,45102.91292794975,pc,2.0,10,451.0291292794975,0.01,0.07280020170002101,0.9973333333333334,"[3, 12, 27, 29]",4,0.2,0.25,0.75,680.4330742359161
12,30,300,5,0.7,1.0,45102.91292794975,ges,2.0,10,451.0291292794975,0.01,0.022859710318433896,1.0,"[0, 12, 29]",3,0.4,0.6666666666666666,0.3333333333333333,660.3952009677887
12,30,300,5,0.7,1.0,45102.91292794975,bootstrap_l1,2.0,10,451.0291292794975,0.01,0.023189493547625898,0.9997777777777778,"[3, 12, 27, 29]",4,0.2,0.25,0.75,608.574056148529
