seed,p,n,k_star,p_edge,noise_scale,mu_scale,q_source,K_multiplier,K,mu_star,mu_star_relative,log_loss_star,auc_star,support,k_actual,S_recall,S_precision,C_inclusion,fit_seconds
0,30,300,5,0.6,1.0,16265.968515502795,oracle,2.0,10,0.0,0.0,0.04747855249427363,0.9997777777777778,"[0, 3, 18, 19, 25]",5,0.0,0.0,1.0,619.1775696277618
0,30,300,5,0.6,1.0,16265.968515502795,uniform,2.0,10,0.0,0.0,0.050526705560098195,0.9988888888888889,"[0, 3, 18, 19, 25]",5,0.0,0.0,1.0,661.2573435306549
0,30,300,5,0.6,1.0,16265.968515502795,adversarial,2.0,10,162.65968515502794,0.01,0.03863467373714896,0.9997777777777778,"[3, 6, 12, 15, 19, 25]",6,0.0,0.0,1.0,601.953254699707
0,30,300,5,0.6,1.0,16265.968515502795,pc,2.0,10,0.0,0.0,0.05117546248135361,0.9997777777777778,"[0, 3, 18, 19, 25]",5,0.0,0.0,1.0,625.9982666969299
0,30,300,5,0.6,1.0,16265.968515502795,ges,2.0,10,0.0,0.0,0.03582226492108692,0.9995555555555555,"[0, 3, 18, 19, 25]",5,0.0,0.0,1.0,679.801347732544
0,30,300,5,0.6,1.0,16265.968515502795,bootstrap_l1,2.0,10,162.65968515502794,0.01,0.03186495728662227,1.0,"[3, 12, 15, 19, 25]",5,0.0,0.0,1.0,677.292867898941
