seed,p,n,k_star,p_edge,noise_scale,mu_scale,q_source,K_multiplier,K,mu_star,mu_star_relative,log_loss_star,auc_star,support,k_actual,S_recall,S_precision,C_inclusion,fit_seconds
13,30,300,5,0.4,1.0,931.7520100464353,oracle,2.0,10,9.317520100464353,0.01,0.3007996069452757,0.963111111111111,"[6, 10, 17, 18]",4,0.6,0.75,0.25,606.0384192466736
13,30,300,5,0.4,1.0,931.7520100464353,uniform,2.0,10,0.0,0.0,0.3879328835456953,0.9424444444444443,"[2, 10, 16, 23, 26]",5,0.4,0.4,0.6,610.5114586353302
13,30,300,5,0.4,1.0,931.7520100464353,adversarial,2.0,10,9.317520100464353,0.01,0.30269528509585253,0.9402222222222221,"[1, 2, 7, 8, 15, 19, 21, 22, 25, 28]",10,0.0,0.0,1.0,610.0164139270782
13,30,300,5,0.4,1.0,931.7520100464353,pc,2.0,10,61.303060455102184,0.0657933224657568,0.22207253866758503,0.9673333333333334,"[2, 3, 10, 16, 26]",5,0.4,0.4,0.6,604.6859583854675
13,30,300,5,0.4,1.0,931.7520100464353,ges,2.0,10,32.71559956013377,0.03511191734215131,0.08655360574566245,0.9935555555555556,"[16, 17, 23, 26]",4,0.4,0.5,0.5,666.1181049346924
13,30,300,5,0.4,1.0,931.7520100464353,bootstrap_l1,2.0,10,17.45933150210194,0.018738174228603837,0.1845961350651013,0.9726666666666667,"[2, 3, 10, 16, 26, 28]",6,0.4,0.3333333333333333,0.6666666666666666,624.4262871742249
