seed,p,n,k_star,p_edge,noise_scale,mu_scale,q_source,K_multiplier,K,mu_star,mu_star_relative,log_loss_star,auc_star,support,k_actual,S_recall,S_precision,C_inclusion,fit_seconds
4,30,300,5,0.1,1.0,87.26178563464222,oracle,2.0,10,0.0,0.0,0.12145164008815594,0.9946666666666667,"[5, 6, 7, 8, 12, 20, 23, 26, 27, 29]",10,1.0,0.5,0.3,464.81975197792053
4,30,300,5,0.1,1.0,87.26178563464222,uniform,2.0,10,0.0,0.0,0.14095797201395296,0.9935555555555556,"[5, 6, 7, 8, 12, 20, 23, 26, 27, 29]",10,1.0,0.5,0.3,457.0471570491791
4,30,300,5,0.1,1.0,87.26178563464222,adversarial,2.0,10,0.0,0.0,0.11660887790849753,0.9973333333333333,"[5, 6, 7, 8, 12, 20, 23, 26, 27, 29]",10,1.0,0.5,0.3,492.0025143623352
4,30,300,5,0.1,1.0,87.26178563464222,pc,2.0,10,37.7735438973409,0.4328761281083057,0.0980112804925907,0.9951111111111113,"[5, 6, 7, 8, 12, 13, 20, 26, 27, 29]",10,1.0,0.5,0.4,450.9775438308716
4,30,300,5,0.1,1.0,87.26178563464222,ges,2.0,10,70.78072467801891,0.811130830789687,0.07670053629674556,0.9964444444444445,"[5, 7, 8, 20, 26, 27, 29]",7,1.0,0.7142857142857143,0.2857142857142857,522.8986818790436
4,30,300,5,0.1,1.0,87.26178563464222,bootstrap_l1,2.0,10,37.7735438973409,0.4328761281083057,0.09993058662857549,0.9953333333333333,"[5, 6, 7, 8, 13, 20, 26, 27, 29]",9,1.0,0.5555555555555556,0.3333333333333333,513.0266251564026
