seed,p,n,k_star,p_edge,noise_scale,mu_scale,q_source,K_multiplier,K,mu_star,mu_star_relative,log_loss_star,auc_star,support,k_actual,S_recall,S_precision,C_inclusion,fit_seconds
7,30,300,5,0.2,2.0,247.14491803273023,oracle,2.0,10,2.471449180327302,0.01,0.144948470776113,0.9888888888888889,"[6, 9, 17, 18, 19, 20, 22, 23, 26]",9,1.0,0.5555555555555556,0.4444444444444444,509.21358489990234
7,30,300,5,0.2,2.0,247.14491803273023,uniform,2.0,10,0.0,0.0,0.2018953590089342,0.9855555555555554,"[6, 9, 17, 18, 19, 20, 22, 23, 26]",9,1.0,0.5555555555555556,0.4444444444444444,524.688024520874
7,30,300,5,0.2,2.0,247.14491803273023,adversarial,2.0,10,2.471449180327302,0.01,0.24900426286830907,0.9817777777777777,"[1, 3, 6, 12, 16, 21, 26, 27, 29]",9,0.2,0.1111111111111111,0.8888888888888888,561.1966712474823
7,30,300,5,0.2,2.0,247.14491803273023,pc,2.0,10,8.677731933497984,0.03511191734215131,0.11144513126523667,0.9924444444444445,"[1, 5, 6, 12, 16, 17, 19, 22, 29]",9,0.4,0.2222222222222222,0.7777777777777778,590.5048727989197
7,30,300,5,0.2,2.0,247.14491803273023,ges,2.0,10,0.0,0.0,0.15686442012930807,0.9886666666666667,"[6, 9, 17, 18, 19, 20, 22, 23, 26]",9,1.0,0.5555555555555556,0.4444444444444444,484.30159640312195
7,30,300,5,0.2,2.0,247.14491803273023,bootstrap_l1,2.0,10,200.46686268933752,0.8111308307896868,0.14257768474723392,0.9857777777777776,"[3, 6, 9, 12, 13, 15, 17, 18, 22, 23]",10,1.0,0.5,0.5,526.7000687122345
