seed,p,n,k_star,p_edge,noise_scale,mu_scale,q_source,K_multiplier,K,mu_star,mu_star_relative,log_loss_star,auc_star,support,k_actual,S_recall,S_precision,C_inclusion,fit_seconds
19,30,300,5,0.5,1.0,2424.05582355953,oracle,2.0,10,0.0,0.0,0.59771834457953,0.8233333333333335,"[2, 14, 19, 29]",4,0.0,0.0,1.0,544.1948933601379
19,30,300,5,0.5,1.0,2424.05582355953,uniform,2.0,10,0.0,0.0,0.6587300558307163,0.8197777777777778,"[2, 14, 19, 29]",4,0.0,0.0,1.0,568.8781435489655
19,30,300,5,0.5,1.0,2424.05582355953,adversarial,2.0,10,0.0,0.0,0.4013440708138238,0.9315555555555555,"[2, 14, 19, 29]",4,0.0,0.0,1.0,588.646347284317
19,30,300,5,0.5,1.0,2424.05582355953,pc,2.0,10,0.0,0.0,0.6826539701219329,0.7731111111111111,"[2, 14, 19, 29]",4,0.0,0.0,1.0,585.6605226993561
19,30,300,5,0.5,1.0,2424.05582355953,ges,2.0,10,24.2405582355953,0.01,0.36798481198857474,0.9642222222222223,"[2, 7, 12, 15, 19, 28]",6,0.2,0.16666666666666666,0.8333333333333334,623.7913954257965
19,30,300,5,0.5,1.0,2424.05582355953,bootstrap_l1,2.0,10,24.2405582355953,0.01,0.6507798904397392,0.8188888888888888,"[2, 14, 19, 29]",4,0.0,0.0,1.0,606.3269317150116
