seed,p,n,k_star,p_edge,noise_scale,mu_scale,q_source,K_multiplier,K,mu_star,mu_star_relative,log_loss_star,auc_star,support,k_actual,S_recall,S_precision,C_inclusion,fit_seconds
5,30,300,5,0.1,1.0,57.42422182703035,oracle,2.0,10,0.0,0.0,0.1903488582017956,0.9906666666666666,"[2, 4, 12, 13, 15, 20, 22, 27]",8,1.0,0.625,0.375,503.47174048423767
5,30,300,5,0.1,1.0,57.42422182703035,uniform,2.0,10,0.0,0.0,0.1047953399223767,0.9926666666666666,"[2, 4, 12, 13, 15, 20, 22, 27]",8,1.0,0.625,0.375,539.4142575263977
5,30,300,5,0.1,1.0,57.42422182703035,adversarial,2.0,10,0.0,0.0,0.14088749324566063,0.9953333333333333,"[2, 4, 12, 13, 15, 20, 22, 27]",8,1.0,0.625,0.375,540.9467697143555
5,30,300,5,0.1,1.0,57.42422182703035,pc,2.0,10,306.4558004769333,5.336699231206307,0.12021195268216955,0.99,"[2, 4, 6, 16, 20, 22, 27]",7,1.0,0.7142857142857143,0.2857142857142857,498.81495809555054
5,30,300,5,0.1,1.0,57.42422182703035,ges,2.0,10,87.27971118485117,1.5199110829529332,0.10246772007607477,0.9951111111111113,"[2, 4, 15, 20, 22, 27]",6,1.0,0.8333333333333334,0.16666666666666666,570.5993893146515
5,30,300,5,0.1,1.0,57.42422182703035,bootstrap_l1,2.0,10,87.27971118485117,1.5199110829529332,0.10366055139489358,0.9951111111111111,"[2, 4, 15, 20, 22, 27]",6,1.0,0.8333333333333334,0.16666666666666666,524.8081526756287
