seed,p,n,k_star,p_edge,noise_scale,mu_scale,q_source,K_multiplier,K,mu_star,mu_star_relative,log_loss_star,auc_star,support,k_actual,S_recall,S_precision,C_inclusion,fit_seconds
5,30,300,5,0.2,2.0,256.0399388238618,oracle,2.0,10,2.560399388238618,0.01,0.08054021023278606,0.9975555555555555,"[2, 4, 7, 12, 14, 20, 22, 27]",8,1.0,0.625,0.375,482.2390522956848
5,30,300,5,0.2,2.0,256.0399388238618,uniform,2.0,10,0.0,0.0,0.08920441871914149,0.9948888888888888,"[2, 4, 6, 7, 9, 11, 12, 14, 22, 26]",10,0.6,0.3,0.7,502.63254261016846
5,30,300,5,0.2,2.0,256.0399388238618,adversarial,2.0,10,2.560399388238618,0.01,0.17864405547190237,0.9884444444444445,"[2, 7, 8, 9, 11, 12, 14, 22, 26]",9,0.4,0.2222222222222222,0.7777777777777778,550.0836496353149
5,30,300,5,0.2,2.0,256.0399388238618,pc,2.0,10,16.84571825915098,0.0657933224657568,0.09162592108484013,0.9957777777777779,"[1, 2, 4, 7, 9, 12, 14, 18, 20, 24]",10,0.6,0.3,0.7,539.6071891784668
5,30,300,5,0.2,2.0,256.0399388238618,ges,2.0,10,729.2109295224661,2.848035868435799,0.09130445757401037,0.994,"[0, 2, 4, 7, 8, 9, 14, 24]",8,0.4,0.25,0.75,509.913854598999
5,30,300,5,0.2,2.0,256.0399388238618,bootstrap_l1,2.0,10,1366.4081446794132,5.336699231206307,0.08601925633187882,0.9946666666666667,"[1, 2, 4, 7, 9, 14, 16, 18, 20, 24]",10,0.6,0.3,0.7,493.55558156967163
