seed,p,n,k_star,p_edge,noise_scale,mu_scale,q_source,K_multiplier,K,mu_star,mu_star_relative,log_loss_star,auc_star,support,k_actual,S_recall,S_precision,C_inclusion,fit_seconds
7,15,300,5,0.2,1.0,85.2200967370526,oracle,2.0,10,0.0,0.0,0.09198754810376117,0.9955555555555555,"[1, 4, 5, 7, 8]",5,1.0,1.0,0.0,364.1788694858551
7,15,300,5,0.2,1.0,85.2200967370526,uniform,2.0,10,0.0,0.0,0.10841744842845771,0.9957777777777779,"[1, 4, 5, 7, 8]",5,1.0,1.0,0.0,356.7128369808197
7,15,300,5,0.2,1.0,85.2200967370526,adversarial,2.0,10,0.852200967370526,0.01,0.09404077371484472,0.9968888888888887,"[1, 4, 5, 7, 8]",5,1.0,1.0,0.0,387.65938234329224
7,15,300,5,0.2,1.0,85.2200967370526,pc,2.0,10,5.60691330518389,0.0657933224657568,0.08705068505583798,0.9953333333333333,"[1, 2, 4, 5, 7, 8, 9]",7,1.0,0.7142857142857143,0.0,357.7630500793457
7,15,300,5,0.2,1.0,85.2200967370526,ges,2.0,10,19.686947651622514,0.23101297000831592,0.1054623633961258,0.9935555555555556,"[1, 4, 5, 7, 8]",5,1.0,1.0,0.0,395.2861044406891
7,15,300,5,0.2,1.0,85.2200967370526,bootstrap_l1,2.0,10,19.686947651622514,0.23101297000831592,0.1192758572467073,0.9946666666666667,"[1, 4, 5, 7, 8]",5,1.0,1.0,0.0,409.42518186569214
