seed,p,n,k_star,p_edge,noise_scale,mu_scale,q_source,K_multiplier,K,mu_star,mu_star_relative,log_loss_star,auc_star,support,k_actual,S_recall,S_precision,C_inclusion,fit_seconds
16,30,300,5,0.4,1.0,1118.3249598810744,oracle,2.0,10,11.183249598810745,0.01,0.05212009375183981,0.9988888888888889,"[1, 9, 16, 18, 24, 26]",6,0.8,0.6666666666666666,0.3333333333333333,637.983626127243
16,30,300,5,0.4,1.0,1118.3249598810744,uniform,2.0,10,0.0,0.0,0.053483510649546026,0.9973333333333333,"[0, 9, 15, 16, 18, 24, 26]",7,0.8,0.5714285714285714,0.42857142857142855,599.3694086074829
16,30,300,5,0.4,1.0,1118.3249598810744,adversarial,2.0,10,0.0,0.0,0.0629966488415999,0.9966666666666667,"[0, 9, 15, 16, 18, 24, 26]",7,0.8,0.5714285714285714,0.42857142857142855,630.480162858963
16,30,300,5,0.4,1.0,1118.3249598810744,pc,2.0,10,0.0,0.0,0.055816356845462246,0.9988888888888889,"[0, 9, 15, 16, 18, 24, 26]",7,0.8,0.5714285714285714,0.42857142857142855,586.5588862895966
16,30,300,5,0.4,1.0,1118.3249598810744,ges,2.0,10,11.183249598810745,0.01,0.02563017361936923,0.9993333333333332,"[9, 18, 24, 26]",4,0.8,1.0,0.0,642.2869045734406
16,30,300,5,0.4,1.0,1118.3249598810744,bootstrap_l1,2.0,10,73.57831470696006,0.0657933224657568,0.03442029740555775,0.9995555555555555,"[9, 14, 16, 18, 24, 26]",6,0.8,0.6666666666666666,0.3333333333333333,610.0295062065125
