seed,p,n,k_star,p_edge,noise_scale,mu_scale,q_source,K_multiplier,K,mu_star,mu_star_relative,log_loss_star,auc_star,support,k_actual,S_recall,S_precision,C_inclusion,fit_seconds
4,20,300,5,0.2,1.0,106.6194490316507,oracle,2.0,10,1.997853812112818,0.01873817422860384,0.1114272791424105,0.9902222222222223,"[2, 3, 5, 7, 9, 10, 12, 13, 14, 16]",10,1.0,0.5,0.5,464.4296250343323
4,20,300,5,0.2,1.0,106.6194490316507,uniform,2.0,10,0.0,0.0,0.14768791421948693,0.9933333333333334,"[2, 3, 5, 7, 9, 10, 12, 13, 14, 16]",10,1.0,0.5,0.5,483.7740910053253
4,20,300,5,0.2,1.0,106.6194490316507,adversarial,2.0,10,1.997853812112818,0.01873817422860384,0.16471077305928702,0.9862222222222222,"[1, 5, 8, 10, 13, 14, 15, 16]",8,0.8,0.5,0.5,495.62580251693726
4,20,300,5,0.2,1.0,106.6194490316507,pc,2.0,10,86.4823222713815,0.8111308307896868,0.10287358978037149,0.9924444444444445,"[5, 9, 10, 13, 14, 16]",6,1.0,0.8333333333333334,0.16666666666666666,500.10673236846924
4,20,300,5,0.2,1.0,106.6194490316507,ges,2.0,10,3.743613281465034,0.03511191734215131,0.11666736854317628,0.9924444444444445,"[1, 5, 9, 10, 13, 14, 16]",7,1.0,0.7142857142857143,0.2857142857142857,569.5127346515656
4,20,300,5,0.2,1.0,106.6194490316507,bootstrap_l1,2.0,10,1066.194490316507,10.0,0.16451170133304202,0.9922222222222222,"[5, 9, 10, 13, 14, 16]",6,1.0,0.8333333333333334,0.16666666666666666,545.0990769863129
