seed,p,n,k_star,p_edge,noise_scale,mu_scale,q_source,K_multiplier,K,mu_star,mu_star_relative,log_loss_star,auc_star,support,k_actual,S_recall,S_precision,C_inclusion,fit_seconds
3,10,300,5,0.2,1.0,65.70521542018648,oracle,2.0,10,0.0,0.0,0.04313390081720676,0.9984444444444446,"[0, 2, 3, 4, 6, 7]",6,1.0,0.8333333333333334,0.16666666666666666,124.95853185653687
3,10,300,5,0.2,1.0,65.70521542018648,uniform,2.0,10,0.0,0.0,0.03695757800547572,0.9993333333333334,"[0, 2, 3, 4, 6, 7]",6,1.0,0.8333333333333334,0.16666666666666666,120.73387217521667
3,10,300,5,0.2,1.0,65.70521542018648,adversarial,2.0,10,1.231195774271402,0.01873817422860384,0.040977987760150554,0.9988888888888889,"[0, 2, 3, 4, 6, 7]",6,1.0,0.8333333333333334,0.16666666666666666,132.71978783607483
3,10,300,5,0.2,1.0,65.70521542018648,pc,2.0,10,350.64897261915394,5.336699231206307,0.03565388929758452,0.9995555555555555,"[0, 2, 3, 4, 6, 7]",6,1.0,0.8333333333333334,0.16666666666666666,116.85853338241577
3,10,300,5,0.2,1.0,65.70521542018648,ges,2.0,10,8.100446059511544,0.12328467394420657,0.046413468251798755,0.9988888888888889,"[0, 2, 3, 4, 6, 7]",6,1.0,0.8333333333333334,0.16666666666666666,124.51503801345825
3,10,300,5,0.2,1.0,65.70521542018648,bootstrap_l1,2.0,10,0.0,0.0,0.04186800812758419,0.9993333333333334,"[0, 2, 3, 4, 6, 7]",6,1.0,0.8333333333333334,0.16666666666666666,128.8791046142578
