seed,p,n,k_star,p_edge,noise_scale,mu_scale,q_source,K_multiplier,K,mu_star,mu_star_relative,log_loss_star,auc_star,support,k_actual,S_recall,S_precision,C_inclusion,fit_seconds
15,30,300,5,0.6,1.0,2469.817860905467,oracle,2.0,10,24.698178609054672,0.01,0.1322234299487964,0.9875555555555555,"[0, 2, 8, 10, 12, 28]",6,0.6,0.5,0.5,607.470317363739
15,30,300,5,0.6,1.0,2469.817860905467,uniform,2.0,10,0.0,0.0,0.3075587773359236,0.9302222222222223,"[6, 20, 21, 28]",4,0.4,0.5,0.5,675.1800763607025
15,30,300,5,0.6,1.0,2469.817860905467,adversarial,2.0,10,0.0,0.0,0.15774698548153046,0.9784444444444444,"[6, 20, 21, 28]",4,0.4,0.5,0.5,660.8731534481049
15,30,300,5,0.6,1.0,2469.817860905467,pc,2.0,10,0.0,0.0,0.16608160674927747,0.978,"[6, 20, 21, 28]",4,0.4,0.5,0.5,688.0445923805237
15,30,300,5,0.6,1.0,2469.817860905467,ges,2.0,10,24.698178609054672,0.01,0.03974305684821557,1.0,"[0, 3, 5, 7, 21, 28]",6,0.4,0.3333333333333333,0.6666666666666666,630.8024516105652
15,30,300,5,0.6,1.0,2469.817860905467,bootstrap_l1,2.0,10,0.0,0.0,0.2773618133714131,0.9700000000000001,"[6, 20, 21, 28]",4,0.4,0.5,0.5,651.5750412940979
