seed,p,n,k_star,p_edge,noise_scale,mu_scale,q_source,K_multiplier,K,mu_star,mu_star_relative,log_loss_star,auc_star,support,k_actual,S_recall,S_precision,C_inclusion,fit_seconds
1,30,150,5,0.2,1.0,96.86544749511913,oracle,2.0,10,0.9686544749511913,0.01,0.053027740968699034,0.9982222222222223,"[1, 5, 7, 13, 15, 22, 27, 28]",8,1.0,0.625,0.375,440.6100311279297
1,30,150,5,0.2,1.0,96.86544749511913,uniform,2.0,10,0.0,0.0,0.12299210197041222,0.9973333333333333,"[1, 5, 7, 13, 15, 22, 27, 28]",8,1.0,0.625,0.375,450.2142720222473
1,30,150,5,0.2,1.0,96.86544749511913,adversarial,2.0,10,0.0,0.0,0.12202398690862984,0.9973333333333333,"[1, 5, 7, 13, 15, 22, 27, 28]",8,1.0,0.625,0.375,488.5528802871704
1,30,150,5,0.2,1.0,96.86544749511913,pc,2.0,10,1.8150816318952196,0.01873817422860384,0.06492813154259336,1.0,"[1, 5, 7, 13, 15, 27]",6,1.0,0.8333333333333334,0.16666666666666666,527.2573566436768
1,30,150,5,0.2,1.0,96.86544749511913,ges,2.0,10,3.4011315857591202,0.03511191734215131,0.060030550174857436,0.9973333333333333,"[1, 7, 13, 15, 27, 29]",6,1.0,0.8333333333333334,0.16666666666666666,524.883950471878
1,30,150,5,0.2,1.0,96.86544749511913,bootstrap_l1,2.0,10,0.9686544749511913,0.01,0.048504353910705164,0.9991111111111112,"[1, 5, 7, 13, 15, 25, 27]",7,1.0,0.7142857142857143,0.2857142857142857,515.4289102554321
