seed,p,n,k_star,p_edge,noise_scale,mu_scale,q_source,K_multiplier,K,mu_star,mu_star_relative,log_loss_star,auc_star,support,k_actual,S_recall,S_precision,C_inclusion,fit_seconds
7,30,300,5,0.2,0.5,61.78622950818256,oracle,2.0,10,0.0,0.0,0.14297983868758804,0.9902222222222223,"[6, 9, 17, 18, 19, 20, 22, 23, 26]",9,1.0,0.5555555555555556,0.4444444444444444,507.86689805984497
7,30,300,5,0.2,0.5,61.78622950818256,uniform,2.0,10,0.0,0.0,0.18694517273448177,0.9862222222222222,"[6, 9, 17, 18, 19, 20, 22, 23, 26]",9,1.0,0.5555555555555556,0.4444444444444444,528.1886715888977
7,30,300,5,0.2,0.5,61.78622950818256,adversarial,2.0,10,0.6178622950818256,0.01,0.11710345495126637,0.9937777777777779,"[0, 1, 6, 10, 12, 13, 16, 17, 21, 23]",10,0.6,0.3,0.7,554.779819726944
7,30,300,5,0.2,0.5,61.78622950818256,pc,2.0,10,4.065121321975113,0.0657933224657568,0.10908622479266812,0.9931111111111111,"[0, 5, 6, 9, 12, 16, 17, 22, 23, 29]",10,0.8,0.4,0.6,597.3372654914856
7,30,300,5,0.2,0.5,61.78622950818256,ges,2.0,10,0.0,0.0,0.12896159290862624,0.9913333333333334,"[6, 9, 17, 18, 19, 20, 22, 23, 26]",9,1.0,0.5555555555555556,0.4444444444444444,488.20183873176575
7,30,300,5,0.2,0.5,61.78622950818256,bootstrap_l1,2.0,10,50.11671567233438,0.8111308307896868,0.1340388835994373,0.9906666666666666,"[3, 6, 9, 12, 15, 17, 18, 22, 23]",9,1.0,0.5555555555555556,0.4444444444444444,512.5662310123444
