seed,p,n,k_star,p_edge,noise_scale,mu_scale,q_source,K_multiplier,K,mu_star,mu_star_relative,log_loss_star,auc_star,support,k_actual,S_recall,S_precision,C_inclusion,fit_seconds
14,30,300,5,0.2,1.0,370.2134502222028,oracle,2.0,10,3.7021345022220284,0.01,0.07919939194520684,0.9968888888888889,"[3, 4, 12, 16, 17]",5,1.0,1.0,0.0,541.0178956985474
14,30,300,5,0.2,1.0,370.2134502222028,uniform,2.0,10,0.0,0.0,0.08452977979516683,0.9964444444444445,"[2, 3, 4, 12, 13, 17, 18, 22, 25, 26]",10,0.8,0.4,0.5,581.0543999671936
14,30,300,5,0.2,1.0,370.2134502222028,adversarial,2.0,10,0.0,0.0,0.09580640120983339,0.998,"[2, 3, 4, 12, 13, 17, 18, 22, 25, 26]",10,0.8,0.4,0.5,543.657636642456
14,30,300,5,0.2,1.0,370.2134502222028,pc,2.0,10,160.25656490580414,0.4328761281083057,0.09098933317361171,0.9955555555555555,"[2, 3, 4, 12, 13, 17, 18, 22, 25, 26]",10,0.8,0.4,0.5,536.5661425590515
14,30,300,5,0.2,1.0,370.2134502222028,ges,2.0,10,24.35757291162979,0.0657933224657568,0.053541039331708694,0.9973333333333333,"[3, 4, 6, 12, 17, 26, 27, 29]",8,0.8,0.5,0.5,621.2002720832825
14,30,300,5,0.2,1.0,370.2134502222028,bootstrap_l1,2.0,10,562.6915260509701,1.5199110829529332,0.04587330132808477,0.9984444444444446,"[2, 3, 4, 13, 18, 21, 22, 25, 26]",9,0.4,0.2222222222222222,0.6666666666666666,595.9214141368866
