seed,p,n,k_star,p_edge,noise_scale,mu_scale,q_source,K_multiplier,K,mu_star,mu_star_relative,log_loss_star,auc_star,support,k_actual,S_recall,S_precision,C_inclusion,fit_seconds
3,30,500,5,0.2,1.0,242.3661659227322,oracle,2.0,10,29.880033740891513,0.12328467394420659,0.06629670753271424,0.9974399999999999,"[1, 3, 7, 10, 15, 16, 18, 24, 28, 29]",10,1.0,0.5,0.5,553.1190023422241
3,30,500,5,0.2,1.0,242.3661659227322,uniform,2.0,10,0.0,0.0,0.1061067209310527,0.99352,"[1, 3, 5, 6, 7, 15, 16, 24, 25]",9,1.0,0.5555555555555556,0.4444444444444444,581.1085839271545
3,30,500,5,0.2,1.0,242.3661659227322,adversarial,2.0,10,0.0,0.0,0.13274465541756633,0.9919999999999998,"[1, 3, 5, 6, 7, 15, 16, 24, 25]",9,1.0,0.5555555555555556,0.4444444444444444,567.920149564743
3,30,500,5,0.2,1.0,242.3661659227322,pc,2.0,10,690.2675338432035,2.848035868435799,0.09587676663558944,0.9949600000000001,"[4, 5, 10, 15, 16, 18, 24, 28]",8,0.4,0.25,0.75,640.8692305088043
3,30,500,5,0.2,1.0,242.3661659227322,ges,2.0,10,15.946075309343435,0.0657933224657568,0.06896337710348566,0.9971999999999998,"[1, 4, 5, 6, 15, 16, 18, 24, 25, 28]",10,0.6,0.3,0.7,595.1713442802429
3,30,500,5,0.2,1.0,242.3661659227322,bootstrap_l1,2.0,10,2423.661659227322,10.000000000000002,0.07625706416462176,0.9968,"[1, 6, 7, 15, 16, 20, 24, 25, 28]",9,0.8,0.4444444444444444,0.5555555555555556,577.0267667770386
