seed,p,n,k_star,p_edge,noise_scale,mu_scale,q_source,K_multiplier,K,mu_star,mu_star_relative,log_loss_star,auc_star,support,k_actual,S_recall,S_precision,C_inclusion,fit_seconds
5,30,300,5,0.3,1.0,912.9060419244051,oracle,2.0,10,0.0,0.0,0.032877046072614824,0.9997777777777778,"[2, 3, 6, 7, 16, 24, 28]",7,0.2,0.14285714285714285,0.8571428571428571,605.2726995944977
5,30,300,5,0.3,1.0,912.9060419244051,uniform,2.0,10,0.0,0.0,0.04963873822155608,0.9986666666666666,"[2, 3, 6, 7, 16, 24, 28]",7,0.2,0.14285714285714285,0.8571428571428571,592.8035507202148
5,30,300,5,0.3,1.0,912.9060419244051,adversarial,2.0,10,0.0,0.0,0.10681692701489727,0.9933333333333334,"[2, 3, 6, 7, 16, 24, 28]",7,0.2,0.14285714285714285,0.8571428571428571,585.9561259746552
5,30,300,5,0.3,1.0,912.9060419244051,pc,2.0,10,0.0,0.0,0.04281131356869672,0.9986666666666666,"[2, 3, 6, 7, 16, 24, 28]",7,0.2,0.14285714285714285,0.8571428571428571,546.7502055168152
5,30,300,5,0.3,1.0,912.9060419244051,ges,2.0,10,60.06312159727008,0.0657933224657568,0.031837093995168,0.9995555555555555,"[2, 4, 16, 20, 22, 27]",6,1.0,0.8333333333333334,0.16666666666666666,608.8587501049042
5,30,300,5,0.3,1.0,912.9060419244051,bootstrap_l1,2.0,10,32.05388148520023,0.03511191734215131,0.025013828008242693,0.9997777777777778,"[2, 6, 14, 16, 20, 28]",6,0.4,0.3333333333333333,0.6666666666666666,608.7543106079102
