seed,p,n,k_star,p_edge,noise_scale,mu_scale,q_source,K_multiplier,K,mu_star,mu_star_relative,log_loss_star,auc_star,support,k_actual,S_recall,S_precision,C_inclusion,fit_seconds
7,30,300,5,0.4,1.0,2448.2944397798565,oracle,2.0,10,0.0,0.0,0.06362524586473225,0.9968888888888889,"[7, 18, 19, 22]",4,0.2,0.25,0.75,541.2756884098053
7,30,300,5,0.4,1.0,2448.2944397798565,uniform,2.0,10,0.0,0.0,0.2962174576418506,0.9784444444444447,"[7, 18, 19, 22]",4,0.2,0.25,0.75,619.2653603553772
7,30,300,5,0.4,1.0,2448.2944397798565,adversarial,2.0,10,24.482944397798565,0.01,0.0552949835638634,0.9982222222222223,"[7, 15, 20, 22, 27]",5,0.0,0.0,1.0,622.5252132415771
7,30,300,5,0.4,1.0,2448.2944397798565,pc,2.0,10,565.5877699883906,0.23101297000831592,0.022071032374092806,0.9997777777777778,"[6, 7, 19, 22, 27]",5,0.2,0.2,0.8,536.8575971126556
7,30,300,5,0.4,1.0,2448.2944397798565,ges,2.0,10,6972.830380984962,2.848035868435799,0.09699302250369388,0.9982222222222223,"[17, 18, 19, 20, 23]",5,0.6,0.6,0.4,614.9798150062561
7,30,300,5,0.4,1.0,2448.2944397798565,bootstrap_l1,2.0,10,24.482944397798565,0.01,0.23366572701242547,0.9848888888888888,"[19, 22]",2,0.0,0.0,1.0,584.8791007995605
