seed,p,n,k_star,p_edge,noise_scale,mu_scale,q_source,K_multiplier,K,mu_star,mu_star_relative,log_loss_star,auc_star,support,k_actual,S_recall,S_precision,C_inclusion,fit_seconds
3,30,300,5,0.4,1.0,932.6269327115605,oracle,2.0,10,9.326269327115606,0.01,0.23246344241400618,0.965111111111111,"[0, 3, 21, 24]",4,0.2,0.25,0.75,588.3739807605743
3,30,300,5,0.4,1.0,932.6269327115605,uniform,2.0,10,0.0,0.0,0.31534959137663526,0.9493333333333333,"[0, 3, 4, 21, 24]",5,0.2,0.2,0.8,609.5159120559692
3,30,300,5,0.4,1.0,932.6269327115605,adversarial,2.0,10,0.0,0.0,0.15932347679173003,0.9906666666666666,"[0, 3, 4, 21, 24]",5,0.2,0.2,0.8,595.4920885562897
3,30,300,5,0.4,1.0,932.6269327115605,pc,2.0,10,0.0,0.0,0.18589372556030048,0.9873333333333335,"[0, 3, 4, 21, 24]",5,0.2,0.2,0.8,585.4308996200562
3,30,300,5,0.4,1.0,932.6269327115605,ges,2.0,10,9.326269327115606,0.01,0.07436093209745005,0.9922222222222222,"[1, 3, 4, 7, 9, 15, 21]",7,0.8,0.5714285714285714,0.42857142857142855,599.1907866001129
3,30,300,5,0.4,1.0,932.6269327115605,bootstrap_l1,2.0,10,9.326269327115606,0.01,0.1759035095323414,0.982,"[0, 21, 24]",3,0.0,0.0,1.0,616.6033680438995
