seed,p,n,k_star,p_edge,noise_scale,mu_scale,q_source,K_multiplier,K,mu_star,mu_star_relative,log_loss_star,auc_star,support,k_actual,S_recall,S_precision,C_inclusion,fit_seconds
8,30,100,5,0.2,1.0,148.86498336046327,oracle,2.0,10,1.4886498336046328,0.01,0.19812169279269712,0.994,"[3, 5, 6, 23, 25]",5,0.6,0.6,0.4,468.4647798538208
8,30,100,5,0.2,1.0,148.86498336046327,uniform,2.0,10,0.0,0.0,0.4482727601214366,0.976,"[3, 5, 6, 9, 10, 16, 25, 28]",8,0.6,0.375,0.625,487.7332684993744
8,30,100,5,0.2,1.0,148.86498336046327,adversarial,2.0,10,0.0,0.0,0.48230066654106984,0.9860000000000001,"[3, 5, 6, 9, 10, 16, 25, 28]",8,0.6,0.375,0.625,488.8416588306427
8,30,100,5,0.2,1.0,148.86498336046327,pc,2.0,10,64.4400976079847,0.4328761281083057,0.2634114933641817,0.9960000000000001,"[3, 6, 20, 23, 25, 28]",6,0.6,0.5,0.5,468.9359962940216
8,30,100,5,0.2,1.0,148.86498336046327,ges,2.0,10,794.447642253324,5.336699231206307,0.11436466506420255,0.9960000000000001,"[3, 5, 6, 9, 25]",5,0.6,0.6,0.4,495.8781666755676
8,30,100,5,0.2,1.0,148.86498336046327,bootstrap_l1,2.0,10,2.7894579947465723,0.01873817422860384,0.1423415646798118,0.998,"[3, 5, 6, 9, 16, 25]",6,0.6,0.5,0.5,488.6689610481262
