seed,p,n,k_star,p_edge,noise_scale,mu_scale,q_source,K_multiplier,K,mu_star,mu_star_relative,log_loss_star,auc_star,support,k_actual,S_recall,S_precision,C_inclusion,fit_seconds
12,30,300,5,0.1,1.0,66.15345527479084,oracle,2.0,10,0.6615345527479084,0.01,0.1553127247271236,0.9917777777777778,"[0, 5, 11, 12, 14, 16, 18, 22, 24]",9,0.6,0.3333333333333333,0.4444444444444444,533.8509793281555
12,30,300,5,0.1,1.0,66.15345527479084,uniform,2.0,10,0.0,0.0,0.358310880566044,0.9613333333333334,"[5, 12, 14, 16, 22, 23, 24]",7,0.2,0.14285714285714285,0.5714285714285714,564.4586951732635
12,30,300,5,0.1,1.0,66.15345527479084,adversarial,2.0,10,0.0,0.0,0.18843081963206254,0.9844444444444445,"[5, 12, 14, 16, 22, 23, 24]",7,0.2,0.14285714285714285,0.5714285714285714,586.5943431854248
12,30,300,5,0.1,1.0,66.15345527479084,pc,2.0,10,53.65910713664949,0.8111308307896868,0.11307767375424833,0.9962222222222221,"[0, 5, 6, 8, 10, 12, 13, 14, 24, 29]",10,0.8,0.4,0.5,512.9267876148224
12,30,300,5,0.1,1.0,66.15345527479084,ges,2.0,10,4.352455615118334,0.0657933224657568,0.09178962116821021,0.9946666666666667,"[0, 5, 6, 8, 11, 12, 24, 29]",8,1.0,0.625,0.25,552.6869945526123
12,30,300,5,0.1,1.0,66.15345527479084,bootstrap_l1,2.0,10,28.636251580337433,0.4328761281083057,0.09217756009999062,0.9960000000000001,"[5, 8, 10, 11, 12, 13, 24]",7,0.6,0.42857142857142855,0.42857142857142855,599.5188989639282
