seed,p,n,k_star,p_edge,noise_scale,mu_scale,q_source,K_multiplier,K,mu_star,mu_star_relative,log_loss_star,auc_star,support,k_actual,S_recall,S_precision,C_inclusion,fit_seconds
5,30,1000,5,0.2,1.0,336.90076502509237,oracle,2.0,10,6.312905232790104,0.01873817422860384,0.048631202336603244,0.99888,"[2, 3, 4, 12, 20, 22, 27]",7,1.0,0.7142857142857143,0.2857142857142857,712.2881565093994
5,30,1000,5,0.2,1.0,336.90076502509237,uniform,2.0,10,0.0,0.0,0.08464543707804231,0.99572,"[2, 14, 15, 16, 20, 22, 23]",7,0.6,0.42857142857142855,0.5714285714285714,764.7526428699493
5,30,1000,5,0.2,1.0,336.90076502509237,adversarial,2.0,10,3.3690076502509236,0.01,0.060538570321765774,0.9981200000000001,"[2, 6, 7, 9, 14, 15, 16, 22, 23, 26]",10,0.4,0.2,0.8,735.3528094291687
5,30,1000,5,0.2,1.0,336.90076502509237,pc,2.0,10,11.829231814068583,0.03511191734215131,0.053320792974216616,0.99846,"[2, 3, 6, 7, 14, 16, 20, 22, 23, 24]",10,0.6,0.3,0.7,797.9999885559082
5,30,1000,5,0.2,1.0,336.90076502509237,ges,2.0,10,0.0,0.0,0.0696886791294661,0.9973600000000001,"[2, 14, 15, 16, 20, 22, 23]",7,0.6,0.42857142857142855,0.5714285714285714,806.8660328388214
5,30,1000,5,0.2,1.0,336.90076502509237,bootstrap_l1,2.0,10,11.829231814068583,0.03511191734215131,0.05461936922785189,0.99842,"[2, 4, 6, 7, 9, 14, 20, 22, 23]",9,0.8,0.4444444444444444,0.5555555555555556,742.3310852050781
