seed,p,n,k_star,p_edge,noise_scale,mu_scale,q_source,K_multiplier,K,mu_star,mu_star_relative,log_loss_star,auc_star,support,k_actual,S_recall,S_precision,C_inclusion,fit_seconds
4,30,300,5,0.2,2.0,206.70258761009063,oracle,2.0,10,0.0,0.0,0.10394183380115778,0.9957777777777779,"[5, 7, 8, 9, 13, 20, 27, 29]",8,1.0,0.625,0.25,491.9852147102356
4,30,300,5,0.2,2.0,206.70258761009063,uniform,2.0,10,0.0,0.0,0.09162949469299189,0.9957777777777779,"[5, 7, 8, 9, 13, 20, 27, 29]",8,1.0,0.625,0.25,552.9363102912903
4,30,300,5,0.2,2.0,206.70258761009063,adversarial,2.0,10,0.0,0.0,0.12537936347793047,0.9931111111111111,"[5, 7, 8, 9, 13, 20, 27, 29]",8,1.0,0.625,0.25,513.5035445690155
4,30,300,5,0.2,2.0,206.70258761009063,pc,2.0,10,3.8732291001411276,0.01873817422860384,0.08350210576886608,0.9968888888888889,"[5, 7, 8, 10, 16, 20, 22, 27, 29]",9,1.0,0.5555555555555556,0.4444444444444444,521.916834115982
4,30,300,5,0.2,2.0,206.70258761009063,ges,2.0,10,13.599650001137038,0.0657933224657568,0.08746554191649383,0.9951111111111111,"[5, 7, 8, 13, 20, 26, 27, 29]",8,1.0,0.625,0.375,523.2567944526672
4,30,300,5,0.2,2.0,206.70258761009063,bootstrap_l1,2.0,10,167.66284161455084,0.8111308307896868,0.09382495828210413,0.9955555555555555,"[4, 5, 7, 8, 9, 10, 14, 20, 23, 29]",10,0.8,0.4,0.5,599.1381492614746
