seed,p,n,k_star,p_edge,noise_scale,mu_scale,q_source,K_multiplier,K,mu_star,mu_star_relative,log_loss_star,auc_star,support,k_actual,S_recall,S_precision,C_inclusion,fit_seconds
3,30,300,5,0.6,1.0,23715.206388327977,oracle,2.0,10,0.0,0.0,0.04939304739359553,0.9986666666666666,"[3, 21, 24]",3,0.2,0.3333333333333333,0.6666666666666666,615.1867680549622
3,30,300,5,0.6,1.0,23715.206388327977,uniform,2.0,10,0.0,0.0,0.06863527607748764,0.9948888888888888,"[3, 21, 24]",3,0.2,0.3333333333333333,0.6666666666666666,634.4135603904724
3,30,300,5,0.6,1.0,23715.206388327977,adversarial,2.0,10,237.15206388327977,0.01,0.08287490131814443,0.9951111111111111,"[8, 9, 21, 24]",4,0.0,0.0,1.0,629.7389650344849
3,30,300,5,0.6,1.0,23715.206388327977,pc,2.0,10,0.0,0.0,0.05002705052456732,0.9995555555555555,"[3, 21, 24]",3,0.2,0.3333333333333333,0.6666666666666666,568.6494450569153
3,30,300,5,0.6,1.0,23715.206388327977,ges,2.0,10,0.0,0.0,0.03321578010522549,0.999111111111111,"[3, 21, 24]",3,0.2,0.3333333333333333,0.6666666666666666,707.8760590553284
3,30,300,5,0.6,1.0,23715.206388327977,bootstrap_l1,2.0,10,2923.72148710458,0.12328467394420659,0.03897560787376274,0.9986666666666666,"[21, 24]",2,0.0,0.0,1.0,687.7365438938141
