seed,p,n,k_star,p_edge,noise_scale,mu_scale,q_source,K_multiplier,K,mu_star,mu_star_relative,log_loss_star,auc_star,support,k_actual,S_recall,S_precision,C_inclusion,fit_seconds
0,50,300,5,0.2,1.0,1252.3121002108558,oracle,2.0,10,0.0,0.0,0.15312246314919434,0.9926666666666666,"[3, 8, 23, 44]",4,0.0,0.0,1.0,613.2783720493317
0,50,300,5,0.2,1.0,1252.3121002108558,uniform,2.0,10,0.0,0.0,0.18986570513418186,0.9902222222222221,"[3, 8, 23, 44]",4,0.0,0.0,1.0,682.4335775375366
0,50,300,5,0.2,1.0,1252.3121002108558,adversarial,2.0,10,0.0,0.0,0.24454835156544283,0.9831111111111112,"[3, 8, 23, 44]",4,0.0,0.0,1.0,679.0021936893463
0,50,300,5,0.2,1.0,1252.3121002108558,pc,2.0,10,0.0,0.0,0.17711536015660057,0.9926666666666666,"[3, 8, 23, 44]",4,0.0,0.0,1.0,695.7261221408844
0,50,300,5,0.2,1.0,1252.3121002108558,ges,2.0,10,12.523121002108558,0.01,0.04613116209004329,0.9984444444444444,"[5, 16, 23, 27, 30, 41, 46]",7,0.8,0.5714285714285714,0.42857142857142855,724.3504021167755
0,50,300,5,0.2,1.0,1252.3121002108558,bootstrap_l1,2.0,10,154.3908889508799,0.12328467394420659,0.031293532178856026,1.0,"[1, 5, 6, 7, 16, 33, 48]",7,0.2,0.14285714285714285,0.8571428571428571,721.3436181545258
