seed,p,n,k_star,p_edge,noise_scale,mu_scale,q_source,K_multiplier,K,mu_star,mu_star_relative,log_loss_star,auc_star,support,k_actual,S_recall,S_precision,C_inclusion,fit_seconds
17,30,300,5,0.2,1.0,309.54934561823484,oracle,2.0,10,3.0954934561823486,0.01,0.06442849117071706,0.9988888888888889,"[4, 6, 15, 22, 26, 27, 29]",7,1.0,0.7142857142857143,0.2857142857142857,527.018506526947
17,30,300,5,0.2,1.0,309.54934561823484,uniform,2.0,10,0.0,0.0,0.10257055121550258,0.9926666666666666,"[1, 2, 6, 12, 15, 26, 27, 29]",8,0.6,0.375,0.5,555.8651146888733
17,30,300,5,0.2,1.0,309.54934561823484,adversarial,2.0,10,0.0,0.0,0.09167683717096295,0.9955555555555555,"[1, 2, 6, 12, 15, 26, 27, 29]",8,0.6,0.375,0.5,531.6883919239044
17,30,300,5,0.2,1.0,309.54934561823484,pc,2.0,10,251.08501788172273,0.8111308307896868,0.07958481460633512,0.9971111111111111,"[6, 7, 15, 22, 26, 27, 29]",7,0.8,0.5714285714285714,0.42857142857142855,530.3473207950592
17,30,300,5,0.2,1.0,309.54934561823484,ges,2.0,10,133.99652218968123,0.4328761281083057,0.03803617091897295,0.9997777777777778,"[4, 6, 7, 15, 16, 22, 26, 27, 29]",9,1.0,0.5555555555555556,0.4444444444444444,562.5509295463562
17,30,300,5,0.2,1.0,309.54934561823484,bootstrap_l1,2.0,10,3.0954934561823486,0.01,0.0975379820266719,0.9960000000000001,"[1, 6, 7, 15, 17, 26, 27, 29]",8,0.6,0.375,0.5,529.0265851020813
