seed,p,n,k_star,p_edge,noise_scale,mu_scale,q_source,K_multiplier,K,mu_star,mu_star_relative,log_loss_star,auc_star,support,k_actual,S_recall,S_precision,C_inclusion,fit_seconds
1,30,300,5,0.3,1.0,550.5462465281106,oracle,2.0,10,0.0,0.0,0.051476168499447895,0.9986666666666666,"[0, 1, 5, 7, 11, 12, 13, 15, 27, 28]",10,1.0,0.5,0.4,534.294335603714
1,30,300,5,0.3,1.0,550.5462465281106,uniform,2.0,10,0.0,0.0,0.07794577717519512,0.9973333333333333,"[0, 1, 5, 7, 11, 12, 13, 15, 27, 28]",10,1.0,0.5,0.4,557.6279203891754
1,30,300,5,0.3,1.0,550.5462465281106,adversarial,2.0,10,0.0,0.0,0.06381757276043572,0.9977777777777778,"[0, 1, 5, 7, 11, 12, 13, 15, 27, 28]",10,1.0,0.5,0.4,611.0492641925812
1,30,300,5,0.3,1.0,550.5462465281106,pc,2.0,10,36.22226673013602,0.0657933224657568,0.079260543380867,0.9975555555555555,"[0, 1, 5, 7, 11, 13, 15, 27, 28]",9,1.0,0.5555555555555556,0.3333333333333333,602.2294156551361
1,30,300,5,0.3,1.0,550.5462465281106,ges,2.0,10,67.8739144944249,0.12328467394420659,0.04532249070126328,0.9991111111111112,"[1, 7, 13, 15, 27, 28]",6,1.0,0.8333333333333334,0.16666666666666666,675.8736870288849
1,30,300,5,0.3,1.0,550.5462465281106,bootstrap_l1,2.0,10,0.0,0.0,0.07902698687675597,0.9975555555555555,"[0, 1, 5, 7, 11, 12, 13, 15, 27, 28]",10,1.0,0.5,0.4,636.0399098396301
