seed,p,n,k_star,p_edge,noise_scale,mu_scale,q_source,K_multiplier,K,mu_star,mu_star_relative,log_loss_star,auc_star,support,k_actual,S_recall,S_precision,C_inclusion,fit_seconds
5,30,300,5,0.2,0.5,64.00998470596545,oracle,2.0,10,0.6400998470596545,0.01,0.10329049102917946,0.9957777777777779,"[2, 4, 7, 14, 20, 22, 27]",7,1.0,0.7142857142857143,0.2857142857142857,487.0534417629242
5,30,300,5,0.2,0.5,64.00998470596545,uniform,2.0,10,0.0,0.0,0.10213173251698968,0.9931111111111111,"[2, 4, 6, 7, 9, 11, 12, 14, 22, 26]",10,0.6,0.3,0.7,506.19623589515686
5,30,300,5,0.2,0.5,64.00998470596545,adversarial,2.0,10,1.1994302457906478,0.01873817422860384,0.13452000890485996,0.992,"[2, 7, 8, 9, 11, 12, 14, 22, 26]",9,0.4,0.2222222222222222,0.7777777777777778,518.2614450454712
5,30,300,5,0.2,0.5,64.00998470596545,pc,2.0,10,51.92047207338491,0.8111308307896868,0.10606363404887327,0.9953333333333333,"[1, 2, 4, 7, 9, 12, 14, 18, 20, 24]",10,0.6,0.3,0.7,541.4492812156677
5,30,300,5,0.2,0.5,64.00998470596545,ges,2.0,10,27.70839433979019,0.4328761281083057,0.07784117001167205,0.9946666666666667,"[0, 2, 4, 7, 8, 9, 14, 24]",8,0.4,0.25,0.75,540.6672203540802
5,30,300,5,0.2,0.5,64.00998470596545,bootstrap_l1,2.0,10,341.6020361698533,5.336699231206307,0.09540530953857303,0.9960000000000001,"[1, 2, 4, 7, 9, 14, 19, 22, 24]",9,0.6,0.3333333333333333,0.6666666666666666,504.98114466667175
