seed,p,n,k_star,p_edge,noise_scale,mu_scale,q_source,K_multiplier,K,mu_star,mu_star_relative,log_loss_star,auc_star,support,k_actual,S_recall,S_precision,C_inclusion,fit_seconds
3,30,300,5,0.7,1.0,17493.418158347613,oracle,2.0,10,0.0,0.0,0.05103022730336508,0.998,"[0, 5, 6, 23, 24, 27, 29]",7,0.0,0.0,1.0,602.260440826416
3,30,300,5,0.7,1.0,17493.418158347613,uniform,2.0,10,0.0,0.0,0.0523709499092207,0.9982222222222223,"[0, 5, 6, 23, 24, 27, 29]",7,0.0,0.0,1.0,646.4131617546082
3,30,300,5,0.7,1.0,17493.418158347613,adversarial,2.0,10,0.0,0.0,0.08569962594408582,0.9991111111111112,"[0, 5, 6, 23, 24, 27, 29]",7,0.0,0.0,1.0,663.5973777770996
3,30,300,5,0.7,1.0,17493.418158347613,pc,2.0,10,174.93418158347615,0.01,0.04439678129499246,0.9988888888888889,"[0, 10, 13, 25, 27]",5,0.0,0.0,1.0,621.2789742946625
3,30,300,5,0.7,1.0,17493.418158347613,ges,2.0,10,174.93418158347615,0.01,0.0715330399742391,0.9957777777777779,[0],1,0.0,0.0,1.0,642.3392791748047
3,30,300,5,0.7,1.0,17493.418158347613,bootstrap_l1,2.0,10,174.93418158347615,0.01,0.09721260759790769,0.9944444444444445,"[0, 10, 25, 29]",4,0.0,0.0,1.0,573.8265521526337
