seed,p,n,k_star,p_edge,noise_scale,mu_scale,q_source,K_multiplier,K,mu_star,mu_star_relative,log_loss_star,auc_star,support,k_actual,S_recall,S_precision,C_inclusion,fit_seconds
6,30,300,5,0.5,1.0,5131.745399054464,oracle,2.0,10,0.0,0.0,0.01612234429594061,0.9997777777777778,"[2, 3, 9, 11, 16, 23]",6,0.2,0.16666666666666666,0.8333333333333334,610.7408709526062
6,30,300,5,0.5,1.0,5131.745399054464,uniform,2.0,10,0.0,0.0,0.015722867255902474,0.9995555555555555,"[2, 3, 9, 11, 16, 23]",6,0.2,0.16666666666666666,0.8333333333333334,615.8020238876343
6,30,300,5,0.5,1.0,5131.745399054464,adversarial,2.0,10,51.317453990544635,0.01,0.023899705033392733,0.9997777777777778,"[1, 2, 3, 9, 11, 16]",6,0.0,0.0,1.0,648.6500144004822
6,30,300,5,0.5,1.0,5131.745399054464,pc,2.0,10,0.0,0.0,0.016350708968022657,1.0,"[2, 3, 9, 11, 16, 23]",6,0.2,0.16666666666666666,0.8333333333333334,637.0971729755402
6,30,300,5,0.5,1.0,5131.745399054464,ges,2.0,10,0.0,0.0,0.011394269869610781,1.0,"[2, 3, 9, 11, 16, 23]",6,0.2,0.16666666666666666,0.8333333333333334,622.4280126094818
6,30,300,5,0.5,1.0,5131.745399054464,bootstrap_l1,2.0,10,0.0,0.0,0.01618683246743192,1.0,"[2, 3, 9, 11, 16, 23]",6,0.2,0.16666666666666666,0.8333333333333334,647.4580950737
