seed,p,n,k_star,p_edge,noise_scale,mu_scale,q_source,K_multiplier,K,mu_star,mu_star_relative,log_loss_star,auc_star,support,k_actual,S_recall,S_precision,C_inclusion,fit_seconds
5,30,500,5,0.2,1.0,165.1693551282138,oracle,2.0,10,1.651693551282138,0.01,0.041666347958780506,0.99888,"[2, 4, 14, 16, 20, 22, 27]",7,1.0,0.7142857142857143,0.2857142857142857,533.319347858429
5,30,500,5,0.2,1.0,165.1693551282138,uniform,2.0,10,0.0,0.0,0.10877602392274444,0.99344,"[2, 4, 14, 16, 20, 22, 27]",7,1.0,0.7142857142857143,0.2857142857142857,606.1109662055969
5,30,500,5,0.2,1.0,165.1693551282138,adversarial,2.0,10,0.0,0.0,0.06425596779199416,0.9974399999999999,"[2, 4, 14, 16, 20, 22, 27]",7,1.0,0.7142857142857143,0.2857142857142857,583.8292007446289
5,30,500,5,0.2,1.0,165.1693551282138,pc,2.0,10,0.0,0.0,0.04744030600258543,0.9991999999999999,"[2, 4, 14, 16, 20, 22, 27]",7,1.0,0.7142857142857143,0.2857142857142857,564.5564029216766
5,30,500,5,0.2,1.0,165.1693551282138,ges,2.0,10,881.4591705315801,5.336699231206307,0.07325824473411342,0.99712,"[2, 4, 7, 9, 17, 20, 24]",7,0.6,0.42857142857142855,0.5714285714285714,585.360808134079
5,30,500,5,0.2,1.0,165.1693551282138,bootstrap_l1,2.0,10,10.867040643411672,0.0657933224657568,0.05247397526962303,0.9978400000000001,"[2, 4, 7, 9, 14, 16, 20, 22, 27]",9,1.0,0.5555555555555556,0.4444444444444444,537.7966244220734
