seed,p,n,k_star,p_edge,noise_scale,mu_scale,q_source,K_multiplier,K,mu_star,mu_star_relative,log_loss_star,auc_star,support,k_actual,S_recall,S_precision,C_inclusion,fit_seconds
18,30,300,5,0.1,1.0,49.92866721885643,oracle,2.0,10,0.0,0.0,0.10127703622558859,0.9948888888888888,"[4, 8, 10, 11, 13, 18, 19]",7,0.8,0.5714285714285714,0.42857142857142855,528.5202929973602
18,30,300,5,0.1,1.0,49.92866721885643,uniform,2.0,10,0.0,0.0,0.0886412190110956,0.9957777777777779,"[4, 8, 10, 11, 13, 18, 19]",7,0.8,0.5714285714285714,0.42857142857142855,515.9777281284332
18,30,300,5,0.1,1.0,49.92866721885643,adversarial,2.0,10,0.0,0.0,0.09402269842718416,0.9937777777777776,"[4, 8, 10, 11, 13, 18, 19]",7,0.8,0.5714285714285714,0.42857142857142855,596.5578122138977
18,30,300,5,0.1,1.0,49.92866721885643,pc,2.0,10,0.0,0.0,0.09031123270031306,0.9962222222222221,"[4, 8, 10, 11, 13, 18, 19]",7,0.8,0.5714285714285714,0.42857142857142855,591.0554466247559
18,30,300,5,0.1,1.0,49.92866721885643,ges,2.0,10,40.49868132145282,0.8111308307896868,0.05605913838549226,0.9975555555555555,"[4, 5, 8, 10, 11, 13, 24]",7,1.0,0.7142857142857143,0.2857142857142857,576.5415737628937
18,30,300,5,0.1,1.0,49.92866721885643,bootstrap_l1,2.0,10,75.8871346630087,1.5199110829529332,0.08959852088557303,0.9953333333333333,"[4, 10, 11, 13, 18, 24]",6,1.0,0.8333333333333334,0.16666666666666666,589.5310289859772
