seed,p,n,k_star,p_edge,noise_scale,mu_scale,q_source,K_multiplier,K,mu_star,mu_star_relative,log_loss_star,auc_star,support,k_actual,S_recall,S_precision,C_inclusion,fit_seconds
9,30,300,5,0.5,1.0,7531.871654365653,oracle,2.0,10,0.0,0.0,0.05103914514633975,0.9984444444444444,"[10, 14, 20, 21]",4,0.2,0.25,0.75,590.6723229885101
9,30,300,5,0.5,1.0,7531.871654365653,uniform,2.0,10,0.0,0.0,0.08953534125309295,0.9986666666666666,"[10, 14, 20, 21]",4,0.2,0.25,0.75,620.9955852031708
9,30,300,5,0.5,1.0,7531.871654365653,adversarial,2.0,10,75.31871654365654,0.01,0.08978581863669917,0.9964444444444446,"[1, 10, 14, 17, 24]",5,0.0,0.0,1.0,626.6883597373962
9,30,300,5,0.5,1.0,7531.871654365653,pc,2.0,10,0.0,0.0,0.07679021052193118,0.9966666666666667,"[10, 14, 20, 21]",4,0.2,0.25,0.75,647.2228493690491
9,30,300,5,0.5,1.0,7531.871654365653,ges,2.0,10,75.31871654365654,0.01,0.03434827577402732,0.9991111111111112,"[16, 21, 24]",3,0.2,0.3333333333333333,0.6666666666666666,619.654687166214
9,30,300,5,0.5,1.0,7531.871654365653,bootstrap_l1,2.0,10,0.0,0.0,0.05956075773173476,0.9984444444444444,"[10, 14, 20, 21]",4,0.2,0.25,0.75,336.8434751033783
