seed,p,n,k_star,p_edge,noise_scale,mu_scale,q_source,K_multiplier,K,mu_star,mu_star_relative,log_loss_star,auc_star,support,k_actual,S_recall,S_precision,C_inclusion,fit_seconds
16,30,300,5,0.5,1.0,778.2582994351023,oracle,2.0,10,7.782582994351023,0.01,0.12239668786755464,0.992,"[2, 4, 9, 25, 26, 28]",6,0.6,0.5,0.5,631.0366127490997
16,30,300,5,0.5,1.0,778.2582994351023,uniform,2.0,10,0.0,0.0,0.18844335774777818,0.9906666666666666,"[2, 4, 9, 25, 26, 28]",6,0.6,0.5,0.5,585.2368352413177
16,30,300,5,0.5,1.0,778.2582994351023,adversarial,2.0,10,0.0,0.0,0.16120303486505166,0.9948888888888888,"[2, 4, 9, 25, 26, 28]",6,0.6,0.5,0.5,556.7030608654022
16,30,300,5,0.5,1.0,778.2582994351023,pc,2.0,10,0.0,0.0,0.2169755847721929,0.9902222222222223,"[2, 4, 9, 25, 26, 28]",6,0.6,0.5,0.5,595.9862587451935
16,30,300,5,0.5,1.0,778.2582994351023,ges,2.0,10,179.78776118612424,0.23101297000831592,0.10398179476260201,0.994,"[4, 9, 26, 28]",4,0.6,0.75,0.25,589.79438829422
16,30,300,5,0.5,1.0,778.2582994351023,bootstrap_l1,2.0,10,14.583139609671885,0.01873817422860384,0.14267443267775493,0.994,"[2, 4, 5, 9, 25, 26, 28]",7,0.6,0.42857142857142855,0.5714285714285714,635.5761525630951
