seed,p,n,k_star,p_edge,noise_scale,mu_scale,q_source,K_multiplier,K,mu_star,mu_star_relative,log_loss_star,auc_star,support,k_actual,S_recall,S_precision,C_inclusion,fit_seconds
1,30,300,3,0.2,1.0,112.1334318507393,oracle,2.0,6,0.0,0.0,0.14672744401732937,0.9868888888888889,"[1, 7, 12, 15, 27, 29]",6,1.0,0.5,0.5,207.27705025672913
1,30,300,3,0.2,1.0,112.1334318507393,uniform,2.0,6,0.0,0.0,0.1259716424007071,0.9879999999999999,"[1, 7, 12, 15, 27, 29]",6,1.0,0.5,0.5,198.48963356018066
1,30,300,3,0.2,1.0,112.1334318507393,adversarial,2.0,6,0.0,0.0,0.15076495740492188,0.9877777777777779,"[1, 7, 12, 15, 27, 29]",6,1.0,0.5,0.5,193.056893825531
1,30,300,3,0.2,1.0,112.1334318507393,pc,2.0,6,3.937219790434915,0.03511191734215131,0.1504774309770977,0.9868888888888888,"[1, 7, 12, 15, 27, 29]",6,1.0,0.5,0.5,229.94840383529663
1,30,300,3,0.2,1.0,112.1334318507393,ges,2.0,6,0.0,0.0,0.14465770271477585,0.989111111111111,"[1, 7, 12, 15, 27, 29]",6,1.0,0.5,0.5,214.29117679595947
1,30,300,3,0.2,1.0,112.1334318507393,bootstrap_l1,2.0,6,25.904277129064376,0.23101297000831592,0.12990037820521114,0.9893333333333333,"[1, 7, 12, 15, 27, 29]",6,1.0,0.5,0.5,167.97766995429993
