seed,p,n,k_star,p_edge,noise_scale,mu_scale,q_source,K_multiplier,K,mu_star,mu_star_relative,log_loss_star,auc_star,support,k_actual,S_recall,S_precision,C_inclusion,fit_seconds
3,30,300,7,0.2,1.0,74.2706680623939,oracle,2.0,14,4.886514013576266,0.0657933224657568,0.11749744058816972,0.9922222222222224,"[1, 3, 4, 5, 6, 7, 8, 15, 16, 20, 21, 23, 24, 27]",14,1.0,0.5,0.5,980.8008432388306
3,30,300,7,0.2,1.0,74.2706680623939,uniform,2.0,14,0.0,0.0,0.19982179085348878,0.9857777777777779,"[0, 2, 4, 5, 6, 7, 8, 15, 23, 27]",10,0.42857142857142855,0.3,0.7,1032.0035016536713
3,30,300,7,0.2,1.0,74.2706680623939,adversarial,2.0,14,1.3916967182279396,0.01873817422860384,0.13297966168848474,0.9886666666666667,"[0, 4, 5, 6, 9, 10, 11, 13, 15, 20, 23, 25]",12,0.2857142857142857,0.16666666666666666,0.8333333333333334,1013.0151536464691
3,30,300,7,0.2,1.0,74.2706680623939,pc,2.0,14,0.0,0.0,0.15872350191307064,0.9891111111111112,"[0, 2, 4, 5, 6, 7, 8, 15, 23, 27]",10,0.42857142857142855,0.3,0.7,1024.0483543872833
3,30,300,7,0.2,1.0,74.2706680623939,ges,2.0,14,32.14999922286627,0.4328761281083057,0.13238279024832522,0.9926666666666666,"[1, 3, 4, 6, 7, 16, 18, 20, 23, 24, 25, 26]",12,0.7142857142857143,0.4166666666666667,0.5833333333333334,1108.1792035102844
3,30,300,7,0.2,1.0,74.2706680623939,bootstrap_l1,2.0,14,17.15748761359539,0.23101297000831594,0.1339300199174924,0.9928888888888888,"[4, 5, 6, 7, 15, 20, 23, 24, 25, 27, 28]",11,0.42857142857142855,0.2727272727272727,0.7272727272727273,1083.8454163074493
