seed,p,n,k_star,p_edge,noise_scale,mu_scale,q_source,K_multiplier,K,mu_star,mu_star_relative,log_loss_star,auc_star,support,k_actual,S_recall,S_precision,C_inclusion,fit_seconds
8,30,300,5,0.7,1.0,13927.556730460254,oracle,2.0,10,0.0,0.0,0.4398601924981727,0.9837777777777778,"[13, 17, 20]",3,0.2,0.3333333333333333,0.6666666666666666,577.9790329933167
8,30,300,5,0.7,1.0,13927.556730460254,uniform,2.0,10,0.0,0.0,0.26848105219574925,0.984,"[13, 17, 20]",3,0.2,0.3333333333333333,0.6666666666666666,607.3355796337128
8,30,300,5,0.7,1.0,13927.556730460254,adversarial,2.0,10,139.27556730460253,0.01,0.09197002625570241,0.9977777777777778,"[12, 13, 17, 19]",4,0.0,0.0,1.0,656.6344532966614
8,30,300,5,0.7,1.0,13927.556730460254,pc,2.0,10,0.0,0.0,0.19370862909200004,0.9926666666666666,"[13, 17, 20]",3,0.2,0.3333333333333333,0.6666666666666666,599.1585586071014
8,30,300,5,0.7,1.0,13927.556730460254,ges,2.0,10,0.0,0.0,0.25032618057929934,0.99,"[13, 17, 20]",3,0.2,0.3333333333333333,0.6666666666666666,640.2083797454834
8,30,300,5,0.7,1.0,13927.556730460254,bootstrap_l1,2.0,10,0.0,0.0,0.16414670991040334,0.9953333333333333,"[13, 17, 20]",3,0.2,0.3333333333333333,0.6666666666666666,642.2410547733307
