seed,p,n,k_star,p_edge,noise_scale,mu_scale,q_source,K_multiplier,K,mu_star,mu_star_relative,log_loss_star,auc_star,support,k_actual,S_recall,S_precision,C_inclusion,fit_seconds
3,20,300,5,0.2,1.0,872.3213831630554,oracle,2.0,10,0.0,0.0,0.03367312144798409,0.9997777777777778,"[0, 3, 4, 6, 7, 8, 10, 11]",8,0.6,0.375,0.625,543.9436221122742
3,20,300,5,0.2,1.0,872.3213831630554,uniform,2.0,10,0.0,0.0,0.034864863024508454,0.9991111111111112,"[0, 3, 4, 6, 7, 8, 10, 11]",8,0.6,0.375,0.625,516.3837218284607
3,20,300,5,0.2,1.0,872.3213831630554,adversarial,2.0,10,0.0,0.0,0.06207748261806524,0.998,"[0, 3, 4, 6, 7, 8, 10, 11]",8,0.6,0.375,0.625,522.7577564716339
3,20,300,5,0.2,1.0,872.3213831630554,pc,2.0,10,57.3929220562219,0.0657933224657568,0.02797833910344468,0.9995555555555555,"[0, 3, 4, 6, 7, 8, 10]",7,0.6,0.42857142857142855,0.5714285714285714,494.13217544555664
3,20,300,5,0.2,1.0,872.3213831630554,ges,2.0,10,201.51755352625958,0.23101297000831592,0.034316739929528384,0.9988888888888889,"[3, 4, 5, 6, 7, 10, 13, 16]",8,1.0,0.625,0.375,566.8045852184296
3,20,300,5,0.2,1.0,872.3213831630554,bootstrap_l1,2.0,10,16.34571006104602,0.01873817422860384,0.028129167562033392,0.9993333333333334,"[0, 3, 4, 6, 7, 8, 9, 10]",8,0.6,0.375,0.625,533.2826578617096
