seed,p,n,k_star,p_edge,noise_scale,mu_scale,q_source,K_multiplier,K,mu_star,mu_star_relative,log_loss_star,auc_star,support,k_actual,S_recall,S_precision,C_inclusion,fit_seconds
18,30,300,5,0.2,1.0,186.8229379556082,oracle,2.0,10,0.0,0.0,0.08217154938868958,0.9977777777777778,"[4, 10, 11, 13, 15]",5,0.8,0.8,0.2,575.9190616607666
18,30,300,5,0.2,1.0,186.8229379556082,uniform,2.0,10,0.0,0.0,0.10100766695734728,0.9931111111111111,"[4, 10, 11, 13, 15]",5,0.8,0.8,0.2,587.9126372337341
18,30,300,5,0.2,1.0,186.8229379556082,adversarial,2.0,10,0.0,0.0,0.109313111566316,0.9953333333333333,"[4, 10, 11, 13, 15]",5,0.8,0.8,0.2,562.7498581409454
18,30,300,5,0.2,1.0,186.8229379556082,pc,2.0,10,1.868229379556082,0.01,0.07725453306922656,0.9968888888888889,"[4, 7, 10, 11, 13, 15, 19, 25]",8,0.8,0.5,0.5,612.0244243144989
18,30,300,5,0.2,1.0,186.8229379556082,ges,2.0,10,3.500720761311832,0.01873817422860384,0.07741989306258013,0.9964444444444445,"[4, 10, 11, 13, 24]",5,1.0,1.0,0.0,652.954592704773
18,30,300,5,0.2,1.0,186.8229379556082,bootstrap_l1,2.0,10,6.559711555115178,0.03511191734215131,0.0685161404393179,0.9993333333333332,"[2, 4, 8, 10, 11, 13, 15, 19, 25]",9,0.8,0.4444444444444444,0.5555555555555556,594.7070589065552
