seed,p,n,k_star,p_edge,noise_scale,mu_scale,q_source,K_multiplier,K,mu_star,mu_star_relative,log_loss_star,auc_star,support,k_actual,S_recall,S_precision,C_inclusion,fit_seconds
19,30,300,5,0.6,1.0,3328.0730963015985,oracle,2.0,10,33.28073096301598,0.01,0.15275320449656066,0.9882222222222223,"[2, 19, 22, 29]",4,0.0,0.0,1.0,578.7817075252533
19,30,300,5,0.6,1.0,3328.0730963015985,uniform,2.0,10,0.0,0.0,0.344338393096446,0.9400000000000001,"[2, 19, 21, 29]",4,0.0,0.0,1.0,678.3108673095703
19,30,300,5,0.6,1.0,3328.0730963015985,adversarial,2.0,10,33.28073096301598,0.01,0.38482185787158035,0.9279999999999999,"[2, 19, 21, 22, 29]",5,0.0,0.0,1.0,632.5427119731903
19,30,300,5,0.6,1.0,3328.0730963015985,pc,2.0,10,33.28073096301598,0.01,0.3394733564198945,0.9515555555555556,"[2, 21, 29]",3,0.0,0.0,1.0,594.5510807037354
19,30,300,5,0.6,1.0,3328.0730963015985,ges,2.0,10,33.28073096301598,0.01,0.06305701826043675,0.9986666666666666,"[2, 7, 20, 21, 22]",5,0.4,0.4,0.6,636.5881597995758
19,30,300,5,0.6,1.0,3328.0730963015985,bootstrap_l1,2.0,10,116.85502746597929,0.03511191734215131,0.2567716487417714,0.9702222222222222,"[2, 14, 19, 20, 21, 29]",6,0.2,0.16666666666666666,0.8333333333333334,658.0030069351196
