seed,p,n,k_star,p_edge,noise_scale,mu_scale,q_source,K_multiplier,K,mu_star,mu_star_relative,log_loss_star,auc_star,support,k_actual,S_recall,S_precision,C_inclusion,fit_seconds
6,30,1000,5,0.2,1.0,1543.9382332903633,oracle,2.0,10,15.439382332903634,0.01,0.07619694684582587,0.9964999999999999,"[9, 19, 21, 23, 29]",5,0.8,0.8,0.2,759.0205307006836
6,30,1000,5,0.2,1.0,1543.9382332903633,uniform,2.0,10,0.0,0.0,0.06609753533140324,0.9973000000000001,"[3, 11, 19, 21, 23, 24, 29]",7,0.8,0.5714285714285714,0.42857142857142855,827.2003183364868
6,30,1000,5,0.2,1.0,1543.9382332903633,adversarial,2.0,10,0.0,0.0,0.07409473693164284,0.99688,"[3, 11, 19, 21, 23, 24, 29]",7,0.8,0.5714285714285714,0.42857142857142855,819.866459608078
6,30,1000,5,0.2,1.0,1543.9382332903633,pc,2.0,10,0.0,0.0,0.06828285980068664,0.99732,"[3, 11, 19, 21, 23, 24, 29]",7,0.8,0.5714285714285714,0.42857142857142855,804.6409454345703
6,30,1000,5,0.2,1.0,1543.9382332903633,ges,2.0,10,0.0,0.0,0.07415420445178877,0.9966200000000001,"[3, 11, 19, 21, 23, 24, 29]",7,0.8,0.5714285714285714,0.42857142857142855,829.2803218364716
6,30,1000,5,0.2,1.0,1543.9382332903633,bootstrap_l1,2.0,10,190.3439216811968,0.12328467394420659,0.06742240169604166,0.9970400000000001,"[3, 9, 10, 19, 21, 23, 29]",7,0.8,0.5714285714285714,0.42857142857142855,841.4687657356262
