seed,p,n,k_star,p_edge,noise_scale,mu_scale,q_source,K_multiplier,K,mu_star,mu_star_relative,log_loss_star,auc_star,support,k_actual,S_recall,S_precision,C_inclusion,fit_seconds
13,30,300,5,0.6,1.0,5852.540070828083,oracle,2.0,10,0.0,0.0,0.11768029701702436,0.9942222222222222,"[2, 11, 27]",3,0.0,0.0,1.0,659.1155099868774
13,30,300,5,0.6,1.0,5852.540070828083,uniform,2.0,10,0.0,0.0,0.12853296129057562,0.9944444444444445,"[2, 11, 27]",3,0.0,0.0,1.0,656.3200976848602
13,30,300,5,0.6,1.0,5852.540070828083,adversarial,2.0,10,58.525400708280834,0.01,0.04191297565929038,0.9997777777777778,"[4, 11, 12, 27]",4,0.0,0.0,1.0,633.1816475391388
13,30,300,5,0.6,1.0,5852.540070828083,pc,2.0,10,58.525400708280834,0.01,0.047054173701863,0.9997777777777778,"[4, 16, 20, 24]",4,0.2,0.25,0.75,628.1912579536438
13,30,300,5,0.6,1.0,5852.540070828083,ges,2.0,10,58.525400708280834,0.01,0.046781529306933495,0.9986666666666666,"[4, 17, 24, 28]",4,0.4,0.5,0.5,714.6437828540802
13,30,300,5,0.6,1.0,5852.540070828083,bootstrap_l1,2.0,10,0.0,0.0,0.05047640522689747,0.9986666666666666,"[2, 11, 27]",3,0.0,0.0,1.0,656.5243239402771
