seed,p,n,k_star,p_edge,noise_scale,mu_scale,q_source,K_multiplier,K,mu_star,mu_star_relative,log_loss_star,auc_star,support,k_actual,S_recall,S_precision,C_inclusion,fit_seconds
1,30,300,5,0.2,0.5,64.47632590015576,oracle,2.0,10,0.0,0.0,0.1067252586485794,0.9942222222222222,"[1, 7, 12, 13, 15, 18, 27]",7,1.0,0.7142857142857143,0.2857142857142857,529.1342570781708
1,30,300,5,0.2,0.5,64.47632590015576,uniform,2.0,10,0.0,0.0,0.108347306344914,0.9951111111111113,"[1, 7, 12, 13, 15, 18, 27]",7,1.0,0.7142857142857143,0.2857142857142857,564.4830710887909
1,30,300,5,0.2,0.5,64.47632590015576,adversarial,2.0,10,0.0,0.0,0.08186176990804662,0.9957777777777779,"[1, 7, 12, 13, 15, 18, 27]",7,1.0,0.7142857142857143,0.2857142857142857,528.8916449546814
1,30,300,5,0.2,0.5,64.47632590015576,pc,2.0,10,52.298735793659944,0.8111308307896868,0.06913534401239882,0.9968888888888889,"[1, 7, 13, 15, 18, 27]",6,1.0,0.8333333333333334,0.16666666666666666,596.1300618648529
1,30,300,5,0.2,0.5,64.47632590015576,ges,2.0,10,7.948942815721105,0.12328467394420659,0.08397217557428346,0.9971111111111112,"[1, 7, 11, 12, 13, 15, 18, 27]",8,1.0,0.625,0.375,584.1598098278046
1,30,300,5,0.2,0.5,64.47632590015576,bootstrap_l1,2.0,10,1.208168628337361,0.01873817422860384,0.06700352101265454,0.998,"[1, 7, 13, 15, 26, 27]",6,1.0,0.8333333333333334,0.16666666666666666,578.8111250400543
