seed,p,n,k_star,p_edge,noise_scale,mu_scale,q_source,K_multiplier,K,mu_star,mu_star_relative,log_loss_star,auc_star,support,k_actual,S_recall,S_precision,C_inclusion,fit_seconds
8,30,1000,5,0.2,1.0,1623.6998588972424,oracle,2.0,10,16.236998588972423,0.009999999999999998,0.03680616773466787,0.99942,"[5, 6, 8, 18, 20, 25]",6,0.8,0.6666666666666666,0.3333333333333333,734.6924464702606
8,30,1000,5,0.2,1.0,1623.6998588972424,uniform,2.0,10,0.0,0.0,0.04328234615534959,0.9991000000000001,"[3, 5, 6, 7, 16, 18, 20, 25]",8,0.8,0.5,0.5,795.3693664073944
8,30,1000,5,0.2,1.0,1623.6998588972424,adversarial,2.0,10,0.0,0.0,0.04314107874513725,0.99916,"[3, 5, 6, 7, 16, 18, 20, 25]",8,0.8,0.5,0.5,757.4169013500214
8,30,1000,5,0.2,1.0,1623.6998588972424,pc,2.0,10,106.82860840403008,0.0657933224657568,0.03459826054810627,0.99938,"[3, 5, 6, 8, 18, 19, 20, 25]",8,0.8,0.5,0.5,745.5414915084839
8,30,1000,5,0.2,1.0,1623.6998588972424,ges,2.0,10,30.425170850976,0.01873817422860384,0.031002637049394398,0.9998800000000001,"[3, 5, 6, 8, 18, 20, 25]",7,0.8,0.5714285714285714,0.42857142857142855,756.9188327789307
8,30,1000,5,0.2,1.0,1623.6998588972424,bootstrap_l1,2.0,10,106.82860840403008,0.0657933224657568,0.029675869520612613,0.9999,"[3, 5, 6, 8, 16, 18, 20, 25]",8,0.8,0.5,0.5,797.0435183048248
