seed,p,n,k_star,p_edge,noise_scale,mu_scale,q_source,K_multiplier,K,mu_star,mu_star_relative,log_loss_star,auc_star,support,k_actual,S_recall,S_precision,C_inclusion,fit_seconds
6,30,75,5,0.2,1.0,102.56294767201507,oracle,2.0,10,1.0256294767201508,0.01,0.15110590642985106,0.9857142857142858,"[3, 9, 11, 15, 19, 21, 23, 29]",8,0.8,0.5,0.5,434.75558614730835
6,30,75,5,0.2,1.0,102.56294767201507,uniform,2.0,10,0.0,0.0,0.1808114853822595,0.9928571428571429,"[3, 9, 21, 23, 25]",5,0.4,0.4,0.6,483.2652938365936
6,30,75,5,0.2,1.0,102.56294767201507,adversarial,2.0,10,0.0,0.0,0.32414916654259474,0.975,"[3, 9, 21, 23, 25]",5,0.4,0.4,0.6,464.7063045501709
6,30,75,5,0.2,1.0,102.56294767201507,pc,2.0,10,3.601181741027183,0.03511191734215131,0.0974720124678102,1.0,"[1, 3, 9, 14, 21, 23, 24, 25]",8,0.4,0.25,0.75,453.00765109062195
6,30,75,5,0.2,1.0,102.56294767201507,ges,2.0,10,44.397051675636654,0.4328761281083057,0.30933192581622787,0.9892857142857142,"[1, 3, 8, 9, 13, 23, 25]",7,0.2,0.14285714285714285,0.8571428571428571,462.4934365749359
6,30,75,5,0.2,1.0,102.56294767201507,bootstrap_l1,2.0,10,3.601181741027183,0.03511191734215131,0.11608654637856623,1.0,"[1, 8, 11, 13, 14, 15, 21, 23, 25]",9,0.4,0.2222222222222222,0.7777777777777778,480.84220242500305
