seed,p,n,k_star,p_edge,noise_scale,mu_scale,q_source,K_multiplier,K,mu_star,mu_star_relative,log_loss_star,auc_star,support,k_actual,S_recall,S_precision,C_inclusion,fit_seconds
5,30,300,5,0.7,1.0,8869.22174454897,oracle,2.0,10,88.6922174454897,0.01,0.0785190027395354,0.9977777777777778,"[3, 20, 22]",3,0.4,0.6666666666666666,0.3333333333333333,627.300580739975
5,30,300,5,0.7,1.0,8869.22174454897,uniform,2.0,10,0.0,0.0,0.2370391439159393,0.9957777777777779,"[3, 19]",2,0.0,0.0,1.0,678.0433311462402
5,30,300,5,0.7,1.0,8869.22174454897,adversarial,2.0,10,0.0,0.0,0.2991916655943439,0.9886666666666667,"[3, 19]",2,0.0,0.0,1.0,689.2403411865234
5,30,300,5,0.7,1.0,8869.22174454897,pc,2.0,10,166.1930223214803,0.01873817422860384,0.21280146112610715,0.994,"[5, 20]",2,0.2,0.5,0.5,587.609185218811
5,30,300,5,0.7,1.0,8869.22174454897,ges,2.0,10,0.0,0.0,0.2327478129722484,0.9906666666666666,"[3, 19]",2,0.0,0.0,1.0,767.3144147396088
5,30,300,5,0.7,1.0,8869.22174454897,bootstrap_l1,2.0,10,88.6922174454897,0.01,0.046662728999079105,0.9986666666666666,"[3, 6, 14, 20]",4,0.2,0.25,0.75,653.8944528102875
