seed,p,n,k_star,p_edge,noise_scale,mu_scale,q_source,K_multiplier,K,mu_star,mu_star_relative,log_loss_star,auc_star,support,k_actual,S_recall,S_precision,C_inclusion,fit_seconds
0,30,300,3,0.2,1.0,213.55459899975097,oracle,2.0,6,0.0,0.0,0.05659164178164575,0.998,"[2, 10, 11, 18, 22]",5,1.0,0.6,0.4,210.66358637809753
0,30,300,3,0.2,1.0,213.55459899975097,uniform,2.0,6,0.0,0.0,0.07401605410208832,0.9953333333333333,"[2, 10, 11, 18, 22]",5,1.0,0.6,0.4,213.93336033821106
0,30,300,3,0.2,1.0,213.55459899975097,adversarial,2.0,6,0.0,0.0,0.131962172935705,0.9922222222222222,"[2, 10, 11, 18, 22]",5,1.0,0.6,0.4,205.7522222995758
0,30,300,3,0.2,1.0,213.55459899975097,pc,2.0,6,2135.5459899975094,9.999999999999998,0.06663513496058823,0.9988888888888889,"[2, 9, 10, 21, 22]",5,1.0,0.6,0.4,232.00432109832764
0,30,300,3,0.2,1.0,213.55459899975097,ges,2.0,6,4.001623283376961,0.01873817422860384,0.05638248715512813,0.9988888888888889,"[2, 7, 10, 22]",4,1.0,0.75,0.25,224.16111183166504
0,30,300,3,0.2,1.0,213.55459899975097,bootstrap_l1,2.0,6,2.1355459899975098,0.01,0.06007246024211717,0.9977777777777778,"[2, 10, 11, 18, 22]",5,1.0,0.6,0.4,201.14222645759583
