seed,p,n,k_star,p_edge,noise_scale,mu_scale,q_source,K_multiplier,K,mu_star,mu_star_relative,log_loss_star,auc_star,support,k_actual,S_recall,S_precision,C_inclusion,fit_seconds
9,15,300,5,0.2,1.0,164.66292975892225,oracle,2.0,10,0.0,0.0,0.07299479788559363,0.9971111111111111,"[0, 1, 4, 6, 7, 8, 10, 12]",8,1.0,0.625,0.375,366.0445899963379
9,15,300,5,0.2,1.0,164.66292975892225,uniform,2.0,10,0.0,0.0,0.0906169232087812,0.9964444444444445,"[0, 1, 4, 6, 7, 8, 10, 12]",8,1.0,0.625,0.375,377.5208668708801
9,15,300,5,0.2,1.0,164.66292975892225,adversarial,2.0,10,0.0,0.0,0.05979296849229739,0.9991111111111112,"[0, 1, 4, 6, 7, 8, 10, 12]",8,1.0,0.625,0.375,436.1188073158264
9,15,300,5,0.2,1.0,164.66292975892225,pc,2.0,10,468.96593015513514,2.848035868435799,0.059356909440714034,0.998,"[0, 1, 4, 5, 6, 7, 8, 10, 12, 13]",10,1.0,0.5,0.5,359.4933624267578
9,15,300,5,0.2,1.0,164.66292975892225,ges,2.0,10,38.039272453879335,0.23101297000831592,0.05890464018520458,0.9988888888888889,"[1, 4, 6, 7, 8, 10, 12]",7,1.0,0.7142857142857143,0.2857142857142857,393.2393333911896
9,15,300,5,0.2,1.0,164.66292975892225,bootstrap_l1,2.0,10,71.27865147701218,0.4328761281083057,0.05179130797436608,0.9991111111111112,"[0, 1, 6, 7, 8, 10, 11, 12]",8,0.8,0.5,0.5,404.65100383758545
