seed,p,n,k_star,p_edge,noise_scale,mu_scale,q_source,K_multiplier,K,mu_star,mu_star_relative,log_loss_star,auc_star,support,k_actual,S_recall,S_precision,C_inclusion,fit_seconds
1,30,300,5,0.2,1.0,128.95265180031151,oracle,2.0,10,1.2895265180031152,0.01,0.10602478446380696,0.9937777777777776,"[1, 7, 13, 15, 27, 29]",6,1.0,0.8333333333333334,0.16666666666666666,502.7560930252075
1,30,300,5,0.2,1.0,128.95265180031151,uniform,2.0,10,0.0,0.0,0.12736623970580185,0.9924444444444445,"[1, 7, 13, 15, 27, 29]",6,1.0,0.8333333333333334,0.16666666666666666,524.4171590805054
1,30,300,5,0.2,1.0,128.95265180031151,adversarial,2.0,10,0.0,0.0,0.09835993174725251,0.9959999999999999,"[1, 7, 13, 15, 27, 29]",6,1.0,0.8333333333333334,0.16666666666666666,517.1254103183746
1,30,300,5,0.2,1.0,128.95265180031151,pc,2.0,10,2.416337256674722,0.01873817422860384,0.06376879287298444,0.9975555555555555,"[1, 7, 13, 15, 27, 29]",6,1.0,0.8333333333333334,0.16666666666666666,563.12011551857
1,30,300,5,0.2,1.0,128.95265180031151,ges,2.0,10,4.527774851063757,0.03511191734215131,0.0649174523756185,0.9968888888888889,"[1, 7, 13, 15, 27]",5,1.0,1.0,0.0,571.5822644233704
1,30,300,5,0.2,1.0,128.95265180031151,bootstrap_l1,2.0,10,8.484223402712349,0.0657933224657568,0.06794045276562266,0.9973333333333334,"[1, 7, 11, 13, 15, 27, 29]",7,1.0,0.7142857142857143,0.2857142857142857,544.676153421402
