seed,p,n,k_star,p_edge,noise_scale,mu_scale,q_source,K_multiplier,K,mu_star,mu_star_relative,log_loss_star,auc_star,support,k_actual,S_recall,S_precision,C_inclusion,fit_seconds
11,30,300,5,0.6,1.0,3122.034632240857,oracle,2.0,10,31.22034632240857,0.01,0.13774989262276102,0.9895555555555555,"[0, 17, 25]",3,0.2,0.3333333333333333,0.6666666666666666,560.2420988082886
11,30,300,5,0.6,1.0,3122.034632240857,uniform,2.0,10,0.0,0.0,0.13728589128616042,0.9924444444444444,"[0, 17, 24, 25]",4,0.2,0.25,0.75,601.3156325817108
11,30,300,5,0.6,1.0,3122.034632240857,adversarial,2.0,10,31.22034632240857,0.01,0.10798884648808049,0.9966666666666667,"[0, 16, 24, 25]",4,0.0,0.0,1.0,602.2538325786591
11,30,300,5,0.6,1.0,3122.034632240857,pc,2.0,10,0.0,0.0,0.15378985487373567,0.9895555555555555,"[0, 17, 24, 25]",4,0.2,0.25,0.75,594.2915363311768
11,30,300,5,0.6,1.0,3122.034632240857,ges,2.0,10,0.0,0.0,0.11758780385984964,0.9933333333333334,"[0, 17, 24, 25]",4,0.2,0.25,0.75,641.1693263053894
11,30,300,5,0.6,1.0,3122.034632240857,bootstrap_l1,2.0,10,205.40903130828312,0.0657933224657568,0.11606068175738901,0.9955555555555555,"[0, 18, 24, 25]",4,0.2,0.25,0.75,636.9290900230408
