seed,p,n,k_star,p_edge,noise_scale,mu_scale,q_source,K_multiplier,K,mu_star,mu_star_relative,log_loss_star,auc_star,support,k_actual,S_recall,S_precision,C_inclusion,fit_seconds
0,30,150,5,0.2,1.0,128.58660795159173,oracle,2.0,10,2.409478263262102,0.01873817422860384,0.04012293512094818,1.0,"[2, 4, 10, 11, 17, 18, 20, 21, 22, 29]",10,1.0,0.5,0.5,454.0810053348541
0,30,150,5,0.2,1.0,128.58660795159173,uniform,2.0,10,0.0,0.0,0.09716346689116909,0.9973333333333333,"[10, 11, 15, 17, 18, 19, 20, 21, 22, 28]",10,0.8,0.4,0.6,458.56378960609436
0,30,150,5,0.2,1.0,128.58660795159173,adversarial,2.0,10,0.0,0.0,0.1343527894650533,0.9973333333333333,"[10, 11, 15, 17, 18, 19, 20, 21, 22, 28]",10,0.8,0.4,0.6,461.37841510772705
0,30,150,5,0.2,1.0,128.58660795159173,pc,2.0,10,195.44021054494803,1.5199110829529332,0.09134790375980427,0.9973333333333333,"[2, 9, 10, 17, 18, 20, 21, 22]",8,1.0,0.625,0.375,477.4932725429535
0,30,150,5,0.2,1.0,128.58660795159173,ges,2.0,10,4.514922349703904,0.03511191734215131,0.0660022174830575,0.9982222222222223,"[2, 9, 10, 17, 20, 21, 22]",7,1.0,0.7142857142857143,0.2857142857142857,502.1888916492462
0,30,150,5,0.2,1.0,128.58660795159173,bootstrap_l1,2.0,10,0.0,0.0,0.0732067882724172,0.9982222222222223,"[10, 11, 15, 17, 18, 19, 20, 21, 22, 28]",10,0.8,0.4,0.6,485.33532547950745
