seed,p,n,k_star,p_edge,noise_scale,mu_scale,q_source,K_multiplier,K,mu_star,mu_star_relative,log_loss_star,auc_star,support,k_actual,S_recall,S_precision,C_inclusion,fit_seconds
6,30,300,7,0.2,1.0,604.1066250919105,oracle,2.0,14,6.041066250919105,0.01,0.053801347535922105,0.9988888888888889,"[1, 4, 6, 7, 8, 9, 10, 19, 21, 22, 23, 28, 29]",13,1.0,0.5384615384615384,0.46153846153846156,1025.1265604496002
6,30,300,7,0.2,1.0,604.1066250919105,uniform,2.0,14,0.0,0.0,0.1241021457176841,0.9935555555555556,"[0, 1, 4, 6, 7, 8, 9, 13, 18, 20, 23, 28]",12,0.42857142857142855,0.25,0.75,1165.8038551807404
6,30,300,7,0.2,1.0,604.1066250919105,adversarial,2.0,14,0.0,0.0,0.05706303697041223,0.9975555555555555,"[0, 1, 4, 6, 7, 8, 9, 13, 18, 20, 23, 28]",12,0.42857142857142855,0.25,0.75,1088.5287899971008
6,30,300,7,0.2,1.0,604.1066250919105,pc,2.0,14,39.74618198837211,0.0657933224657568,0.057165380945680265,0.9984444444444446,"[3, 7, 8, 9, 10, 18, 19, 20, 23, 24, 28]",11,0.42857142857142855,0.2727272727272727,0.7272727272727273,1091.6944935321808
6,30,300,7,0.2,1.0,604.1066250919105,ges,2.0,14,139.55646566418247,0.23101297000831592,0.03950725399258255,0.9986666666666666,"[4, 6, 7, 8, 11, 16, 19, 21, 22, 23]",10,0.8571428571428571,0.6,0.4,1054.9369688034058
6,30,300,7,0.2,1.0,604.1066250919105,bootstrap_l1,2.0,14,21.21134188607315,0.03511191734215131,0.10876423860011505,0.9962222222222221,"[3, 6, 7, 8, 10, 11, 15, 19, 20, 23, 24]",11,0.5714285714285714,0.36363636363636365,0.6363636363636364,1113.2645366191864
