seed,p,n,k_star,p_edge,noise_scale,mu_scale,q_source,K_multiplier,K,mu_star,mu_star_relative,log_loss_star,auc_star,support,k_actual,S_recall,S_precision,C_inclusion,fit_seconds
6,50,300,5,0.2,1.0,377.8946872663289,oracle,2.0,10,163.58158905654753,0.4328761281083058,0.14492538750985348,0.9902222222222223,"[0, 2, 5, 20, 27, 29, 32, 46]",8,1.0,0.625,0.375,567.8460080623627
6,50,300,5,0.2,1.0,377.8946872663289,uniform,2.0,10,0.0,0.0,0.3404418677414604,0.9564444444444445,"[0, 11, 17, 20, 27, 29, 32, 46]",8,0.8,0.5,0.5,603.7300016880035
6,50,300,5,0.2,1.0,377.8946872663289,adversarial,2.0,10,0.0,0.0,0.13606087189665778,0.9937777777777779,"[0, 11, 17, 20, 27, 29, 32, 46]",8,0.8,0.5,0.5,571.0876893997192
6,50,300,5,0.2,1.0,377.8946872663289,pc,2.0,10,3.778946872663289,0.01,0.2014968440688676,0.9904444444444443,"[0, 15, 17, 27, 29]",5,0.6,0.6,0.4,644.25625872612
6,50,300,5,0.2,1.0,377.8946872663289,ges,2.0,10,3.778946872663289,0.01,0.08074286022867981,0.9968888888888889,"[0, 15, 17, 27, 29]",5,0.6,0.6,0.4,614.4614045619965
6,50,300,5,0.2,1.0,377.8946872663289,bootstrap_l1,2.0,10,3.778946872663289,0.01,0.4480797461533431,0.9457777777777778,"[0, 2, 15, 16, 27, 30, 42, 43]",8,0.4,0.25,0.75,572.0906116962433
