seed,p,n,k_star,p_edge,noise_scale,mu_scale,q_source,K_multiplier,K,mu_star,mu_star_relative,log_loss_star,auc_star,support,k_actual,S_recall,S_precision,C_inclusion,fit_seconds
14,30,300,5,0.3,1.0,1062.4479886717436,oracle,2.0,10,0.0,0.0,0.07281331779770593,0.9971111111111111,"[1, 4, 6, 8, 11, 25, 28]",7,0.2,0.14285714285714285,0.8571428571428571,543.445384979248
14,30,300,5,0.3,1.0,1062.4479886717436,uniform,2.0,10,0.0,0.0,0.07391009749587663,0.9960000000000001,"[1, 4, 6, 8, 11, 25, 28]",7,0.2,0.14285714285714285,0.8571428571428571,604.2528290748596
14,30,300,5,0.3,1.0,1062.4479886717436,adversarial,2.0,10,0.0,0.0,0.11960201144621652,0.9966666666666667,"[1, 4, 6, 8, 11, 25, 28]",7,0.2,0.14285714285714285,0.8571428571428571,608.3487477302551
14,30,300,5,0.3,1.0,1062.4479886717436,pc,2.0,10,10.624479886717436,0.01,0.07185073334452348,0.998,"[1, 4, 7, 11, 14, 24]",6,0.2,0.16666666666666666,0.8333333333333334,564.647340297699
14,30,300,5,0.3,1.0,1062.4479886717436,ges,2.0,10,459.9083716526814,0.4328761281083057,0.047357390142437415,0.9991111111111112,"[3, 4, 8, 12, 16]",5,0.8,0.8,0.2,626.9153542518616
14,30,300,5,0.3,1.0,1062.4479886717436,bootstrap_l1,2.0,10,37.30458595857717,0.03511191734215131,0.04142809176971061,0.9986666666666666,"[1, 4, 6, 7, 11, 12]",6,0.4,0.3333333333333333,0.6666666666666666,640.1001784801483
