seed,p,n,k_star,p_edge,noise_scale,mu_scale,q_source,K_multiplier,K,mu_star,mu_star_relative,log_loss_star,auc_star,support,k_actual,S_recall,S_precision,C_inclusion,fit_seconds
2,30,1000,5,0.2,1.0,451.76469053625823,oracle,2.0,10,0.0,0.0,0.06023533501057038,0.99802,"[2, 8, 10, 12, 14, 15, 17, 19, 29]",9,1.0,0.5555555555555556,0.4444444444444444,674.7539224624634
2,30,1000,5,0.2,1.0,451.76469053625823,uniform,2.0,10,0.0,0.0,0.0585133580439365,0.9981200000000001,"[2, 8, 10, 12, 14, 15, 17, 19, 29]",9,1.0,0.5555555555555556,0.4444444444444444,681.9435167312622
2,30,1000,5,0.2,1.0,451.76469053625823,adversarial,2.0,10,0.0,0.0,0.05695037100286783,0.9983799999999998,"[2, 8, 10, 12, 14, 15, 17, 19, 29]",9,1.0,0.5555555555555556,0.4444444444444444,718.8383376598358
2,30,1000,5,0.2,1.0,451.76469053625823,pc,2.0,10,15.862324472211663,0.03511191734215131,0.05654386341784702,0.9981399999999999,"[2, 6, 8, 10, 14, 15, 19, 29]",8,1.0,0.625,0.375,731.5980896949768
2,30,1000,5,0.2,1.0,451.76469053625823,ges,2.0,10,8.465245481599704,0.01873817422860384,0.05625180246058442,0.9984400000000001,"[2, 6, 8, 10, 14, 15, 19, 29]",8,1.0,0.625,0.375,661.9398143291473
2,30,1000,5,0.2,1.0,451.76469053625823,bootstrap_l1,2.0,10,2410.9322766710043,5.336699231206307,0.049284502783304374,0.99864,"[2, 8, 10, 13, 14, 15, 17, 29]",8,1.0,0.625,0.375,727.1517953872681
