seed,p,n,k_star,p_edge,noise_scale,mu_scale,q_source,K_multiplier,K,mu_star,mu_star_relative,log_loss_star,auc_star,support,k_actual,S_recall,S_precision,C_inclusion,fit_seconds
4,30,200,5,0.2,1.0,84.66634553877455,oracle,2.0,10,0.8466634553877456,0.01,0.10318044561351943,0.9935,"[2, 8, 13, 20, 23, 26, 27, 29]",8,0.8,0.5,0.5,519.6782765388489
4,30,200,5,0.2,1.0,84.66634553877455,uniform,2.0,10,0.0,0.0,0.089648459022141,0.994,"[1, 2, 5, 6, 13, 16, 20, 23, 29]",9,0.4,0.2222222222222222,0.7777777777777778,546.0997550487518
4,30,200,5,0.2,1.0,84.66634553877455,adversarial,2.0,10,0.0,0.0,0.15854122929530817,0.9914999999999999,"[1, 2, 5, 6, 13, 16, 20, 23, 29]",9,0.4,0.2222222222222222,0.7777777777777778,504.37559151649475
4,30,200,5,0.2,1.0,84.66634553877455,pc,2.0,10,36.65003983790465,0.4328761281083057,0.12999843208848166,0.9945,"[1, 2, 13, 20, 23, 27, 29]",7,0.6,0.42857142857142855,0.5714285714285714,508.0020070075989
4,30,200,5,0.2,1.0,84.66634553877455,ges,2.0,10,10.43806280379535,0.12328467394420659,0.055048254642120334,0.9984999999999999,"[2, 8, 13, 20, 23, 24, 27, 29]",8,0.8,0.5,0.5,555.1929981708527
4,30,200,5,0.2,1.0,84.66634553877455,bootstrap_l1,2.0,10,241.13278894380923,2.848035868435799,0.07069566692677805,0.9945,"[1, 2, 13, 20, 26, 29]",6,0.4,0.3333333333333333,0.6666666666666666,572.2027406692505
