seed,p,n,k_star,p_edge,noise_scale,mu_scale,q_source,K_multiplier,K,mu_star,mu_star_relative,log_loss_star,auc_star,support,k_actual,S_recall,S_precision,C_inclusion,fit_seconds
11,30,300,5,0.3,1.0,341.4490471416383,oracle,2.0,10,6.398131735530784,0.01873817422860384,0.041656572588202254,0.9995555555555555,"[8, 9, 13, 17, 25, 27, 28]",7,0.8,0.5714285714285714,0.42857142857142855,603.7929062843323
11,30,300,5,0.3,1.0,341.4490471416383,uniform,2.0,10,0.0,0.0,0.10134595571639919,0.998,"[1, 4, 5, 8, 25, 27, 28, 29]",8,0.4,0.25,0.75,615.92675614357
11,30,300,5,0.3,1.0,341.4490471416383,adversarial,2.0,10,0.0,0.0,0.03899021318454019,0.9995555555555555,"[1, 4, 5, 8, 25, 27, 28, 29]",8,0.4,0.25,0.75,602.4344291687012
11,30,300,5,0.3,1.0,341.4490471416383,pc,2.0,10,6.398131735530784,0.01873817422860384,0.035755684848650174,0.9995555555555555,"[4, 5, 7, 8, 12, 13, 20, 27, 29]",9,0.2,0.1111111111111111,0.8888888888888888,598.4304196834564
11,30,300,5,0.3,1.0,341.4490471416383,ges,2.0,10,3.414490471416383,0.01,0.03552732038666555,0.9991111111111112,"[7, 8, 9, 13, 17, 18, 22, 24, 28, 29]",10,1.0,0.5,0.5,545.832827091217
11,30,300,5,0.3,1.0,341.4490471416383,bootstrap_l1,2.0,10,6.398131735530784,0.01873817422860384,0.030323524691951646,0.9997777777777778,"[1, 5, 7, 8, 27, 28, 29]",7,0.4,0.2857142857142857,0.7142857142857143,600.0707287788391
