seed,p,n,k_star,p_edge,noise_scale,mu_scale,q_source,K_multiplier,K,mu_star,mu_star_relative,log_loss_star,auc_star,support,k_actual,S_recall,S_precision,C_inclusion,fit_seconds
16,30,300,5,0.1,1.0,46.902069981794256,oracle,2.0,10,0.0,0.0,0.2596581395464084,0.9731111111111111,"[4, 9, 15, 18, 24, 26, 27]",7,1.0,0.7142857142857143,0.14285714285714285,524.6735708713531
16,30,300,5,0.1,1.0,46.902069981794256,uniform,2.0,10,0.0,0.0,0.2919036266630556,0.9671111111111111,"[4, 9, 15, 18, 24, 26, 27]",7,1.0,0.7142857142857143,0.14285714285714285,545.9150223731995
16,30,300,5,0.1,1.0,46.902069981794256,adversarial,2.0,10,0.4690206998179426,0.01,0.2570852300094112,0.976,"[3, 4, 7, 9, 18, 24, 26]",7,1.0,0.7142857142857143,0.2857142857142857,610.8632833957672
16,30,300,5,0.1,1.0,46.902069981794256,pc,2.0,10,71.28697597876317,1.5199110829529332,0.2900776865511909,0.9651111111111114,"[4, 7, 9, 18, 24, 26]",6,1.0,0.8333333333333334,0.16666666666666666,540.4300503730774
16,30,300,5,0.1,1.0,46.902069981794256,ges,2.0,10,133.57877761203602,2.848035868435799,0.2472488408885583,0.9728888888888889,"[4, 9, 18, 24, 26]",5,1.0,1.0,0.0,587.1870784759521
16,30,300,5,0.1,1.0,46.902069981794256,bootstrap_l1,2.0,10,133.57877761203602,2.848035868435799,0.24821648091332033,0.9735555555555555,"[4, 9, 18, 24, 26]",5,1.0,1.0,0.0,623.3242275714874
