seed,p,n,k_star,p_edge,noise_scale,mu_scale,q_source,K_multiplier,K,mu_star,mu_star_relative,log_loss_star,auc_star,support,k_actual,S_recall,S_precision,C_inclusion,fit_seconds
10,30,300,5,0.3,1.0,413.2558264473598,oracle,2.0,10,4.132558264473598,0.01,0.035792563106646705,0.9997777777777778,"[3, 9, 12, 15, 16, 24]",6,0.4,0.3333333333333333,0.6666666666666666,591.7963030338287
10,30,300,5,0.3,1.0,413.2558264473598,uniform,2.0,10,0.0,0.0,0.12112956925757087,0.9951111111111111,"[0, 3, 9, 12, 24]",5,0.4,0.4,0.6,564.4657490253448
10,30,300,5,0.3,1.0,413.2558264473598,adversarial,2.0,10,0.0,0.0,0.06808093259422512,0.9975555555555555,"[0, 3, 9, 12, 24]",5,0.4,0.4,0.6,555.5067036151886
10,30,300,5,0.3,1.0,413.2558264473598,pc,2.0,10,50.94810981910638,0.12328467394420659,0.037245834056989904,0.9995555555555555,"[0, 3, 9, 12, 16, 24]",6,0.4,0.3333333333333333,0.6666666666666666,567.1805891990662
10,30,300,5,0.3,1.0,413.2558264473598,ges,2.0,10,95.46745584084574,0.23101297000831592,0.028371561993679784,0.9997777777777778,"[3, 9, 12, 24, 28, 29]",6,0.6,0.5,0.5,659.1924557685852
10,30,300,5,0.3,1.0,413.2558264473598,bootstrap_l1,2.0,10,4.132558264473598,0.01,0.06639019413552444,0.999111111111111,"[0, 3, 4, 11, 12, 15, 25]",7,0.4,0.2857142857142857,0.7142857142857143,627.7041921615601
