seed,p,n,k_star,p_edge,noise_scale,mu_scale,q_source,K_multiplier,K,mu_star,mu_star_relative,log_loss_star,auc_star,support,k_actual,S_recall,S_precision,C_inclusion,fit_seconds
7,30,300,3,0.2,1.0,211.2554263704194,oracle,2.0,6,2.112554263704194,0.009999999999999998,0.04114289240381378,0.9991111111111112,"[6, 8, 9, 17, 28, 29]",6,1.0,0.5,0.5,197.66950488090515
7,30,300,3,0.2,1.0,211.2554263704194,uniform,2.0,6,0.0,0.0,0.02668349638998237,0.9993333333333332,"[6, 8, 9, 17, 28, 29]",6,1.0,0.5,0.5,203.26263976097107
7,30,300,3,0.2,1.0,211.2554263704194,adversarial,2.0,6,0.0,0.0,0.038353295886586626,0.9984444444444446,"[6, 8, 9, 17, 28, 29]",6,1.0,0.5,0.5,219.04430675506592
7,30,300,3,0.2,1.0,211.2554263704194,pc,2.0,6,0.0,0.0,0.05096050488511291,0.998,"[6, 8, 9, 17, 28, 29]",6,1.0,0.5,0.5,204.4425265789032
7,30,300,3,0.2,1.0,211.2554263704194,ges,2.0,6,0.0,0.0,0.03843326561180791,0.9997777777777778,"[6, 8, 9, 17, 28, 29]",6,1.0,0.5,0.5,178.77977395057678
7,30,300,3,0.2,1.0,211.2554263704194,bootstrap_l1,2.0,6,3.958540986066909,0.01873817422860384,0.026742513203336517,0.9995555555555555,"[6, 8, 9, 17, 28, 29]",6,1.0,0.5,0.5,190.01677823066711
