seed,p,n,k_star,p_edge,noise_scale,mu_scale,q_source,K_multiplier,K,mu_star,mu_star_relative,log_loss_star,auc_star,support,k_actual,S_recall,S_precision,C_inclusion,fit_seconds
3,15,300,5,0.2,1.0,127.85589487008755,oracle,2.0,10,1.2785589487008755,0.01,0.12162909729244593,0.9942222222222222,"[0, 5, 6, 8, 9]",5,1.0,1.0,0.0,367.0927495956421
3,15,300,5,0.2,1.0,127.85589487008755,uniform,2.0,10,0.0,0.0,0.12865833382126549,0.9953333333333333,"[0, 5, 6, 8, 9]",5,1.0,1.0,0.0,357.15115237236023
3,15,300,5,0.2,1.0,127.85589487008755,adversarial,2.0,10,1.2785589487008755,0.01,0.05769473892699378,0.9975555555555555,"[0, 5, 6, 8, 9]",5,1.0,1.0,0.0,439.64083075523376
3,15,300,5,0.2,1.0,127.85589487008755,pc,2.0,10,8.41206412033557,0.0657933224657568,0.08449202187580102,0.9966666666666667,"[0, 5, 6, 8, 9, 10]",6,1.0,0.8333333333333334,0.16666666666666666,362.0354583263397
3,15,300,5,0.2,1.0,127.85589487008755,ges,2.0,10,15.762672310903499,0.12328467394420659,0.07619257027982453,0.9962222222222221,"[0, 5, 6, 8, 9, 10]",6,1.0,0.8333333333333334,0.16666666666666666,404.80611777305603
3,15,300,5,0.2,1.0,127.85589487008755,bootstrap_l1,2.0,10,2.3957860342297566,0.01873817422860384,0.06777611533060737,0.9971111111111112,"[0, 5, 6, 8, 9, 10]",6,1.0,0.8333333333333334,0.16666666666666666,429.46118235588074
