seed,p,n,k_star,p_edge,noise_scale,mu_scale,q_source,K_multiplier,K,mu_star,mu_star_relative,log_loss_star,auc_star,support,k_actual,S_recall,S_precision,C_inclusion,fit_seconds
7,30,150,5,0.2,1.0,61.26157597700898,oracle,2.0,10,49.691153017716815,0.8111308307896868,0.5148475528644877,0.9653333333333334,"[0, 3, 6, 9, 17, 18, 22, 23, 29]",9,1.0,0.5555555555555556,0.4444444444444444,417.598993062973
7,30,150,5,0.2,1.0,61.26157597700898,uniform,2.0,10,0.0,0.0,0.4529307756453115,0.9688888888888888,"[9, 12, 22, 29]",4,0.2,0.25,0.75,442.26432394981384
7,30,150,5,0.2,1.0,61.26157597700898,adversarial,2.0,10,1.1479300841760458,0.01873817422860384,0.17168806750792584,0.9893333333333334,"[0, 9, 12, 17, 21, 22, 24, 25, 26, 29]",10,0.4,0.2,0.8,457.97370076179504
7,30,150,5,0.2,1.0,61.26157597700898,pc,2.0,10,14.152218613838942,0.23101297000831592,0.23447469844317048,0.9777777777777779,"[3, 5, 9, 12, 13, 14, 17, 22, 29]",9,0.4,0.2222222222222222,0.7777777777777778,481.50058603286743
7,30,150,5,0.2,1.0,61.26157597700898,ges,2.0,10,1.1479300841760458,0.01873817422860384,0.13955234027332428,0.9911111111111112,"[0, 6, 9, 14, 17, 18, 21, 22, 23, 29]",10,1.0,0.5,0.5,455.4708442687988
7,30,150,5,0.2,1.0,61.26157597700898,bootstrap_l1,2.0,10,26.518673810740445,0.4328761281083057,0.188998477819811,0.9875555555555555,"[0, 6, 9, 14, 22, 26, 29]",7,0.4,0.2857142857142857,0.7142857142857143,464.26957869529724
