seed,p,n,k_star,p_edge,noise_scale,mu_scale,q_source,K_multiplier,K,mu_star,mu_star_relative,log_loss_star,auc_star,support,k_actual,S_recall,S_precision,C_inclusion,fit_seconds
3,30,300,5,0.2,2.0,178.11681388131308,oracle,2.0,10,1.7811681388131309,0.01,0.09377319442573925,0.9966666666666667,"[1, 3, 4, 7, 8, 15, 16, 20, 21, 23]",10,1.0,0.5,0.5,501.443475484848
3,30,300,5,0.2,2.0,178.11681388131308,uniform,2.0,10,0.0,0.0,0.08375765280238118,0.9955555555555555,"[1, 4, 5, 6, 7, 15, 16, 23, 25, 28]",10,0.8,0.4,0.6,538.1814391613007
3,30,300,5,0.2,2.0,178.11681388131308,adversarial,2.0,10,0.0,0.0,0.061771883820219496,0.9982222222222223,"[1, 4, 5, 6, 7, 15, 16, 23, 25, 28]",10,0.8,0.4,0.6,507.5494544506073
3,30,300,5,0.2,2.0,178.11681388131308,pc,2.0,10,6.254022846248013,0.03511191734215131,0.08556795914749105,0.9953333333333333,"[1, 3, 5, 6, 10, 15, 16, 24, 25]",9,0.8,0.4444444444444444,0.5555555555555556,570.0084095001221
3,30,300,5,0.2,2.0,178.11681388131308,ges,2.0,10,21.95907332333861,0.12328467394420659,0.06460567513984727,0.9973333333333333,"[1, 3, 5, 15, 16, 20, 24, 25, 28]",9,0.8,0.4444444444444444,0.5555555555555556,587.5848867893219
3,30,300,5,0.2,2.0,178.11681388131308,bootstrap_l1,2.0,10,1.7811681388131309,0.01,0.07070870549991334,0.9973333333333333,"[1, 3, 4, 5, 6, 15, 16, 23, 24, 25]",10,0.8,0.4,0.6,567.7204735279083
