seed,p,n,k_star,p_edge,noise_scale,mu_scale,q_source,K_multiplier,K,mu_star,mu_star_relative,log_loss_star,auc_star,support,k_actual,S_recall,S_precision,C_inclusion,fit_seconds
2,30,500,5,0.2,1.0,259.9674919100223,oracle,2.0,10,2.5996749191002233,0.01,0.0789861823929558,0.99672,"[2, 8, 10, 12, 13, 14, 19, 20, 28, 29]",10,1.0,0.5,0.5,592.9181861877441
2,30,500,5,0.2,1.0,259.9674919100223,uniform,2.0,10,0.0,0.0,0.08566008949547317,0.99584,"[2, 8, 10, 12, 13, 14, 19, 20, 28, 29]",10,1.0,0.5,0.5,658.1799302101135
2,30,500,5,0.2,1.0,259.9674919100223,adversarial,2.0,10,0.0,0.0,0.07105596420540923,0.99648,"[2, 8, 10, 12, 13, 14, 19, 20, 28, 29]",10,1.0,0.5,0.5,614.1209824085236
2,30,500,5,0.2,1.0,259.9674919100223,pc,2.0,10,2.5996749191002233,0.01,0.07795990510441819,0.99688,"[2, 8, 10, 11, 12, 14, 19, 28, 29]",9,1.0,0.5555555555555556,0.4444444444444444,561.0563952922821
2,30,500,5,0.2,1.0,259.9674919100223,ges,2.0,10,17.10412502585012,0.0657933224657568,0.07145776904901524,0.99856,"[2, 8, 10, 11, 14, 19, 28, 29]",8,1.0,0.625,0.375,591.1072432994843
2,30,500,5,0.2,1.0,259.9674919100223,bootstrap_l1,2.0,10,4.871316157183157,0.01873817422860384,0.07747601786711447,0.9962399999999999,"[2, 8, 10, 11, 12, 14, 19, 28, 29]",9,1.0,0.5555555555555556,0.4444444444444444,620.6087372303009
