seed,p,n,k_star,p_edge,noise_scale,mu_scale,q_source,K_multiplier,K,mu_star,mu_star_relative,log_loss_star,auc_star,support,k_actual,S_recall,S_precision,C_inclusion,fit_seconds
11,30,300,5,0.4,1.0,839.9724338333376,oracle,2.0,10,0.0,0.0,0.1136816093045198,0.9962222222222223,"[1, 9, 11, 16, 24, 26]",6,0.2,0.16666666666666666,0.8333333333333334,597.791506767273
11,30,300,5,0.4,1.0,839.9724338333376,uniform,2.0,10,0.0,0.0,0.13883692627223562,0.9906666666666666,"[1, 9, 11, 16, 24, 26]",6,0.2,0.16666666666666666,0.8333333333333334,604.6924960613251
11,30,300,5,0.4,1.0,839.9724338333376,adversarial,2.0,10,0.0,0.0,0.07597154158589088,0.9991111111111112,"[1, 9, 11, 16, 24, 26]",6,0.2,0.16666666666666666,0.8333333333333334,602.441792011261
11,30,300,5,0.4,1.0,839.9724338333376,pc,2.0,10,103.55572762726467,0.12328467394420659,0.1157368050629243,0.992,"[1, 5, 11, 14, 16, 20]",6,0.0,0.0,1.0,542.8235976696014
11,30,300,5,0.4,1.0,839.9724338333376,ges,2.0,10,8.399724338333376,0.01,0.022253146138870573,0.9997777777777778,"[0, 2, 4, 8, 9, 16, 18, 26, 28]",9,0.8,0.4444444444444444,0.5555555555555556,568.0067384243011
11,30,300,5,0.4,1.0,839.9724338333376,bootstrap_l1,2.0,10,8.399724338333376,0.01,0.05238527238705393,0.9984444444444446,"[8, 9, 11, 14, 26]",5,0.4,0.4,0.6,588.8383915424347
