seed,p,n,k_star,p_edge,noise_scale,mu_scale,q_source,K_multiplier,K,mu_star,mu_star_relative,log_loss_star,auc_star,support,k_actual,S_recall,S_precision,C_inclusion,fit_seconds
7,30,300,5,0.6,1.0,323.0899011839391,oracle,2.0,10,3.230899011839391,0.01,0.3441992251845985,0.947111111111111,"[6, 21, 23]",3,0.4,0.6666666666666666,0.3333333333333333,564.409830570221
7,30,300,5,0.6,1.0,323.0899011839391,uniform,2.0,10,0.0,0.0,0.8806451993122577,0.8262222222222222,"[3, 15, 19, 21]",4,0.0,0.0,1.0,611.5532529354095
7,30,300,5,0.6,1.0,323.0899011839391,adversarial,2.0,10,0.0,0.0,0.9094907615481554,0.8304444444444445,"[3, 15, 19, 21]",4,0.0,0.0,1.0,587.3268013000488
7,30,300,5,0.6,1.0,323.0899011839391,pc,2.0,10,74.63795765219508,0.23101297000831594,0.45751591689155563,0.9477777777777778,"[0, 1, 3, 4, 6, 19, 21, 25]",8,0.2,0.125,0.875,539.4980907440186
7,30,300,5,0.6,1.0,323.0899011839391,ges,2.0,10,6.054114859887049,0.01873817422860384,0.5571424331725947,0.858,"[3, 19]",2,0.0,0.0,1.0,604.6110954284668
7,30,300,5,0.6,1.0,323.0899011839391,bootstrap_l1,2.0,10,39.83203312212786,0.1232846739442066,0.5646675584561207,0.9671111111111111,"[0, 1, 3, 4, 7, 15, 21, 25]",8,0.0,0.0,1.0,547.4823858737946
