seed,p,n,k_star,p_edge,noise_scale,mu_scale,q_source,K_multiplier,K,mu_star,mu_star_relative,log_loss_star,auc_star,support,k_actual,S_recall,S_precision,C_inclusion,fit_seconds
4,30,300,5,0.6,1.0,6046.412035902706,oracle,2.0,10,60.464120359027056,0.01,0.03243682763813544,0.9988888888888889,"[8, 24, 26, 27]",4,0.4,0.5,0.5,644.9836480617523
4,30,300,5,0.6,1.0,6046.412035902706,uniform,2.0,10,0.0,0.0,0.036007219706697305,1.0,"[8, 13, 14, 24, 26]",5,0.2,0.2,0.8,647.6731169223785
4,30,300,5,0.6,1.0,6046.412035902706,adversarial,2.0,10,60.464120359027056,0.01,0.031674111752298645,0.9995555555555555,"[5, 13, 14, 24, 26]",5,0.0,0.0,1.0,615.7536432743073
4,30,300,5,0.6,1.0,6046.412035902706,pc,2.0,10,0.0,0.0,0.043427836542880814,0.9984444444444444,"[8, 13, 14, 24, 26]",5,0.2,0.2,0.8,559.3686273097992
4,30,300,5,0.6,1.0,6046.412035902706,ges,2.0,10,0.0,0.0,0.047580602510429906,0.9986666666666666,"[8, 13, 14, 24, 26]",5,0.2,0.2,0.8,636.9924607276917
4,30,300,5,0.6,1.0,6046.412035902706,bootstrap_l1,2.0,10,397.81353683897976,0.0657933224657568,0.026066894609638264,1.0,"[5, 8, 13, 14, 24, 26]",6,0.2,0.16666666666666666,0.8333333333333334,606.6028308868408
