seed,p,n,k_star,p_edge,noise_scale,mu_scale,q_source,K_multiplier,K,mu_star,mu_star_relative,log_loss_star,auc_star,support,k_actual,S_recall,S_precision,C_inclusion,fit_seconds
12,30,300,5,0.5,1.0,1008.6039860749539,oracle,2.0,10,0.0,0.0,0.09079278762934503,0.9953333333333333,"[0, 5, 11, 13, 17, 21, 25]",7,0.6,0.42857142857142855,0.5714285714285714,547.505621433258
12,30,300,5,0.5,1.0,1008.6039860749539,uniform,2.0,10,0.0,0.0,0.09799807904445976,0.9962222222222223,"[0, 5, 11, 13, 17, 21, 25]",7,0.6,0.42857142857142855,0.5714285714285714,626.6226921081543
12,30,300,5,0.5,1.0,1008.6039860749539,adversarial,2.0,10,0.0,0.0,0.13571551965930234,0.9911111111111112,"[0, 5, 11, 13, 17, 21, 25]",7,0.6,0.42857142857142855,0.5714285714285714,629.3270399570465
12,30,300,5,0.5,1.0,1008.6039860749539,pc,2.0,10,0.0,0.0,0.0866431785798938,0.9946666666666666,"[0, 5, 11, 13, 17, 21, 25]",7,0.6,0.42857142857142855,0.5714285714285714,603.8314576148987
12,30,300,5,0.5,1.0,1008.6039860749539,ges,2.0,10,0.0,0.0,0.10310356142657025,0.9964444444444446,"[0, 5, 11, 13, 17, 21, 25]",7,0.6,0.42857142857142855,0.5714285714285714,600.2526273727417
12,30,300,5,0.5,1.0,1008.6039860749539,bootstrap_l1,2.0,10,18.89939721873681,0.01873817422860384,0.07965245749404276,0.9977777777777778,"[0, 5, 11, 13, 21, 25, 27]",7,0.6,0.42857142857142855,0.5714285714285714,629.9513993263245
