seed,p,n,k_star,p_edge,noise_scale,mu_scale,q_source,K_multiplier,K,mu_star,mu_star_relative,log_loss_star,auc_star,support,k_actual,S_recall,S_precision,C_inclusion,fit_seconds
3,30,300,5,0.1,1.0,44.485001098932514,oracle,2.0,10,0.0,0.0,0.17911295071226757,0.9837777777777778,"[1, 3, 7, 10, 15, 16, 24, 27, 28, 29]",10,1.0,0.5,0.4,469.12084579467773
3,30,300,5,0.1,1.0,44.485001098932514,uniform,2.0,10,0.0,0.0,0.14717078921059987,0.9875555555555555,"[1, 3, 7, 10, 15, 16, 24, 27, 28, 29]",10,1.0,0.5,0.4,490.4972426891327
3,30,300,5,0.1,1.0,44.485001098932514,adversarial,2.0,10,0.44485001098932514,0.01,0.1456692319381849,0.9879999999999999,"[1, 3, 7, 15, 16, 18, 24, 27, 28, 29]",10,1.0,0.5,0.4,466.49143528938293
3,30,300,5,0.1,1.0,44.485001098932514,pc,2.0,10,237.40307116488486,5.336699231206307,0.12692178888846023,0.9926666666666666,"[1, 3, 7, 11, 15, 16, 25]",7,1.0,0.7142857142857143,0.2857142857142857,493.99906277656555
3,30,300,5,0.1,1.0,44.485001098932514,ges,2.0,10,36.08315589905726,0.8111308307896868,0.14820287321569142,0.9893333333333334,"[1, 3, 7, 10, 11, 15, 16, 24, 29]",9,1.0,0.5555555555555556,0.4444444444444444,473.89223551750183
3,30,300,5,0.1,1.0,44.485001098932514,bootstrap_l1,2.0,10,126.69487873716574,2.848035868435799,0.12408812385368659,0.9915555555555556,"[1, 3, 7, 13, 15, 16, 17, 25, 28, 29]",10,1.0,0.5,0.3,487.32285618782043
