seed,p,n,k_star,p_edge,noise_scale,mu_scale,q_source,K_multiplier,K,mu_star,mu_star_relative,log_loss_star,auc_star,support,k_actual,S_recall,S_precision,C_inclusion,fit_seconds
2,30,300,5,0.7,1.0,22828.906867254096,oracle,2.0,10,228.28906867254096,0.01,0.05154534668933049,0.9982222222222223,"[2, 8, 13, 15, 22, 29]",6,0.6,0.5,0.5,570.1681876182556
2,30,300,5,0.7,1.0,22828.906867254096,uniform,2.0,10,0.0,0.0,0.12743812499308216,0.9913333333333332,"[8, 11, 13, 15]",4,0.2,0.25,0.75,661.136236667633
2,30,300,5,0.7,1.0,22828.906867254096,adversarial,2.0,10,228.28906867254096,0.01,0.10043907131864353,0.9955555555555555,"[11, 13, 15]",3,0.0,0.0,1.0,649.8025817871094
2,30,300,5,0.7,1.0,22828.906867254096,pc,2.0,10,0.0,0.0,0.1378498653192536,0.9884444444444445,"[8, 11, 13, 15]",4,0.2,0.25,0.75,642.7225017547607
2,30,300,5,0.7,1.0,22828.906867254096,ges,2.0,10,228.28906867254096,0.01,0.09041324651212737,0.9955555555555555,"[2, 15]",2,0.2,0.5,0.5,667.3430669307709
2,30,300,5,0.7,1.0,22828.906867254096,bootstrap_l1,2.0,10,228.28906867254096,0.01,0.10760832475465254,0.9915555555555555,"[8, 11, 13, 15, 24]",5,0.2,0.2,0.8,651.6635751724243
