seed,p,n,k_star,p_edge,noise_scale,mu_scale,q_source,K_multiplier,K,mu_star,mu_star_relative,log_loss_star,auc_star,support,k_actual,S_recall,S_precision,C_inclusion,fit_seconds
4,50,300,5,0.2,1.0,426.17974811138043,oracle,2.0,10,4.261797481113804,0.01,0.3574528081513179,0.9422222222222223,"[5, 21, 30, 32, 40]",5,0.4,0.4,0.6,611.3964495658875
4,50,300,5,0.2,1.0,426.17974811138043,uniform,2.0,10,0.0,0.0,0.3239171681839865,0.9504444444444445,"[5, 11, 17, 30, 40]",5,0.2,0.2,0.8,628.9335691928864
4,50,300,5,0.2,1.0,426.17974811138043,adversarial,2.0,10,0.0,0.0,0.35337150895320724,0.9397777777777778,"[5, 11, 17, 30, 40]",5,0.2,0.2,0.8,625.2262234687805
4,50,300,5,0.2,1.0,426.17974811138043,pc,2.0,10,184.4830392406274,0.4328761281083057,0.2640725649044007,0.9626666666666667,"[1, 5, 11, 30, 36, 40]",6,0.2,0.16666666666666666,0.8333333333333334,719.2099950313568
4,50,300,5,0.2,1.0,426.17974811138043,ges,2.0,10,4.261797481113804,0.01,0.05171541159924724,0.9984444444444446,"[14, 16, 19, 21, 30, 36, 43, 44, 48]",9,0.8,0.4444444444444444,0.5555555555555556,719.332437992096
4,50,300,5,0.2,1.0,426.17974811138043,bootstrap_l1,2.0,10,52.54143128753563,0.12328467394420659,0.044946559914593634,0.9995555555555555,"[11, 16, 17, 23, 24, 30, 34, 45, 48]",9,0.4,0.2222222222222222,0.7777777777777778,659.2157733440399
