seed,p,n,k_star,p_edge,noise_scale,mu_scale,q_source,K_multiplier,K,mu_star,mu_star_relative,log_loss_star,auc_star,support,k_actual,S_recall,S_precision,C_inclusion,fit_seconds
9,30,100,5,0.2,1.0,139.50863411233604,oracle,2.0,10,0.0,0.0,0.10559034939766601,0.998,"[0, 2, 5, 6, 14, 18, 21, 26, 29]",9,0.6,0.3333333333333333,0.6666666666666666,495.82814049720764
9,30,100,5,0.2,1.0,139.50863411233604,uniform,2.0,10,0.0,0.0,0.14778275073716865,0.994,"[0, 2, 5, 6, 14, 18, 21, 26, 29]",9,0.6,0.3333333333333333,0.6666666666666666,472.9728808403015
9,30,100,5,0.2,1.0,139.50863411233604,adversarial,2.0,10,0.0,0.0,0.05293608367441823,0.998,"[0, 2, 5, 6, 14, 18, 21, 26, 29]",9,0.6,0.3333333333333333,0.6666666666666666,464.16390442848206
9,30,100,5,0.2,1.0,139.50863411233604,pc,2.0,10,0.0,0.0,0.20507099299819903,0.9860000000000001,"[0, 2, 5, 6, 14, 18, 21, 26, 29]",9,0.6,0.3333333333333333,0.6666666666666666,440.5794470310211
9,30,100,5,0.2,1.0,139.50863411233604,ges,2.0,10,9.178736550910203,0.0657933224657568,0.0895805174022416,0.9960000000000001,"[0, 2, 3, 5, 13, 14, 18, 26]",8,0.4,0.25,0.75,474.0423903465271
9,30,100,5,0.2,1.0,139.50863411233604,bootstrap_l1,2.0,10,17.199276468940965,0.12328467394420659,0.13518181635892995,1.0,"[0, 1, 5, 6, 8, 18, 21, 26]",8,0.4,0.25,0.75,460.02079486846924
