seed,p,n,k_star,p_edge,noise_scale,mu_scale,q_source,K_multiplier,K,mu_star,mu_star_relative,log_loss_star,auc_star,support,k_actual,S_recall,S_precision,C_inclusion,fit_seconds
3,50,300,5,0.2,1.0,2713.5472059239723,oracle,2.0,10,27.135472059239724,0.01,0.14904553980815866,0.9864444444444445,"[10, 21]",2,0.2,0.5,0.5,719.3509757518768
3,50,300,5,0.2,1.0,2713.5472059239723,uniform,2.0,10,0.0,0.0,0.14451515846233903,0.9880000000000001,"[8, 10, 19, 21, 26, 41]",6,0.2,0.16666666666666666,0.8333333333333334,674.0216116905212
3,50,300,5,0.2,1.0,2713.5472059239723,adversarial,2.0,10,27.135472059239724,0.01,0.1308142359711529,0.9951111111111113,"[10, 20, 41]",3,0.0,0.0,1.0,728.6733684539795
3,50,300,5,0.2,1.0,2713.5472059239723,pc,2.0,10,27.135472059239724,0.01,0.10153830677995845,0.9937777777777779,"[19, 21, 24, 26, 41]",5,0.2,0.2,0.8,678.8517806529999
3,50,300,5,0.2,1.0,2713.5472059239723,ges,2.0,10,95.27784519842815,0.03511191734215131,0.023406004094097408,0.9995555555555555,"[14, 21, 26, 33, 48]",5,0.6,0.6,0.4,831.6118261814117
3,50,300,5,0.2,1.0,2713.5472059239723,bootstrap_l1,2.0,10,95.27784519842815,0.03511191734215131,0.1127317429995146,0.9926666666666666,"[8, 10, 19, 21, 24, 41]",6,0.2,0.16666666666666666,0.8333333333333334,681.4476647377014
