seed,p,n,k_star,p_edge,noise_scale,mu_scale,q_source,K_multiplier,K,mu_star,mu_star_relative,log_loss_star,auc_star,support,k_actual,S_recall,S_precision,C_inclusion,fit_seconds
0,30,300,5,0.7,1.0,5340.510515648499,oracle,2.0,10,0.0,0.0,0.21595670823677326,0.9866666666666667,"[0, 15, 18, 21]",4,0.2,0.25,0.75,618.0302877426147
0,30,300,5,0.7,1.0,5340.510515648499,uniform,2.0,10,0.0,0.0,0.19840596297019938,0.9842222222222222,"[0, 15, 18, 21]",4,0.2,0.25,0.75,643.3983175754547
0,30,300,5,0.7,1.0,5340.510515648499,adversarial,2.0,10,53.405105156484986,0.01,0.1767991343426642,0.9891111111111112,"[0, 15, 18]",3,0.0,0.0,1.0,658.1512732505798
0,30,300,5,0.7,1.0,5340.510515648499,pc,2.0,10,351.36993048782676,0.0657933224657568,0.23622498895422636,0.9806666666666667,"[0, 15, 18, 21]",4,0.2,0.25,0.75,675.1425549983978
0,30,300,5,0.7,1.0,5340.510515648499,ges,2.0,10,0.0,0.0,0.35695834174841423,0.9457777777777778,"[0, 15, 18, 21]",4,0.2,0.25,0.75,606.2126741409302
0,30,300,5,0.7,1.0,5340.510515648499,bootstrap_l1,2.0,10,187.51556379033994,0.03511191734215131,0.14083907911354646,0.9917777777777778,"[0, 15, 18, 21]",4,0.2,0.25,0.75,679.7346701622009
