seed,p,n,k_star,p_edge,noise_scale,mu_scale,q_source,K_multiplier,K,mu_star,mu_star_relative,log_loss_star,auc_star,support,k_actual,S_recall,S_precision,C_inclusion,fit_seconds
3,30,1000,5,0.2,1.0,421.63662696009453,oracle,2.0,10,14.804470394246325,0.03511191734215131,0.0736724341055047,0.99696,"[1, 3, 7, 9, 15, 16, 23, 24, 27, 28]",10,1.0,0.5,0.5,710.6239573955536
3,30,1000,5,0.2,1.0,421.63662696009453,uniform,2.0,10,0.0,0.0,0.08980769635222843,0.99536,"[1, 3, 7, 9, 13, 15, 16, 20, 24, 28]",10,1.0,0.5,0.5,746.4699716567993
3,30,1000,5,0.2,1.0,421.63662696009453,adversarial,2.0,10,0.0,0.0,0.08824570199925875,0.9952399999999999,"[1, 3, 7, 9, 13, 15, 16, 20, 24, 28]",10,1.0,0.5,0.5,643.397697687149
3,30,1000,5,0.2,1.0,421.63662696009453,pc,2.0,10,4.216366269600945,0.009999999999999998,0.07814776528738851,0.99652,"[1, 4, 5, 6, 7, 15, 16, 28]",8,0.8,0.5,0.5,766.4126510620117
3,30,1000,5,0.2,1.0,421.63662696009453,ges,2.0,10,0.0,0.0,0.08730428105412504,0.99526,"[1, 3, 7, 9, 13, 15, 16, 20, 24, 28]",10,1.0,0.5,0.5,737.7247216701508
3,30,1000,5,0.2,1.0,421.63662696009453,bootstrap_l1,2.0,10,1200.8362370286338,2.848035868435799,0.06592644432428155,0.99792,"[1, 3, 4, 6, 7, 15, 16, 20, 28]",9,1.0,0.5555555555555556,0.4444444444444444,690.28329205513
