seed,p,n,k_star,p_edge,noise_scale,mu_scale,q_source,K_multiplier,K,mu_star,mu_star_relative,log_loss_star,auc_star,support,k_actual,S_recall,S_precision,C_inclusion,fit_seconds
1,20,300,5,0.2,1.0,98.59696739802362,oracle,2.0,10,0.9859696739802363,0.01,0.13991237222298467,0.9897777777777778,"[4, 5, 6, 8, 9, 11, 14, 15, 19]",9,1.0,0.5555555555555556,0.4444444444444444,447.8128836154938
1,20,300,5,0.2,1.0,98.59696739802362,uniform,2.0,10,0.0,0.0,0.17226078210905488,0.9888888888888889,"[4, 5, 6, 8, 9, 11, 14, 15, 19]",9,1.0,0.5555555555555556,0.4444444444444444,434.2663013935089
1,20,300,5,0.2,1.0,98.59696739802362,adversarial,2.0,10,6.487022070163878,0.0657933224657568,0.1288875977206703,0.9899999999999999,"[1, 4, 6, 8, 10, 11, 15, 17, 19]",9,0.6,0.3333333333333333,0.6666666666666666,482.57697558403015
1,20,300,5,0.2,1.0,98.59696739802362,pc,2.0,10,1.8475271535161393,0.01873817422860384,0.1288066846475305,0.9922222222222222,"[4, 5, 6, 8, 9, 11, 14, 15, 19]",9,1.0,0.5555555555555556,0.4444444444444444,451.9692940711975
1,20,300,5,0.2,1.0,98.59696739802362,ges,2.0,10,0.9859696739802363,0.01,0.13667894398725194,0.9915555555555556,"[4, 5, 6, 8, 9, 11, 14, 15, 19]",9,1.0,0.5555555555555556,0.4444444444444444,450.4310522079468
1,20,300,5,0.2,1.0,98.59696739802362,bootstrap_l1,2.0,10,1.8475271535161393,0.01873817422860384,0.14405511031884108,0.986,"[4, 5, 6, 8, 9, 11, 14, 15, 19]",9,1.0,0.5555555555555556,0.4444444444444444,459.13536071777344
