seed,p,n,k_star,p_edge,noise_scale,mu_scale,q_source,K_multiplier,K,mu_star,mu_star_relative,log_loss_star,auc_star,support,k_actual,S_recall,S_precision,C_inclusion,fit_seconds
8,30,300,5,0.5,1.0,4167.262326677218,oracle,2.0,10,0.0,0.0,0.026776140259470928,1.0,"[3, 5, 11, 26, 27]",5,0.4,0.4,0.6,612.9763557910919
8,30,300,5,0.5,1.0,4167.262326677218,uniform,2.0,10,0.0,0.0,0.029974252681532386,0.9993333333333332,"[3, 5, 11, 26, 27]",5,0.4,0.4,0.6,645.8450975418091
8,30,300,5,0.5,1.0,4167.262326677218,adversarial,2.0,10,0.0,0.0,0.02871137422615482,0.9997777777777778,"[3, 5, 11, 26, 27]",5,0.4,0.4,0.6,650.7280657291412
8,30,300,5,0.5,1.0,4167.262326677218,pc,2.0,10,0.0,0.0,0.029458917794885138,0.9995555555555555,"[3, 5, 11, 26, 27]",5,0.4,0.4,0.6,651.3795983791351
8,30,300,5,0.5,1.0,4167.262326677218,ges,2.0,10,0.0,0.0,0.017834667233184488,1.0,"[3, 5, 11, 26, 27]",5,0.4,0.4,0.6,662.7090256214142
8,30,300,5,0.5,1.0,4167.262326677218,bootstrap_l1,2.0,10,78.08688753357472,0.01873817422860384,0.022175592025112385,1.0,"[3, 11, 19, 27]",4,0.0,0.0,1.0,650.5668704509735
