seed,p,n,k_star,p_edge,noise_scale,mu_scale,q_source,K_multiplier,K,mu_star,mu_star_relative,log_loss_star,auc_star,support,k_actual,S_recall,S_precision,C_inclusion,fit_seconds
9,30,300,5,0.7,1.0,16481.8077678356,oracle,2.0,10,164.818077678356,0.01,0.06388883778138904,0.9984444444444444,"[8, 17, 20, 21, 22]",5,0.2,0.2,0.8,559.6538863182068
9,30,300,5,0.7,1.0,16481.8077678356,uniform,2.0,10,0.0,0.0,0.058147996810235615,0.9993333333333334,"[8, 13, 17, 20, 21, 22]",6,0.2,0.16666666666666666,0.8333333333333334,633.8702313899994
9,30,300,5,0.7,1.0,16481.8077678356,adversarial,2.0,10,0.0,0.0,0.05740904901902556,0.9997777777777778,"[8, 13, 17, 20, 21, 22]",6,0.2,0.16666666666666666,0.8333333333333334,641.0678813457489
9,30,300,5,0.7,1.0,16481.8077678356,pc,2.0,10,164.818077678356,0.01,0.03964954668348501,0.9975555555555555,"[0, 8, 13, 20, 21, 22]",6,0.2,0.16666666666666666,0.8333333333333334,310.41084718704224
9,30,300,5,0.7,1.0,16481.8077678356,ges,2.0,10,164.818077678356,0.01,0.045880305174085936,0.9997777777777778,"[1, 20, 29]",3,0.4,0.6666666666666666,0.3333333333333333,326.5518591403961
9,30,300,5,0.7,1.0,16481.8077678356,bootstrap_l1,2.0,10,164.818077678356,0.01,0.01432505493245762,1.0,"[8, 13, 20, 21, 27, 28]",6,0.2,0.16666666666666666,0.8333333333333334,309.38301968574524
