seed,p,n,k_star,p_edge,noise_scale,mu_scale,q_source,K_multiplier,K,mu_star,mu_star_relative,log_loss_star,auc_star,support,k_actual,S_recall,S_precision,C_inclusion,fit_seconds
1,30,300,7,0.2,1.0,114.99684669409663,oracle,2.0,14,1.1499684669409664,0.01,0.06029953064381503,0.9979999999999999,"[0, 1, 2, 5, 6, 7, 8, 13, 15, 16, 18, 27, 28]",13,1.0,0.5384615384615384,0.38461538461538464,948.196483373642
1,30,300,7,0.2,1.0,114.99684669409663,uniform,2.0,14,0.0,0.0,0.10923402699380351,0.9953333333333333,"[0, 1, 2, 5, 13, 15, 16, 18, 22, 25, 27]",11,0.8571428571428571,0.5454545454545454,0.36363636363636365,907.7769796848297
1,30,300,7,0.2,1.0,114.99684669409663,adversarial,2.0,14,0.0,0.0,0.07040232812135436,0.9982222222222223,"[0, 1, 2, 5, 13, 15, 16, 18, 22, 25, 27]",11,0.8571428571428571,0.5454545454545454,0.36363636363636365,924.892566204071
1,30,300,7,0.2,1.0,114.99684669409663,pc,2.0,14,93.27748779717686,0.8111308307896868,0.0633932328385289,0.9982222222222223,"[0, 1, 2, 3, 5, 6, 8, 12, 13, 15, 16, 18, 24]",13,0.7142857142857143,0.38461538461538464,0.5384615384615384,980.6550650596619
1,30,300,7,0.2,1.0,114.99684669409663,ges,2.0,14,14.177348749293614,0.12328467394420659,0.052103003523131554,0.9988888888888889,"[1, 2, 5, 6, 7, 13, 15, 16, 18, 27]",10,1.0,0.7,0.3,1076.1054072380066
1,30,300,7,0.2,1.0,114.99684669409663,bootstrap_l1,2.0,14,2.1548309490940283,0.01873817422860384,0.04837952422914897,0.9991111111111112,"[0, 1, 2, 5, 13, 15, 16, 18, 27]",9,0.8571428571428571,0.6666666666666666,0.2222222222222222,1049.8354535102844
