seed,p,n,k_star,p_edge,noise_scale,mu_scale,q_source,K_multiplier,K,mu_star,mu_star_relative,log_loss_star,auc_star,support,k_actual,S_recall,S_precision,C_inclusion,fit_seconds
0,30,300,7,0.2,1.0,149.49599369201104,oracle,2.0,14,0.0,0.0,0.10597319844804567,0.9957777777777779,"[2, 3, 7, 8, 10, 14, 17, 21, 22, 23, 25]",11,1.0,0.6363636363636364,0.36363636363636365,1019.198536157608
0,30,300,7,0.2,1.0,149.49599369201104,uniform,2.0,14,0.0,0.0,0.08822277013848692,0.9968888888888889,"[2, 3, 7, 8, 10, 14, 17, 21, 22, 23, 25]",11,1.0,0.6363636363636364,0.36363636363636365,1015.2085275650024
0,30,300,7,0.2,1.0,149.49599369201104,adversarial,2.0,14,0.0,0.0,0.07251082856011064,0.9977777777777778,"[2, 3, 7, 8, 10, 14, 17, 21, 22, 23, 25]",11,1.0,0.6363636363636364,0.36363636363636365,994.294691324234
0,30,300,7,0.2,1.0,149.49599369201104,pc,2.0,14,18.430564838284745,0.12328467394420659,0.08689870060945871,0.9951111111111111,"[7, 8, 10, 11, 12, 14, 17, 18, 20, 21, 22, 23, 25]",13,0.8571428571428571,0.46153846153846156,0.5384615384615384,1005.9034759998322
0,30,300,7,0.2,1.0,149.49599369201104,ges,2.0,14,2.8012819762791636,0.01873817422860384,0.07327306389585406,0.9966666666666667,"[2, 7, 10, 12, 14, 17, 21, 22, 23, 25]",10,1.0,0.7,0.3,1055.664484500885
0,30,300,7,0.2,1.0,149.49599369201104,bootstrap_l1,2.0,14,9.835838120317225,0.0657933224657568,0.05737331161408099,0.9982222222222223,"[2, 3, 7, 8, 10, 11, 14, 17, 20, 21, 22, 23, 25]",13,1.0,0.5384615384615384,0.46153846153846156,1093.1964271068573
