seed,p,n,k_star,p_edge,noise_scale,mu_scale,q_source,K_multiplier,K,mu_star,mu_star_relative,log_loss_star,auc_star,support,k_actual,S_recall,S_precision,C_inclusion,fit_seconds
17,30,300,5,0.4,1.0,2043.0558077223436,oracle,2.0,10,0.0,0.0,0.15542543362453395,0.9884444444444445,"[3, 6, 15, 17, 25]",5,0.2,0.2,0.8,563.2400054931641
17,30,300,5,0.4,1.0,2043.0558077223436,uniform,2.0,10,0.0,0.0,0.04740908066431595,0.9977777777777778,"[3, 6, 15, 17, 25]",5,0.2,0.2,0.8,594.5276291370392
17,30,300,5,0.4,1.0,2043.0558077223436,adversarial,2.0,10,20.430558077223438,0.01,0.051207039601644265,0.9968888888888889,"[3, 17, 20, 25]",4,0.0,0.0,1.0,610.9063103199005
17,30,300,5,0.4,1.0,2043.0558077223436,pc,2.0,10,71.73560664614911,0.03511191734215131,0.09435892084407549,0.9915555555555556,"[6, 7, 13, 17, 25, 27]",6,0.4,0.3333333333333333,0.6666666666666666,557.8743438720703
17,30,300,5,0.4,1.0,2043.0558077223436,ges,2.0,10,38.28313568386222,0.01873817422860384,0.04922870034154234,0.9964444444444445,"[4, 6, 13, 22, 25, 27]",6,0.8,0.6666666666666666,0.3333333333333333,565.7219231128693
17,30,300,5,0.4,1.0,2043.0558077223436,bootstrap_l1,2.0,10,0.0,0.0,0.06478836433631516,0.9942222222222222,"[3, 6, 15, 17, 25]",5,0.2,0.2,0.8,635.7249438762665
