seed,p,n,k_star,p_edge,noise_scale,mu_scale,q_source,K_multiplier,K,mu_star,mu_star_relative,log_loss_star,auc_star,support,k_actual,S_recall,S_precision,C_inclusion,fit_seconds
17,30,300,5,0.7,1.0,6124.441999942144,oracle,2.0,10,61.244419999421446,0.01,0.09105789062494216,0.9935555555555556,"[4, 6, 12, 16, 22, 26, 27, 29]",8,1.0,0.625,0.375,599.001838684082
17,30,300,5,0.7,1.0,6124.441999942144,uniform,2.0,10,0.0,0.0,0.05728755754877091,0.9984444444444444,"[1, 12, 15, 16]",4,0.0,0.0,1.0,639.6464953422546
17,30,300,5,0.7,1.0,6124.441999942144,adversarial,2.0,10,61.244419999421446,0.01,0.041954125567216616,0.9986666666666666,"[1, 12, 16, 29]",4,0.0,0.0,1.0,629.4658546447754
17,30,300,5,0.7,1.0,6124.441999942144,pc,2.0,10,61.244419999421446,0.01,0.058884008562373705,0.9993333333333332,"[1, 12, 16, 29]",4,0.0,0.0,1.0,583.1454095840454
17,30,300,5,0.7,1.0,6124.441999942144,ges,2.0,10,0.0,0.0,0.0631976738406451,0.9988888888888889,"[1, 12, 15, 16]",4,0.0,0.0,1.0,678.8600289821625
17,30,300,5,0.7,1.0,6124.441999942144,bootstrap_l1,2.0,10,61.244419999421446,0.01,0.02063365684380978,0.9995555555555555,"[1, 12, 16, 20, 27, 29]",6,0.2,0.16666666666666666,0.8333333333333334,667.2624838352203
