seed,p,n,k_star,p_edge,noise_scale,mu_scale,q_source,K_multiplier,K,mu_star,mu_star_relative,log_loss_star,auc_star,support,k_actual,S_recall,S_precision,C_inclusion,fit_seconds
6,30,200,5,0.2,1.0,375.5548956106161,oracle,2.0,10,0.0,0.0,0.14577716833234738,0.991,"[3, 8, 9, 10, 14, 21, 23]",7,0.4,0.2857142857142857,0.7142857142857143,535.2325615882874
6,30,200,5,0.2,1.0,375.5548956106161,uniform,2.0,10,0.0,0.0,0.20161692999451022,0.9875,"[3, 8, 9, 10, 14, 21, 23]",7,0.4,0.2857142857142857,0.7142857142857143,514.4749748706818
6,30,200,5,0.2,1.0,375.5548956106161,adversarial,2.0,10,0.0,0.0,0.13926600807016548,0.9925,"[3, 8, 9, 10, 14, 21, 23]",7,0.4,0.2857142857142857,0.7142857142857143,544.690687417984
6,30,200,5,0.2,1.0,375.5548956106161,pc,2.0,10,7.037213066356852,0.01873817422860384,0.14201004353239832,0.9890000000000001,"[3, 8, 10, 14, 21, 23]",6,0.4,0.3333333333333333,0.6666666666666666,594.356556892395
6,30,200,5,0.2,1.0,375.5548956106161,ges,2.0,10,3.755548956106161,0.01,0.13157941222990505,0.9899999999999999,"[3, 8, 9, 10, 19, 20, 21, 23, 25]",9,0.6,0.3333333333333333,0.6666666666666666,585.9336876869202
6,30,200,5,0.2,1.0,375.5548956106161,bootstrap_l1,2.0,10,0.0,0.0,0.15615107796639277,0.9935,"[3, 8, 9, 10, 14, 21, 23]",7,0.4,0.2857142857142857,0.7142857142857143,569.4363272190094
