seed,p,n,k_star,p_edge,noise_scale,mu_scale,q_source,K_multiplier,K,mu_star,mu_star_relative,log_loss_star,auc_star,support,k_actual,S_recall,S_precision,C_inclusion,fit_seconds
11,30,300,5,0.7,1.0,74107.01299602838,oracle,2.0,10,741.0701299602838,0.01,0.08641510529101572,0.9953333333333333,"[13, 18, 25, 27, 28]",5,0.4,0.4,0.6,598.4187030792236
11,30,300,5,0.7,1.0,74107.01299602838,uniform,2.0,10,0.0,0.0,0.11339926523069255,0.9957777777777779,"[1, 12, 27]",3,0.0,0.0,1.0,668.9321455955505
11,30,300,5,0.7,1.0,74107.01299602838,adversarial,2.0,10,0.0,0.0,0.07588946321395776,0.9982222222222221,"[1, 12, 27]",3,0.0,0.0,1.0,651.3960540294647
11,30,300,5,0.7,1.0,74107.01299602838,pc,2.0,10,0.0,0.0,0.10534970996851731,0.9924444444444445,"[1, 12, 27]",3,0.0,0.0,1.0,634.3367848396301
11,30,300,5,0.7,1.0,74107.01299602838,ges,2.0,10,741.0701299602838,0.01,0.0592231245029831,0.9986666666666666,"[18, 25, 28]",3,0.4,0.6666666666666666,0.3333333333333333,655.4701824188232
11,30,300,5,0.7,1.0,74107.01299602838,bootstrap_l1,2.0,10,2602.039314790281,0.03511191734215131,0.11315880581861497,0.9951111111111111,"[1, 13, 16, 17, 18, 23, 27]",7,0.4,0.2857142857142857,0.7142857142857143,560.6245255470276
