seed,p,n,k_star,p_edge,noise_scale,mu_scale,q_source,K_multiplier,K,mu_star,mu_star_relative,log_loss_star,auc_star,support,k_actual,S_recall,S_precision,C_inclusion,fit_seconds
0,30,300,5,0.3,1.0,1625.808064040155,oracle,2.0,10,16.25808064040155,0.01,0.2717056059243376,0.9768888888888888,"[3, 19, 21, 26, 28]",5,0.2,0.2,0.8,509.0970163345337
0,30,300,5,0.3,1.0,1625.808064040155,uniform,2.0,10,0.0,0.0,0.22671970744233697,0.9868888888888889,"[3, 12, 15, 19, 20, 21, 25, 26, 28]",9,0.2,0.1111111111111111,0.8888888888888888,604.8960726261139
0,30,300,5,0.3,1.0,1625.808064040155,adversarial,2.0,10,0.0,0.0,0.2960804537040438,0.9804444444444446,"[3, 12, 15, 19, 20, 21, 25, 26, 28]",9,0.2,0.1111111111111111,0.8888888888888888,575.6638481616974
0,30,300,5,0.3,1.0,1625.808064040155,pc,2.0,10,0.0,0.0,0.25378367701550447,0.9797777777777779,"[3, 12, 15, 19, 20, 21, 25, 26, 28]",9,0.2,0.1111111111111111,0.8888888888888888,583.6263525485992
0,30,300,5,0.3,1.0,1625.808064040155,ges,2.0,10,0.0,0.0,0.1847151932285548,0.9922222222222222,"[3, 12, 15, 19, 20, 21, 25, 26, 28]",9,0.2,0.1111111111111111,0.8888888888888888,626.2125060558319
0,30,300,5,0.3,1.0,1625.808064040155,bootstrap_l1,2.0,10,703.7734998089626,0.4328761281083057,0.11957156683663668,0.9955555555555555,"[3, 7, 12, 15, 18, 19, 20, 21, 26, 28]",10,0.2,0.1,0.9,596.7214226722717
