seed,p,n,k_star,p_edge,noise_scale,mu_scale,q_source,K_multiplier,K,mu_star,mu_star_relative,log_loss_star,auc_star,support,k_actual,S_recall,S_precision,C_inclusion,fit_seconds
7,30,75,5,0.2,1.0,30.612781245784454,oracle,2.0,10,2.0141165880775684,0.0657933224657568,0.900649054779566,0.8964285714285714,"[6, 8, 9, 15, 17, 18, 20, 22, 26, 29]",10,0.8,0.4,0.6,443.90210008621216
7,30,75,5,0.2,1.0,30.612781245784454,uniform,2.0,10,0.0,0.0,0.4782407280318666,0.9571428571428571,"[7, 9, 10, 13, 15, 17, 18, 19, 20, 25]",10,0.6,0.3,0.7,456.52913546562195
7,30,75,5,0.2,1.0,30.612781245784454,adversarial,2.0,10,0.30612781245784454,0.01,0.413792928235733,0.9535714285714286,"[10, 13, 17, 18, 20, 22, 24, 25, 26, 29]",10,0.4,0.2,0.8,433.1939787864685
7,30,75,5,0.2,1.0,30.612781245784454,pc,2.0,10,163.37120613946473,5.336699231206307,0.48873346979195115,0.9678571428571429,"[3, 5, 6, 7, 9, 10, 13, 20, 29]",9,0.4,0.2222222222222222,0.7777777777777778,453.0079593658447
7,30,75,5,0.2,1.0,30.612781245784454,ges,2.0,10,24.83097068467609,0.8111308307896868,0.4395954196411833,0.9571428571428571,"[6, 9, 13, 17, 18, 20, 21, 22, 29]",9,0.8,0.4444444444444444,0.5555555555555556,458.7783968448639
7,30,75,5,0.2,1.0,30.612781245784454,bootstrap_l1,2.0,10,3.774086754411859,0.12328467394420659,0.35452364199114483,0.9857142857142858,"[3, 7, 9, 10, 13, 20, 21, 25, 29]",9,0.2,0.1111111111111111,0.8888888888888888,445.3294105529785
