seed,p,n,k_star,p_edge,noise_scale,mu_scale,q_source,K_multiplier,K,mu_star,mu_star_relative,log_loss_star,auc_star,support,k_actual,S_recall,S_precision,C_inclusion,fit_seconds
6,30,300,5,0.4,1.0,2442.23862855307,oracle,2.0,10,0.0,0.0,0.08127239003220758,0.9942222222222222,"[2, 3, 24, 29]",4,0.2,0.25,0.75,597.5585107803345
6,30,300,5,0.4,1.0,2442.23862855307,uniform,2.0,10,0.0,0.0,0.11667420357296387,0.9897777777777778,"[2, 3, 24, 29]",4,0.2,0.25,0.75,623.4847745895386
6,30,300,5,0.4,1.0,2442.23862855307,adversarial,2.0,10,24.422386285530703,0.01,0.05770126357380543,0.998,"[2, 3, 10, 16, 24]",5,0.0,0.0,1.0,636.2987461090088
6,30,300,5,0.4,1.0,2442.23862855307,pc,2.0,10,24.422386285530703,0.01,0.07307861463428394,0.9986666666666666,"[2, 3, 8, 24, 29]",5,0.2,0.2,0.8,598.6858325004578
6,30,300,5,0.4,1.0,2442.23862855307,ges,2.0,10,24.422386285530703,0.01,0.02819987721067028,0.9993333333333332,"[3, 7, 16, 23, 29]",5,0.6,0.6,0.4,603.0286312103271
6,30,300,5,0.4,1.0,2442.23862855307,bootstrap_l1,2.0,10,85.75168085556437,0.03511191734215131,0.04958537402851451,0.9986666666666668,"[7, 9, 10, 15, 16, 29]",6,0.4,0.3333333333333333,0.6666666666666666,626.9839420318604
