seed,p,n,k_star,p_edge,noise_scale,mu_scale,q_source,K_multiplier,K,mu_star,mu_star_relative,log_loss_star,auc_star,support,k_actual,S_recall,S_precision,C_inclusion,fit_seconds
2,30,300,7,0.2,1.0,60.258724824312,oracle,2.0,14,2.115799365174684,0.03511191734215131,0.22534870748931007,0.9822222222222221,"[1, 2, 4, 8, 10, 13, 14, 19, 25, 28, 29]",11,1.0,0.6363636363636364,0.36363636363636365,896.5350759029388
2,30,300,7,0.2,1.0,60.258724824312,uniform,2.0,14,0.0,0.0,0.20029580569816025,0.9864444444444445,"[1, 2, 4, 10, 13, 14, 16, 19, 25, 28, 29]",11,0.8571428571428571,0.5454545454545454,0.45454545454545453,960.3812198638916
2,30,300,7,0.2,1.0,60.258724824312,adversarial,2.0,14,0.0,0.0,0.1566504595852007,0.9888888888888889,"[1, 2, 4, 10, 13, 14, 16, 19, 25, 28, 29]",11,0.8571428571428571,0.5454545454545454,0.45454545454545453,940.7064051628113
2,30,300,7,0.2,1.0,60.258724824312,pc,2.0,14,0.6025872482431199,0.009999999999999998,0.15875412478583212,0.9935555555555556,"[1, 2, 4, 10, 13, 14, 16, 19, 25, 28, 29]",11,0.8571428571428571,0.5454545454545454,0.45454545454545453,970.2323288917542
2,30,300,7,0.2,1.0,60.258724824312,ges,2.0,14,321.5826904433782,5.336699231206307,0.11231385542486205,0.9937777777777779,"[1, 2, 4, 8, 10, 13, 14, 19, 23, 28, 29]",11,1.0,0.6363636363636364,0.36363636363636365,1047.5503633022308
2,30,300,7,0.2,1.0,60.258724824312,bootstrap_l1,2.0,14,3.964621713741263,0.0657933224657568,0.09644124047778849,0.994,"[1, 2, 10, 13, 14, 17, 18, 19, 24, 25, 28, 29]",12,0.8571428571428571,0.5,0.5,1010.3041779994965
