seed,p,n,k_star,p_edge,noise_scale,mu_scale,q_source,K_multiplier,K,mu_star,mu_star_relative,log_loss_star,auc_star,support,k_actual,S_recall,S_precision,C_inclusion,fit_seconds
4,30,100,5,0.2,1.0,39.8819056013113,oracle,2.0,10,2.6239630757759467,0.0657933224657568,0.10347024514396226,0.9960000000000001,"[1, 4, 7, 8, 20, 24, 27, 29]",8,1.0,0.625,0.375,437.7727384567261
4,30,100,5,0.2,1.0,39.8819056013113,uniform,2.0,10,0.0,0.0,0.1847573793673787,0.986,"[1, 4, 9, 20, 24, 27]",6,0.4,0.3333333333333333,0.5,473.67223954200745
4,30,100,5,0.2,1.0,39.8819056013113,adversarial,2.0,10,0.0,0.0,0.380491906101868,0.984,"[1, 4, 9, 20, 24, 27]",6,0.4,0.3333333333333333,0.5,456.054710149765
4,30,100,5,0.2,1.0,39.8819056013113,pc,2.0,10,60.61695033271572,1.5199110829529332,0.12113993203297033,0.9960000000000001,"[1, 2, 4, 7, 9, 12, 14, 20, 27, 28]",10,0.6,0.3,0.6,464.6905782222748
4,30,100,5,0.2,1.0,39.8819056013113,ges,2.0,10,2.6239630757759467,0.0657933224657568,0.05654372531561772,0.994,"[1, 2, 4, 7, 8, 20, 24, 27, 29]",9,1.0,0.5555555555555556,0.4444444444444444,479.6961796283722
4,30,100,5,0.2,1.0,39.8819056013113,bootstrap_l1,2.0,10,4.91682772833129,0.12328467394420659,0.15392537630987557,0.9940000000000001,"[1, 4, 5, 7, 9, 14, 20, 27]",8,0.6,0.375,0.5,488.283896446228
