seed,p,n,k_star,p_edge,noise_scale,mu_scale,q_source,K_multiplier,K,mu_star,mu_star_relative,log_loss_star,auc_star,support,k_actual,S_recall,S_precision,C_inclusion,fit_seconds
4,30,300,5,0.2,1.0,103.35129380504532,oracle,2.0,10,0.0,0.0,0.098630855956995,0.9964444444444445,"[5, 7, 8, 9, 13, 20, 27, 29]",8,1.0,0.625,0.25,514.4351437091827
4,30,300,5,0.2,1.0,103.35129380504532,uniform,2.0,10,0.0,0.0,0.0781313928589925,0.9959999999999999,"[5, 7, 8, 9, 13, 20, 27, 29]",8,1.0,0.625,0.25,581.4384658336639
4,30,300,5,0.2,1.0,103.35129380504532,adversarial,2.0,10,0.0,0.0,0.1123512821334273,0.9928888888888888,"[5, 7, 8, 9, 13, 20, 27, 29]",8,1.0,0.625,0.25,519.8540096282959
4,30,300,5,0.2,1.0,103.35129380504532,pc,2.0,10,3.6288620852871456,0.03511191734215131,0.08275227547553154,0.9968888888888889,"[5, 7, 8, 10, 16, 20, 22, 27, 29]",9,1.0,0.5555555555555556,0.4444444444444444,539.7020366191864
4,30,300,5,0.2,1.0,103.35129380504532,ges,2.0,10,12.741630558466909,0.12328467394420657,0.0830193395529634,0.9951111111111111,"[5, 7, 8, 13, 20, 26, 27, 29]",8,1.0,0.625,0.375,517.8949055671692
4,30,300,5,0.2,1.0,103.35129380504532,bootstrap_l1,2.0,10,83.83142080727542,0.8111308307896868,0.09162072961783362,0.9955555555555555,"[4, 5, 7, 8, 9, 10, 14, 20, 23, 29]",10,0.8,0.4,0.5,582.100697517395
