seed,p,n,k_star,p_edge,noise_scale,mu_scale,q_source,K_multiplier,K,mu_star,mu_star_relative,log_loss_star,auc_star,support,k_actual,S_recall,S_precision,C_inclusion,fit_seconds
8,30,150,5,0.2,1.0,275.7277743098428,oracle,2.0,10,0.0,0.0,0.03273846851856212,0.9991111111111112,"[4, 5, 6, 8, 9, 13, 22, 25]",8,0.6,0.375,0.625,450.92748951911926
8,30,150,5,0.2,1.0,275.7277743098428,uniform,2.0,10,0.0,0.0,0.03868630013694011,1.0,"[4, 5, 6, 8, 9, 13, 22, 25]",8,0.6,0.375,0.625,482.84383034706116
8,30,150,5,0.2,1.0,275.7277743098428,adversarial,2.0,10,0.0,0.0,0.020011631884935956,0.9991111111111112,"[4, 5, 6, 8, 9, 13, 22, 25]",8,0.6,0.375,0.625,476.424124956131
8,30,150,5,0.2,1.0,275.7277743098428,pc,2.0,10,2.757277743098428,0.01,0.03492923060521444,0.9991111111111112,"[4, 5, 6, 8, 13, 17, 22, 25]",8,0.6,0.375,0.625,509.2474408149719
8,30,150,5,0.2,1.0,275.7277743098428,ges,2.0,10,33.993008753150754,0.1232846739442066,0.021633670394814015,1.0,"[5, 6, 9, 20, 25]",5,0.8,0.8,0.2,524.0674722194672
8,30,150,5,0.2,1.0,275.7277743098428,bootstrap_l1,2.0,10,5.1666350746829925,0.01873817422860384,0.016841769115707693,1.0,"[4, 5, 6, 8, 9, 13, 22, 25]",8,0.6,0.375,0.625,491.5797221660614
