seed,p,n,k_star,p_edge,noise_scale,mu_scale,q_source,K_multiplier,K,mu_star,mu_star_relative,log_loss_star,auc_star,support,k_actual,S_recall,S_precision,C_inclusion,fit_seconds
5,30,300,5,0.2,1.0,128.0199694119309,oracle,2.0,10,1.280199694119309,0.01,0.07771352614369204,0.9982222222222221,"[2, 4, 7, 12, 14, 20, 22, 27]",8,1.0,0.625,0.375,526.7948536872864
5,30,300,5,0.2,1.0,128.0199694119309,uniform,2.0,10,0.0,0.0,0.09651656561953893,0.9946666666666667,"[2, 4, 6, 7, 9, 11, 12, 14, 22, 26]",10,0.6,0.3,0.7,541.8985421657562
5,30,300,5,0.2,1.0,128.0199694119309,adversarial,2.0,10,0.0,0.0,0.19010010951679743,0.9895555555555557,"[2, 4, 6, 7, 9, 11, 12, 14, 22, 26]",10,0.6,0.3,0.7,569.3013877868652
5,30,300,5,0.2,1.0,128.0199694119309,pc,2.0,10,29.574273354223916,0.23101297000831592,0.0966772255938647,0.9953333333333333,"[1, 2, 4, 7, 9, 12, 14, 18, 20, 24]",10,0.6,0.3,0.7,542.6221542358398
5,30,300,5,0.2,1.0,128.0199694119309,ges,2.0,10,683.2040723397066,5.336699231206307,0.08924171271329105,0.9931111111111111,"[0, 2, 4, 7, 8, 9, 14, 24]",8,0.4,0.25,0.75,555.9338729381561
5,30,300,5,0.2,1.0,128.0199694119309,bootstrap_l1,2.0,10,55.41678867958038,0.4328761281083057,0.11021007848954723,0.9940000000000001,"[1, 2, 4, 7, 9, 14, 19, 20, 22, 24]",10,0.8,0.4,0.6,519.1330256462097
