seed,p,n,k_star,p_edge,noise_scale,mu_scale,q_source,K_multiplier,K,mu_star,mu_star_relative,log_loss_star,auc_star,support,k_actual,S_recall,S_precision,C_inclusion,fit_seconds
9,30,300,5,0.2,0.5,232.54267131973472,oracle,2.0,10,2.325426713197347,0.01,0.02638997441800981,0.9995555555555555,"[1, 5, 8, 16, 18, 20, 21, 24, 28, 29]",10,1.0,0.5,0.5,532.4666984081268
9,30,300,5,0.2,0.5,232.54267131973472,uniform,2.0,10,0.0,0.0,0.02039509665837432,1.0,"[1, 5, 8, 16, 18, 20, 21, 24]",8,0.8,0.5,0.5,548.3867151737213
9,30,300,5,0.2,0.5,232.54267131973472,adversarial,2.0,10,0.0,0.0,0.03463169556104413,1.0,"[1, 5, 8, 16, 18, 20, 21, 24]",8,0.8,0.5,0.5,611.8262703418732
9,30,300,5,0.2,0.5,232.54267131973472,pc,2.0,10,8.165019053901585,0.03511191734215131,0.027221423472742878,1.0,"[0, 1, 3, 5, 8, 12, 13, 20, 21]",9,0.4,0.2222222222222222,0.7777777777777778,553.338714838028
9,30,300,5,0.2,0.5,232.54267131973472,ges,2.0,10,2.325426713197347,0.01,0.019200862572823545,0.9997777777777778,"[0, 1, 3, 5, 8, 12, 18, 20]",8,0.6,0.375,0.625,620.6847829818726
9,30,300,5,0.2,0.5,232.54267131973472,bootstrap_l1,2.0,10,0.0,0.0,0.03428064538071093,0.9997777777777778,"[1, 5, 8, 16, 18, 20, 21, 24]",8,0.8,0.5,0.5,409.64909982681274
