seed,p,n,k_star,p_edge,noise_scale,mu_scale,q_source,K_multiplier,K,mu_star,mu_star_relative,log_loss_star,auc_star,support,k_actual,S_recall,S_precision,C_inclusion,fit_seconds
0,30,300,5,0.1,1.0,83.80067662777299,oracle,2.0,10,0.8380067662777299,0.01,0.06399729968111204,0.9977777777777778,"[2, 7, 9, 10, 16, 17, 20, 21, 27]",9,0.8,0.4444444444444444,0.4444444444444444,506.54106187820435
0,30,300,5,0.1,1.0,83.80067662777299,uniform,2.0,10,0.0,0.0,0.13291349790715928,0.9928888888888888,"[2, 7, 10, 17, 20, 21, 27]",7,0.8,0.5714285714285714,0.2857142857142857,518.3942489624023
0,30,300,5,0.1,1.0,83.80067662777299,adversarial,2.0,10,0.0,0.0,0.14171513784027592,0.9904444444444443,"[2, 7, 10, 17, 20, 21, 27]",7,0.8,0.5714285714285714,0.2857142857142857,534.9676659107208
0,30,300,5,0.1,1.0,83.80067662777299,pc,2.0,10,10.331339094358887,0.1232846739442066,0.10006195418529189,0.9951111111111111,"[2, 7, 10, 17, 20, 21, 22, 27, 28]",9,1.0,0.5555555555555556,0.3333333333333333,545.9592525959015
0,30,300,5,0.1,1.0,83.80067662777299,ges,2.0,10,0.8380067662777299,0.01,0.08968805134824956,0.9964444444444445,"[2, 7, 9, 10, 16, 17, 20, 21, 27]",9,0.8,0.4444444444444444,0.4444444444444444,560.759444475174
0,30,300,5,0.1,1.0,83.80067662777299,bootstrap_l1,2.0,10,10.331339094358887,0.1232846739442066,0.06609395188240241,0.998,"[2, 7, 10, 16, 17, 20, 21, 27]",8,0.8,0.5,0.375,525.3952414989471
