seed,p,n,k_star,p_edge,noise_scale,mu_scale,q_source,K_multiplier,K,mu_star,mu_star_relative,log_loss_star,auc_star,support,k_actual,S_recall,S_precision,C_inclusion,fit_seconds
14,30,300,5,0.5,1.0,1058.9773881665983,oracle,2.0,10,0.0,0.0,0.07182268902534063,0.9975555555555555,"[0, 5, 8, 13, 24, 29]",6,0.0,0.0,1.0,693.2366209030151
14,30,300,5,0.5,1.0,1058.9773881665983,uniform,2.0,10,0.0,0.0,0.12664410000004342,0.9857777777777779,"[0, 5, 8, 13, 24, 29]",6,0.0,0.0,1.0,655.9787833690643
14,30,300,5,0.5,1.0,1058.9773881665983,adversarial,2.0,10,0.0,0.0,0.057653509021556595,0.9984444444444444,"[0, 5, 8, 13, 24, 29]",6,0.0,0.0,1.0,614.4734480381012
14,30,300,5,0.5,1.0,1058.9773881665983,pc,2.0,10,19.843302803617558,0.01873817422860384,0.11252920231815064,0.994,"[0, 6, 8, 13, 25, 27, 28]",7,0.0,0.0,1.0,652.1051003932953
14,30,300,5,0.5,1.0,1058.9773881665983,ges,2.0,10,0.0,0.0,0.0957051732800053,0.9957777777777779,"[0, 5, 8, 13, 24, 29]",6,0.0,0.0,1.0,658.745762348175
14,30,300,5,0.5,1.0,1058.9773881665983,bootstrap_l1,2.0,10,37.18272652051288,0.03511191734215131,0.0830220410720492,0.9982222222222223,"[0, 5, 13, 24]",4,0.0,0.0,1.0,597.8010935783386
