seed,p,n,k_star,p_edge,noise_scale,mu_scale,q_source,K_multiplier,K,mu_star,mu_star_relative,log_loss_star,auc_star,support,k_actual,S_recall,S_precision,C_inclusion,fit_seconds
7,30,100,5,0.2,1.0,38.76438774740502,oracle,2.0,10,0.7263738514760312,0.01873817422860384,0.8747752267867754,0.9,"[3, 4, 9, 17, 18, 22, 23, 25, 29]",9,0.8,0.4444444444444444,0.5555555555555556,446.34719157218933
7,30,100,5,0.2,1.0,38.76438774740502,uniform,2.0,10,0.0,0.0,0.9814722163238507,0.8949999999999999,"[4, 6, 11, 16, 17, 22, 23, 24]",8,0.6,0.375,0.625,458.9016180038452
7,30,100,5,0.2,1.0,38.76438774740502,adversarial,2.0,10,0.38764387747405016,0.01,0.30476961975427597,0.982,"[4, 11, 15, 16, 17, 21, 24, 28]",8,0.2,0.125,0.875,442.3594071865082
7,30,100,5,0.2,1.0,38.76438774740502,pc,2.0,10,387.64387747405016,10.0,0.4510146692007022,0.97,"[4, 5, 10, 11, 12, 13, 22, 24, 28, 29]",10,0.0,0.0,1.0,481.9613118171692
7,30,100,5,0.2,1.0,38.76438774740502,ges,2.0,10,110.4023667225627,2.848035868435799,0.14474585662706513,0.986,"[4, 6, 9, 12, 17, 18, 20, 23]",8,1.0,0.625,0.375,500.4315814971924
7,30,100,5,0.2,1.0,38.76438774740502,bootstrap_l1,2.0,10,387.64387747405016,10.0,0.3062055293888137,0.974,"[5, 7, 10, 11, 13, 22, 24, 25, 29]",9,0.0,0.0,1.0,447.49613189697266
