seed,p,n,k_star,p_edge,noise_scale,mu_scale,q_source,K_multiplier,K,mu_star,mu_star_relative,log_loss_star,auc_star,support,k_actual,S_recall,S_precision,C_inclusion,fit_seconds
12,30,300,5,0.6,1.0,4266.539078427771,oracle,2.0,10,0.0,0.0,0.14844512572149232,0.9746666666666666,"[6, 11, 17, 25, 26]",5,0.2,0.2,0.8,610.433087348938
12,30,300,5,0.6,1.0,4266.539078427771,uniform,2.0,10,0.0,0.0,0.11499534726907072,0.9933333333333334,"[6, 11, 17, 25, 26]",5,0.2,0.2,0.8,667.3322982788086
12,30,300,5,0.6,1.0,4266.539078427771,adversarial,2.0,10,42.665390784277704,0.01,0.11271603604085674,0.9931111111111111,"[3, 6, 12, 17]",4,0.0,0.0,1.0,690.8967463970184
12,30,300,5,0.6,1.0,4266.539078427771,pc,2.0,10,0.0,0.0,0.14855987402377963,0.9806666666666668,"[6, 11, 17, 25, 26]",5,0.2,0.2,0.8,560.8408732414246
12,30,300,5,0.6,1.0,4266.539078427771,ges,2.0,10,42.665390784277704,0.01,0.021369220056112092,1.0,"[0, 5, 8, 26, 29]",5,0.8,0.8,0.2,677.2708547115326
12,30,300,5,0.6,1.0,4266.539078427771,bootstrap_l1,2.0,10,42.665390784277704,0.01,0.15699758310838224,0.9953333333333333,"[0, 6, 17, 24, 26]",5,0.2,0.2,0.8,650.3493185043335
