seed,p,n,k_star,p_edge,noise_scale,mu_scale,q_source,K_multiplier,K,mu_star,mu_star_relative,log_loss_star,auc_star,support,k_actual,S_recall,S_precision,C_inclusion,fit_seconds
5,15,300,5,0.2,1.0,312.84818485668217,oracle,2.0,10,3.1284818485668215,0.01,0.03289642140229027,0.9995555555555555,"[5, 6, 7, 8, 9, 12]",6,0.8,0.6666666666666666,0.3333333333333333,394.7080249786377
5,15,300,5,0.2,1.0,312.84818485668217,uniform,2.0,10,0.0,0.0,0.0284282964703312,0.9993333333333332,"[1, 5, 7, 8, 9, 12]",6,0.6,0.5,0.5,405.4065480232239
5,15,300,5,0.2,1.0,312.84818485668217,adversarial,2.0,10,0.0,0.0,0.05081512981847468,0.9995555555555555,"[1, 5, 7, 8, 9, 12]",6,0.6,0.5,0.5,436.66622591018677
5,15,300,5,0.2,1.0,312.84818485668217,pc,2.0,10,3.1284818485668215,0.01,0.03482449499331792,0.9991111111111112,"[5, 6, 7, 9, 12]",5,0.6,0.6,0.4,372.8585214614868
5,15,300,5,0.2,1.0,312.84818485668217,ges,2.0,10,20.583321509102383,0.0657933224657568,0.027134165775953005,1.0,"[5, 6, 9]",3,0.6,1.0,0.0,434.46360039711
5,15,300,5,0.2,1.0,312.84818485668217,bootstrap_l1,2.0,10,3.1284818485668215,0.01,0.040295419806918455,0.9995555555555555,"[0, 2, 4, 8, 9, 12]",6,0.6,0.5,0.5,440.8861165046692
