seed,p,n,k_star,p_edge,noise_scale,mu_scale,q_source,K_multiplier,K,mu_star,mu_star_relative,log_loss_star,auc_star,support,k_actual,S_recall,S_precision,C_inclusion,fit_seconds
3,30,200,5,0.2,1.0,82.80130920604306,oracle,2.0,10,1.551545358259334,0.01873817422860384,0.10558825157328695,0.9934999999999998,"[1, 5, 6, 7, 8, 10, 15, 16, 24, 25]",10,0.8,0.4,0.6,491.26801013946533
3,30,200,5,0.2,1.0,82.80130920604306,uniform,2.0,10,0.0,0.0,0.983298000278868,0.9237499999999998,"[1, 4, 5, 6, 7, 8, 15, 16, 24, 25]",10,0.8,0.4,0.6,534.3068339824677
3,30,200,5,0.2,1.0,82.80130920604306,adversarial,2.0,10,2.907312724664496,0.03511191734215131,0.16966842209595973,0.9875,"[0, 4, 5, 6, 10, 18, 20, 21, 24, 25]",10,0.0,0.0,1.0,514.0862443447113
3,30,200,5,0.2,1.0,82.80130920604306,pc,2.0,10,67.16269472677145,0.8111308307896868,0.25013655726408324,0.9595,"[4, 5, 6, 8, 10, 20, 24, 25]",8,0.0,0.0,1.0,526.8499901294708
3,30,200,5,0.2,1.0,82.80130920604306,ges,2.0,10,19.128176360264916,0.23101297000831592,0.096364070288714,0.9949999999999999,"[0, 4, 5, 6, 15, 16, 20, 24, 26]",9,0.4,0.2222222222222222,0.7777777777777778,573.4347562789917
3,30,200,5,0.2,1.0,82.80130920604306,bootstrap_l1,2.0,10,67.16269472677145,0.8111308307896868,0.1766128012544027,0.9855,"[4, 5, 6, 7, 8, 10, 15, 16, 24]",9,0.6,0.3333333333333333,0.6666666666666666,530.6577620506287
