seed,p,n,k_star,p_edge,noise_scale,mu_scale,q_source,K_multiplier,K,mu_star,mu_star_relative,log_loss_star,auc_star,support,k_actual,S_recall,S_precision,C_inclusion,fit_seconds
1,30,300,5,0.5,1.0,1819.6925736230564,oracle,2.0,10,18.196925736230565,0.01,0.060259600069777194,0.9986666666666666,"[0, 5, 7, 8, 13, 15, 27, 28]",8,0.8,0.5,0.5,571.753443479538
1,30,300,5,0.5,1.0,1819.6925736230564,uniform,2.0,10,0.0,0.0,0.09707026652390681,0.9951111111111113,"[0, 5, 8, 27, 28]",5,0.2,0.2,0.8,633.6034367084503
1,30,300,5,0.5,1.0,1819.6925736230564,adversarial,2.0,10,18.196925736230565,0.01,0.11830389267613173,0.992,"[0, 5, 6, 8, 12]",5,0.0,0.0,1.0,606.2195222377777
1,30,300,5,0.5,1.0,1819.6925736230564,pc,2.0,10,34.09771648704535,0.01873817422860384,0.08679854853009554,0.9957777777777779,"[0, 5, 8, 9, 27, 28]",6,0.2,0.16666666666666666,0.8333333333333334,635.8457527160645
1,30,300,5,0.5,1.0,1819.6925736230564,ges,2.0,10,119.72362028492464,0.0657933224657568,0.02990922187846335,0.9993333333333332,"[7, 8, 12, 13, 27, 28]",6,0.6,0.5,0.5,663.6941709518433
1,30,300,5,0.5,1.0,1819.6925736230564,bootstrap_l1,2.0,10,34.09771648704535,0.01873817422860384,0.07924294040554723,0.9960000000000001,"[0, 5, 8, 9, 27]",5,0.2,0.2,0.8,632.0073971748352
