seed,p,n,k_star,p_edge,noise_scale,mu_scale,q_source,K_multiplier,K,mu_star,mu_star_relative,log_loss_star,auc_star,support,k_actual,S_recall,S_precision,C_inclusion,fit_seconds
17,30,300,5,0.6,1.0,3564.2374650443803,oracle,2.0,10,35.642374650443806,0.01,0.22984574126326507,0.9671111111111111,"[4, 6, 22]",3,0.6,1.0,0.0,658.3590319156647
17,30,300,5,0.6,1.0,3564.2374650443803,uniform,2.0,10,0.0,0.0,0.1689231745430598,0.9846666666666668,"[6, 8, 13, 29]",4,0.2,0.25,0.75,662.2467386722565
17,30,300,5,0.6,1.0,3564.2374650443803,adversarial,2.0,10,0.0,0.0,0.23790288149204547,0.9815555555555557,"[6, 8, 13, 29]",4,0.2,0.25,0.75,669.714058637619
17,30,300,5,0.6,1.0,3564.2374650443803,pc,2.0,10,35.642374650443806,0.01,0.2099448004840057,0.9731111111111111,"[6, 13, 28, 29]",4,0.2,0.25,0.75,650.8515341281891
17,30,300,5,0.6,1.0,3564.2374650443803,ges,2.0,10,1542.873313526974,0.4328761281083057,0.03212547799609028,0.9997777777777778,"[6, 8]",2,0.2,0.5,0.5,680.5063724517822
17,30,300,5,0.6,1.0,3564.2374650443803,bootstrap_l1,2.0,10,35.642374650443806,0.01,0.13872745021973146,0.9844444444444445,"[6, 8, 13, 16, 17]",5,0.2,0.2,0.8,664.3371226787567
