seed,p,n,k_star,p_edge,noise_scale,mu_scale,q_source,K_multiplier,K,mu_star,mu_star_relative,log_loss_star,auc_star,support,k_actual,S_recall,S_precision,C_inclusion,fit_seconds
14,30,300,5,0.7,1.0,5442.925650204584,oracle,2.0,10,54.42925650204584,0.01,0.18495456349786488,0.99,"[4, 11, 12, 24]",4,0.4,0.5,0.5,628.9400520324707
14,30,300,5,0.7,1.0,5442.925650204584,uniform,2.0,10,0.0,0.0,0.12761975330584768,0.9935555555555556,"[12, 13, 24, 26, 29]",5,0.2,0.2,0.8,626.6818866729736
14,30,300,5,0.7,1.0,5442.925650204584,adversarial,2.0,10,0.0,0.0,0.15211505325760402,0.9895555555555557,"[12, 13, 24, 26, 29]",5,0.2,0.2,0.8,605.2566010951996
14,30,300,5,0.7,1.0,5442.925650204584,pc,2.0,10,0.0,0.0,0.21100181193309978,0.9855555555555554,"[12, 13, 24, 26, 29]",5,0.2,0.2,0.8,630.1101861000061
14,30,300,5,0.7,1.0,5442.925650204584,ges,2.0,10,54.42925650204584,0.01,0.0321259532445593,0.9997777777777778,"[3, 5, 8, 17, 26, 29]",6,0.4,0.3333333333333333,0.6666666666666666,682.5551943778992
14,30,300,5,0.7,1.0,5442.925650204584,bootstrap_l1,2.0,10,0.0,0.0,0.19303982656553784,0.9842222222222221,"[12, 13, 24, 26, 29]",5,0.2,0.2,0.8,630.2737164497375
