seed,p,n,k_star,p_edge,noise_scale,mu_scale,q_source,K_multiplier,K,mu_star,mu_star_relative,log_loss_star,auc_star,support,k_actual,S_recall,S_precision,C_inclusion,fit_seconds
7,20,300,5,0.2,1.0,237.32538964863144,oracle,2.0,10,2.3732538964863146,0.01,0.06968133161635089,0.9984444444444444,"[1, 3, 5, 6, 7, 8, 12]",7,0.8,0.5714285714285714,0.2857142857142857,492.9828932285309
7,20,300,5,0.2,1.0,237.32538964863144,uniform,2.0,10,0.0,0.0,0.11421211423459825,0.9935555555555556,"[0, 1, 5, 6, 7, 8, 12, 13]",8,0.8,0.5,0.375,495.5046284198761
7,20,300,5,0.2,1.0,237.32538964863144,adversarial,2.0,10,0.0,0.0,0.051658518741332426,0.9986666666666666,"[0, 1, 5, 6, 7, 8, 12, 13]",8,0.8,0.5,0.375,473.9827733039856
7,20,300,5,0.2,1.0,237.32538964863144,pc,2.0,10,102.73249577289455,0.4328761281083057,0.06842681852364868,0.9982222222222221,"[1, 3, 5, 6, 7, 8, 12]",7,0.8,0.5714285714285714,0.2857142857142857,453.3992977142334
7,20,300,5,0.2,1.0,237.32538964863144,ges,2.0,10,4.44704450010735,0.01873817422860384,0.062111149061305146,0.9975555555555555,"[0, 1, 7, 8, 12, 14, 17, 19]",8,0.8,0.5,0.5,547.7540724277496
7,20,300,5,0.2,1.0,237.32538964863144,bootstrap_l1,2.0,10,29.258583281513307,0.12328467394420659,0.059128110231026744,0.9993333333333334,"[0, 1, 3, 5, 6, 7, 9, 12, 15]",9,0.8,0.4444444444444444,0.4444444444444444,537.5656652450562
