seed,p,n,k_star,p_edge,noise_scale,mu_scale,q_source,K_multiplier,K,mu_star,mu_star_relative,log_loss_star,auc_star,support,k_actual,S_recall,S_precision,C_inclusion,fit_seconds
0,30,1000,5,0.2,1.0,898.8261876192412,oracle,2.0,10,8.988261876192412,0.01,0.05682055362202425,0.9981,"[2, 9, 10, 17, 21, 22]",6,1.0,0.8333333333333334,0.16666666666666666,698.2623426914215
0,30,1000,5,0.2,1.0,898.8261876192412,uniform,2.0,10,0.0,0.0,0.06267630493408251,0.99788,"[2, 4, 9, 10, 17, 21, 22, 23, 29]",9,1.0,0.5555555555555556,0.4444444444444444,727.6973972320557
0,30,1000,5,0.2,1.0,898.8261876192412,adversarial,2.0,10,0.0,0.0,0.05869568015600447,0.9978200000000002,"[2, 4, 9, 10, 17, 21, 22, 23, 29]",9,1.0,0.5555555555555556,0.4444444444444444,651.4291043281555
0,30,1000,5,0.2,1.0,898.8261876192412,pc,2.0,10,110.8114934731524,0.12328467394420657,0.052104975324579306,0.9985000000000002,"[2, 4, 9, 10, 17, 20, 22, 25]",8,0.8,0.5,0.5,734.9872317314148
0,30,1000,5,0.2,1.0,898.8261876192412,ges,2.0,10,110.8114934731524,0.12328467394420657,0.05059957164391451,0.99882,"[2, 4, 9, 10, 17, 21, 22]",7,1.0,0.7142857142857143,0.2857142857142857,766.2394073009491
0,30,1000,5,0.2,1.0,898.8261876192412,bootstrap_l1,2.0,10,31.55951080464778,0.03511191734215131,0.04977331901307863,0.99878,"[2, 9, 10, 17, 21, 22, 23, 29]",8,1.0,0.625,0.375,777.7803506851196
