seed,p,n,k_star,p_edge,noise_scale,mu_scale,q_source,K_multiplier,K,mu_star,mu_star_relative,log_loss_star,auc_star,support,k_actual,S_recall,S_precision,C_inclusion,fit_seconds
15,30,300,5,0.1,1.0,194.05258255806424,oracle,2.0,10,0.0,0.0,0.11087322014152523,0.9968888888888889,"[0, 6, 8, 10, 17, 21, 28, 29]",8,1.0,0.625,0.25,497.4639458656311
15,30,300,5,0.1,1.0,194.05258255806424,uniform,2.0,10,0.0,0.0,0.1417812838699007,0.9933333333333334,"[0, 6, 8, 10, 17, 21, 28, 29]",8,1.0,0.625,0.25,538.8275723457336
15,30,300,5,0.1,1.0,194.05258255806424,adversarial,2.0,10,0.0,0.0,0.14406935655505998,0.9928888888888888,"[0, 6, 8, 10, 17, 21, 28, 29]",8,1.0,0.625,0.25,565.3132212162018
15,30,300,5,0.1,1.0,194.05258255806424,pc,2.0,10,157.40203250720694,0.8111308307896868,0.11948301075643222,0.9920000000000002,"[0, 6, 8, 10, 11, 17, 21, 28]",8,1.0,0.625,0.25,545.4673845767975
15,30,300,5,0.1,1.0,194.05258255806424,ges,2.0,10,84.00073058715219,0.4328761281083057,0.1031343766883478,0.9951111111111111,"[0, 6, 8, 10, 17, 21, 28]",7,1.0,0.7142857142857143,0.2857142857142857,560.1609008312225
15,30,300,5,0.1,1.0,194.05258255806424,bootstrap_l1,2.0,10,0.0,0.0,0.10043975132104747,0.994,"[0, 6, 8, 10, 17, 21, 28, 29]",8,1.0,0.625,0.25,560.4877824783325
