seed,p,n,k_star,p_edge,noise_scale,mu_scale,q_source,K_multiplier,K,mu_star,mu_star_relative,log_loss_star,auc_star,support,k_actual,S_recall,S_precision,C_inclusion,fit_seconds
18,30,300,5,0.7,1.0,9690.369046668031,oracle,2.0,10,0.0,0.0,0.08217927532650417,0.9975555555555555,"[17, 19, 23, 24, 25]",5,0.2,0.2,0.8,591.6521482467651
18,30,300,5,0.7,1.0,9690.369046668031,uniform,2.0,10,0.0,0.0,0.10909926367924952,0.9953333333333333,"[17, 19, 23, 24, 25]",5,0.2,0.2,0.8,664.574951171875
18,30,300,5,0.7,1.0,9690.369046668031,adversarial,2.0,10,96.90369046668032,0.01,0.044088829639164565,0.9988888888888889,"[15, 17, 19, 23, 24, 25]",6,0.2,0.16666666666666666,0.8333333333333334,670.8896808624268
18,30,300,5,0.7,1.0,9690.369046668031,pc,2.0,10,0.0,0.0,0.08239371152510991,0.9946666666666667,"[17, 19, 23, 24, 25]",5,0.2,0.2,0.8,582.7433664798737
18,30,300,5,0.7,1.0,9690.369046668031,ges,2.0,10,96.90369046668032,0.01,0.05462464154244513,0.9986666666666666,"[4, 11, 17, 18]",4,0.4,0.5,0.5,712.1602022647858
18,30,300,5,0.7,1.0,9690.369046668031,bootstrap_l1,2.0,10,181.57982353593528,0.01873817422860384,0.0703957605064965,0.9984444444444444,"[5, 10, 17, 18, 19, 25]",6,0.2,0.16666666666666666,0.8333333333333334,637.1145932674408
