seed,p,n,k_star,p_edge,noise_scale,mu_scale,q_source,K_multiplier,K,mu_star,mu_star_relative,log_loss_star,auc_star,support,k_actual,S_recall,S_precision,C_inclusion,fit_seconds
2,30,300,3,0.2,1.0,59.927808226776676,oracle,2.0,6,0.0,0.0,0.14762329465254317,0.9888888888888889,"[8, 10, 29]",3,1.0,1.0,0.0,200.95550513267517
2,30,300,3,0.2,1.0,59.927808226776676,uniform,2.0,6,0.0,0.0,0.14042506547328343,0.9893333333333333,"[8, 10, 29]",3,1.0,1.0,0.0,191.6658353805542
2,30,300,3,0.2,1.0,59.927808226776676,adversarial,2.0,6,0.5992780822677668,0.01,0.13620733731622106,0.99,"[8, 10, 29]",3,1.0,1.0,0.0,197.9398274421692
2,30,300,3,0.2,1.0,59.927808226776676,pc,2.0,6,91.08493990095583,1.5199110829529332,0.13943735875663893,0.989777777777778,"[8, 10, 29]",3,1.0,1.0,0.0,230.46270179748535
2,30,300,3,0.2,1.0,59.927808226776676,ges,2.0,6,1.1229377116916999,0.01873817422860384,0.14584550788052936,0.9891111111111112,"[0, 8, 10, 28, 29]",5,1.0,0.6,0.4,202.56422233581543
2,30,300,3,0.2,1.0,59.927808226776676,bootstrap_l1,2.0,6,0.0,0.0,0.15943489059966937,0.9860000000000001,"[8, 10, 29]",3,1.0,1.0,0.0,202.9620282649994
