seed,p,n,k_star,p_edge,noise_scale,mu_scale,q_source,K_multiplier,K,mu_star,mu_star_relative,log_loss_star,auc_star,support,k_actual,S_recall,S_precision,C_inclusion,fit_seconds
8,30,75,5,0.2,1.0,140.08725088120235,oracle,2.0,10,1.4008725088120235,0.01,0.23908627004405214,0.9928571428571429,"[6, 8, 9, 20, 25]",5,0.6,0.6,0.4,468.6797149181366
8,30,75,5,0.2,1.0,140.08725088120235,uniform,2.0,10,0.0,0.0,0.5994808203507512,0.9714285714285715,"[8, 9, 20, 22, 25]",5,0.4,0.4,0.6,470.2128117084503
8,30,75,5,0.2,1.0,140.08725088120235,adversarial,2.0,10,0.0,0.0,0.4515601375871451,0.9821428571428573,"[8, 9, 20, 22, 25]",5,0.4,0.4,0.6,481.67768931388855
8,30,75,5,0.2,1.0,140.08725088120235,pc,2.0,10,398.9735152202288,2.848035868435799,0.36495346307820187,0.9892857142857142,"[6, 8, 9, 20, 25]",5,0.6,0.6,0.4,472.27964878082275
8,30,75,5,0.2,1.0,140.08725088120235,ges,2.0,10,1.4008725088120235,0.01,0.22086236834129344,0.9857142857142858,"[5, 6, 8, 20, 25]",5,0.8,0.8,0.2,494.39188599586487
8,30,75,5,0.2,1.0,140.08725088120235,bootstrap_l1,2.0,10,32.361971886366625,0.23101297000831592,0.19796054681123132,0.9964285714285716,"[6, 8, 16, 20, 25]",5,0.6,0.6,0.4,494.24665784835815
