seed,p,n,k_star,p_edge,noise_scale,mu_scale,q_source,K_multiplier,K,mu_star,mu_star_relative,log_loss_star,auc_star,support,k_actual,S_recall,S_precision,C_inclusion,fit_seconds
15,30,300,5,0.7,1.0,2845.518195956837,oracle,2.0,10,0.0,0.0,0.27314176162076625,0.9737777777777777,"[5, 8, 15, 17, 21]",5,0.2,0.2,0.8,567.5227203369141
15,30,300,5,0.7,1.0,2845.518195956837,uniform,2.0,10,0.0,0.0,0.3951495018892093,0.9535555555555556,"[5, 8, 15, 17, 21]",5,0.2,0.2,0.8,634.8991348743439
15,30,300,5,0.7,1.0,2845.518195956837,adversarial,2.0,10,28.45518195956837,0.01,0.34339504897173195,0.9584444444444445,"[5, 8, 15]",3,0.0,0.0,1.0,630.0249905586243
15,30,300,5,0.7,1.0,2845.518195956837,pc,2.0,10,28.45518195956837,0.01,0.24341769873757424,0.9817777777777777,"[0, 5, 8, 13]",4,0.2,0.25,0.75,607.1477782726288
15,30,300,5,0.7,1.0,2845.518195956837,ges,2.0,10,28.45518195956837,0.01,0.1898060065699747,0.9866666666666667,"[0, 4, 10, 12, 24, 28]",6,0.6,0.5,0.5,584.7943115234375
15,30,300,5,0.7,1.0,2845.518195956837,bootstrap_l1,2.0,10,0.0,0.0,0.20545655728998452,0.9788888888888888,"[5, 8, 15, 17, 21]",5,0.2,0.2,0.8,657.3153159618378
