seed,p,n,k_star,p_edge,noise_scale,mu_scale,q_source,K_multiplier,K,mu_star,mu_star_relative,log_loss_star,auc_star,support,k_actual,S_recall,S_precision,C_inclusion,fit_seconds
8,50,300,5,0.2,1.0,177.66157711048666,oracle,2.0,10,21.902949606479865,0.12328467394420659,0.4643402926524288,0.9733333333333334,"[5, 10, 11, 14, 19, 32, 33, 45, 47]",9,0.8,0.4444444444444444,0.5555555555555556,611.5794882774353
8,50,300,5,0.2,1.0,177.66157711048666,uniform,2.0,10,0.0,0.0,0.9166555041799859,0.8977777777777778,"[10, 14, 21, 24, 27, 30, 33, 41, 47]",9,0.2,0.1111111111111111,0.8888888888888888,592.5883796215057
8,50,300,5,0.2,1.0,177.66157711048666,adversarial,2.0,10,1.7766157711048667,0.01,0.14445983483415442,0.9937777777777776,"[1, 10, 12, 14, 19, 20, 21, 47]",8,0.0,0.0,1.0,581.0793180465698
8,50,300,5,0.2,1.0,177.66157711048666,pc,2.0,10,1776.6157711048666,10.0,0.08688065287240336,0.9962222222222223,"[5, 8, 10, 14, 30, 40, 47]",7,0.2,0.14285714285714285,0.8571428571428571,639.9401202201843
8,50,300,5,0.2,1.0,177.66157711048666,ges,2.0,10,76.90545561320266,0.4328761281083057,0.07478142912457912,0.9968888888888889,"[2, 5, 11, 13, 30, 33, 45, 47]",8,1.0,0.625,0.375,588.8078582286835
8,50,300,5,0.2,1.0,177.66157711048666,bootstrap_l1,2.0,10,1776.6157711048666,10.0,0.13704280095261798,0.9933333333333334,"[5, 10, 14, 20, 21, 24, 30, 40, 47]",9,0.2,0.1111111111111111,0.8888888888888888,528.4695723056793
