seed,p,n,k_star,p_edge,noise_scale,mu_scale,q_source,K_multiplier,K,mu_star,mu_star_relative,log_loss_star,auc_star,support,k_actual,S_recall,S_precision,C_inclusion,fit_seconds
3,30,300,5,0.3,1.0,718.6937673926648,oracle,2.0,10,0.0,0.0,0.13862306636043104,0.9904444444444446,"[7, 10, 12, 15, 20]",5,0.4,0.4,0.6,565.8928191661835
3,30,300,5,0.3,1.0,718.6937673926648,uniform,2.0,10,0.0,0.0,0.13069244918149278,0.9928888888888888,"[7, 10, 12, 15, 20]",5,0.4,0.4,0.6,621.6560320854187
3,30,300,5,0.3,1.0,718.6937673926648,adversarial,2.0,10,0.0,0.0,0.15724528890926254,0.9917777777777778,"[7, 10, 12, 15, 20]",5,0.4,0.4,0.6,610.560756444931
3,30,300,5,0.3,1.0,718.6937673926648,pc,2.0,10,0.0,0.0,0.08397191377184274,0.9960000000000001,"[7, 10, 12, 15, 20]",5,0.4,0.4,0.6,606.0364525318146
3,30,300,5,0.3,1.0,718.6937673926648,ges,2.0,10,7.186937673926648,0.01,0.2680944543429805,0.9720000000000001,"[3, 7, 10, 15, 17, 19, 24]",7,0.6,0.42857142857142855,0.5714285714285714,572.266759634018
3,30,300,5,0.3,1.0,718.6937673926648,bootstrap_l1,2.0,10,0.0,0.0,0.17548103525074588,0.9855555555555556,"[7, 10, 12, 15, 20]",5,0.4,0.4,0.6,561.7057948112488
