seed,p,n,k_star,p_edge,noise_scale,mu_scale,q_source,K_multiplier,K,mu_star,mu_star_relative,log_loss_star,auc_star,support,k_actual,S_recall,S_precision,C_inclusion,fit_seconds
3,30,300,3,0.2,1.0,101.94959343612152,oracle,2.0,6,1.019495934361215,0.009999999999999998,0.05133247809999101,0.998,"[3, 7, 12, 16]",4,1.0,0.75,0.25,201.39308834075928
3,30,300,3,0.2,1.0,101.94959343612152,uniform,2.0,6,0.0,0.0,0.04746240576787708,0.9993333333333332,"[3, 7, 12, 16]",4,1.0,0.75,0.25,202.0007185935974
3,30,300,3,0.2,1.0,101.94959343612152,adversarial,2.0,6,0.0,0.0,0.07502073701799578,0.9973333333333333,"[3, 7, 12, 16]",4,1.0,0.75,0.25,205.472727060318
3,30,300,3,0.2,1.0,101.94959343612152,pc,2.0,6,6.707602476195546,0.0657933224657568,0.05225450443888822,0.9988888888888889,"[3, 7, 16, 24, 25]",5,1.0,0.6,0.4,202.391991853714
3,30,300,3,0.2,1.0,101.94959343612152,ges,2.0,6,290.356098878521,2.848035868435799,0.05001322811103509,0.9993333333333332,"[3, 7, 16, 19, 24]",5,1.0,0.6,0.4,202.64519834518433
3,30,300,3,0.2,1.0,101.94959343612152,bootstrap_l1,2.0,6,1.9103492443413714,0.01873817422860384,0.039984427896911375,0.9997777777777778,"[3, 7, 12, 16]",4,1.0,0.75,0.25,188.93857264518738
