seed,p,n,k_star,p_edge,noise_scale,mu_scale,q_source,K_multiplier,K,mu_star,mu_star_relative,log_loss_star,auc_star,support,k_actual,S_recall,S_precision,C_inclusion,fit_seconds
10,30,300,5,0.2,1.0,134.40001758643473,oracle,2.0,10,1.3440001758643474,0.01,0.07714085669825596,0.9953333333333333,"[3, 8, 9, 10, 12, 14, 26, 28]",8,1.0,0.625,0.375,478.92062497138977
10,30,300,5,0.2,1.0,134.40001758643473,uniform,2.0,10,0.0,0.0,0.11270110713443426,0.994,"[2, 3, 8, 9, 10, 12, 19, 23, 26, 28]",10,0.8,0.4,0.6,509.5376408100128
10,30,300,5,0.2,1.0,134.40001758643473,adversarial,2.0,10,0.0,0.0,0.19608109167594528,0.9868888888888889,"[2, 3, 8, 9, 10, 12, 19, 23, 26, 28]",10,0.8,0.4,0.6,502.43181133270264
10,30,300,5,0.2,1.0,134.40001758643473,pc,2.0,10,8.842623696467685,0.0657933224657568,0.11063222652517113,0.9951111111111113,"[2, 3, 8, 10, 12, 15, 24, 26, 27, 28]",10,0.8,0.4,0.6,521.022572517395
10,30,300,5,0.2,1.0,134.40001758643473,ges,2.0,10,4.719042308278578,0.03511191734215131,0.07292849334775972,0.9960000000000001,"[1, 3, 10, 12, 14, 15, 26, 27, 28]",9,1.0,0.5555555555555556,0.4444444444444444,521.8648817539215
10,30,300,5,0.2,1.0,134.40001758643473,bootstrap_l1,2.0,10,4.719042308278578,0.03511191734215131,0.09631788358373203,0.9951111111111111,"[0, 1, 2, 3, 10, 12, 15, 16, 18, 26]",10,0.6,0.3,0.7,558.9460940361023
