seed,p,n,k_star,p_edge,noise_scale,mu_scale,q_source,K_multiplier,K,mu_star,mu_star_relative,log_loss_star,auc_star,support,k_actual,S_recall,S_precision,C_inclusion,fit_seconds
19,30,300,5,0.3,1.0,338.56591196286917,oracle,2.0,10,0.0,0.0,0.09589646274568131,0.9928888888888888,"[0, 3, 10, 14, 17, 20, 21, 23]",8,0.8,0.5,0.5,571.7020001411438
19,30,300,5,0.3,1.0,338.56591196286917,uniform,2.0,10,0.0,0.0,0.11027943405419498,0.9964444444444445,"[0, 3, 10, 14, 17, 20, 21, 23]",8,0.8,0.5,0.5,610.137707233429
19,30,300,5,0.3,1.0,338.56591196286917,adversarial,2.0,10,3.385659119628692,0.01,0.07349478034908853,0.9997777777777778,"[0, 1, 2, 6, 8, 15, 17, 21]",8,0.0,0.0,1.0,583.5003914833069
19,30,300,5,0.3,1.0,338.56591196286917,pc,2.0,10,3.385659119628692,0.01,0.030015951830155894,0.9995555555555555,"[2, 8, 19, 21, 23, 25, 29]",7,0.2,0.14285714285714285,0.8571428571428571,558.2898190021515
19,30,300,5,0.3,1.0,338.56591196286917,ges,2.0,10,3.385659119628692,0.01,0.05558706754907885,0.9977777777777778,"[3, 7, 10, 14, 20, 21, 23]",7,1.0,0.7142857142857143,0.2857142857142857,561.5607812404633
19,30,300,5,0.3,1.0,338.56591196286917,bootstrap_l1,2.0,10,0.0,0.0,0.08137611302630657,0.9968888888888889,"[0, 3, 10, 14, 17, 20, 21, 23]",8,0.8,0.5,0.5,610.0822403430939
