seed,p,n,k_star,p_edge,noise_scale,mu_scale,q_source,K_multiplier,K,mu_star,mu_star_relative,log_loss_star,auc_star,support,k_actual,S_recall,S_precision,C_inclusion,fit_seconds
6,30,500,5,0.2,1.0,792.0912752007516,oracle,2.0,10,7.920912752007516,0.01,0.07787051729971721,0.99672,"[1, 9, 10, 15, 19, 21, 22, 23, 24, 29]",10,0.8,0.4,0.6,596.4054164886475
6,30,500,5,0.2,1.0,792.0912752007516,uniform,2.0,10,0.0,0.0,0.09164787127160497,0.9964000000000001,"[9, 10, 14, 20, 21, 22, 23, 24, 29]",9,0.6,0.3333333333333333,0.6666666666666666,603.4663536548615
6,30,500,5,0.2,1.0,792.0912752007516,adversarial,2.0,10,0.0,0.0,0.09763583375811508,0.9956000000000002,"[9, 10, 14, 20, 21, 22, 23, 24, 29]",9,0.6,0.3333333333333333,0.6666666666666666,593.6096339225769
6,30,500,5,0.2,1.0,792.0912752007516,pc,2.0,10,97.65271459717547,0.12328467394420659,0.10365965786444761,0.994,"[1, 3, 10, 13, 21, 23, 24, 25, 28]",9,0.4,0.2222222222222222,0.7777777777777778,606.2937572002411
6,30,500,5,0.2,1.0,792.0912752007516,ges,2.0,10,52.11431669159556,0.0657933224657568,0.05503365786987123,0.99816,"[8, 9, 10, 15, 18, 19, 20, 21, 23, 29]",10,0.8,0.4,0.6,611.2414593696594
6,30,500,5,0.2,1.0,792.0912752007516,bootstrap_l1,2.0,10,4227.152899409074,5.336699231206306,0.047175700271036514,0.99896,"[1, 9, 10, 13, 21, 23, 24, 25, 28]",9,0.4,0.2222222222222222,0.7777777777777778,593.0939602851868
