seed,p,n,k_star,p_edge,noise_scale,mu_scale,q_source,K_multiplier,K,mu_star,mu_star_relative,log_loss_star,auc_star,support,k_actual,S_recall,S_precision,C_inclusion,fit_seconds
12,30,300,5,0.2,1.0,519.8702548673039,oracle,2.0,10,5.1987025486730385,0.01,0.05932505593826024,0.9982222222222221,"[0, 5, 8, 9, 11, 13, 17, 25, 29]",9,1.0,0.5555555555555556,0.4444444444444444,551.2974572181702
12,30,300,5,0.2,1.0,519.8702548673039,uniform,2.0,10,0.0,0.0,0.06330441698096957,0.9975555555555555,"[0, 5, 8, 9, 11, 13, 17, 25, 29]",9,1.0,0.5555555555555556,0.4444444444444444,580.9276778697968
12,30,300,5,0.2,1.0,519.8702548673039,adversarial,2.0,10,0.0,0.0,0.04430667084355957,0.9991111111111112,"[0, 5, 8, 9, 11, 13, 17, 25, 29]",9,1.0,0.5555555555555556,0.4444444444444444,583.9494004249573
12,30,300,5,0.2,1.0,519.8702548673039,pc,2.0,10,5.1987025486730385,0.01,0.0574859279900807,0.9968888888888889,"[0, 5, 8, 9, 11, 13, 25, 29]",8,1.0,0.625,0.375,540.9731719493866
12,30,300,5,0.2,1.0,519.8702548673039,ges,2.0,10,9.741419411972224,0.01873817422860384,0.03676630118624036,0.9995555555555555,"[0, 5, 6, 8, 11, 27, 29]",7,1.0,0.7142857142857143,0.2857142857142857,628.0622310638428
12,30,300,5,0.2,1.0,519.8702548673039,bootstrap_l1,2.0,10,5.1987025486730385,0.01,0.036616769444703344,0.9995555555555555,"[0, 8, 9, 11, 12, 13, 25, 27, 29]",9,0.8,0.4444444444444444,0.5555555555555556,592.7157351970673
