seed,p,n,k_star,p_edge,noise_scale,mu_scale,q_source,K_multiplier,K,mu_star,mu_star_relative,log_loss_star,auc_star,support,k_actual,S_recall,S_precision,C_inclusion,fit_seconds
1,30,500,5,0.2,1.0,221.45177215226406,oracle,2.0,10,0.0,0.0,0.07653555055130994,0.9965599999999999,"[1, 7, 9, 11, 12, 13, 15, 27]",8,1.0,0.625,0.375,589.9239115715027
1,30,500,5,0.2,1.0,221.45177215226406,uniform,2.0,10,0.0,0.0,0.08425697727943962,0.99672,"[1, 7, 9, 11, 12, 13, 15, 27]",8,1.0,0.625,0.375,583.2089474201202
1,30,500,5,0.2,1.0,221.45177215226406,adversarial,2.0,10,0.0,0.0,0.08454219650617964,0.9964000000000001,"[1, 7, 9, 11, 12, 13, 15, 27]",8,1.0,0.625,0.375,571.2250225543976
1,30,500,5,0.2,1.0,221.45177215226406,pc,2.0,10,95.86118569199479,0.4328761281083057,0.0744881980774996,0.9970399999999999,"[1, 7, 9, 13, 15, 26, 27]",7,1.0,0.7142857142857143,0.2857142857142857,650.534407377243
1,30,500,5,0.2,1.0,221.45177215226406,ges,2.0,10,2214.5177215226404,10.0,0.06727595284136714,0.99696,"[1, 7, 9, 11, 12, 13, 15, 27]",8,1.0,0.625,0.375,641.9754481315613
1,30,500,5,0.2,1.0,221.45177215226406,bootstrap_l1,2.0,10,4.149601889822204,0.01873817422860384,0.06242976634727724,0.9974399999999999,"[1, 7, 9, 11, 13, 15, 26, 27]",8,1.0,0.625,0.375,623.632110118866
