seed,p,n,k_star,p_edge,noise_scale,mu_scale,q_source,K_multiplier,K,mu_star,mu_star_relative,log_loss_star,auc_star,support,k_actual,S_recall,S_precision,C_inclusion,fit_seconds
6,30,300,5,0.1,1.0,44.4903040435251,oracle,2.0,10,0.0,0.0,0.2949375300358091,0.9704444444444444,"[6, 7, 9, 19, 21, 22, 23, 29]",8,1.0,0.625,0.125,475.3658936023712
6,30,300,5,0.1,1.0,44.4903040435251,uniform,2.0,10,0.0,0.0,0.18025532283902862,0.985111111111111,"[6, 7, 9, 19, 21, 22, 23, 29]",8,1.0,0.625,0.125,492.5457863807678
6,30,300,5,0.1,1.0,44.4903040435251,adversarial,2.0,10,5.484972627684607,0.12328467394420657,0.1730290456329512,0.9837777777777778,"[3, 5, 13, 17, 21, 23, 28, 29]",8,0.6,0.375,0.625,529.0323882102966
6,30,300,5,0.1,1.0,44.4903040435251,pc,2.0,10,126.70998171357375,2.848035868435799,0.18367301489518256,0.9868888888888888,"[3, 7, 15, 19, 21, 22, 23, 25, 29]",9,1.0,0.5555555555555556,0.2222222222222222,501.9854280948639
6,30,300,5,0.1,1.0,44.4903040435251,ges,2.0,10,19.258790552722445,0.4328761281083058,0.18789261737034182,0.9837777777777778,"[7, 9, 19, 21, 22, 23, 25, 29]",8,1.0,0.625,0.0,471.11664509773254
6,30,300,5,0.1,1.0,44.4903040435251,bootstrap_l1,2.0,10,36.08745728091028,0.8111308307896868,0.1818182582980909,0.9837777777777778,"[3, 6, 7, 19, 20, 21, 23, 24, 28, 29]",10,1.0,0.5,0.4,468.1244463920593
