seed,p,n,k_star,p_edge,noise_scale,mu_scale,q_source,K_multiplier,K,mu_star,mu_star_relative,log_loss_star,auc_star,support,k_actual,S_recall,S_precision,C_inclusion,fit_seconds
5,30,300,5,0.4,1.0,500.49327816584224,oracle,2.0,10,5.004932781658423,0.01,0.02164935861463248,1.0,"[2, 3, 4, 15, 20, 21, 22]",7,0.8,0.5714285714285714,0.42857142857142855,571.3932762145996
5,30,300,5,0.4,1.0,500.49327816584224,uniform,2.0,10,0.0,0.0,0.02160953498376622,1.0,"[1, 2, 3, 14, 15, 21, 22]",7,0.4,0.2857142857142857,0.7142857142857143,632.584641456604
5,30,300,5,0.4,1.0,500.49327816584224,adversarial,2.0,10,0.0,0.0,0.1919116020085659,0.9857777777777776,"[1, 2, 3, 14, 15, 21, 22]",7,0.4,0.2857142857142857,0.7142857142857143,592.9506285190582
5,30,300,5,0.4,1.0,500.49327816584224,pc,2.0,10,0.0,0.0,0.023844228059544146,1.0,"[1, 2, 3, 14, 15, 21, 22]",7,0.4,0.2857142857142857,0.7142857142857143,588.7630996704102
5,30,300,5,0.4,1.0,500.49327816584224,ges,2.0,10,5.004932781658423,0.01,0.021821455402417887,0.9997777777777778,"[2, 4, 7, 20, 21, 22]",6,0.8,0.6666666666666666,0.3333333333333333,630.7560448646545
5,30,300,5,0.4,1.0,500.49327816584224,bootstrap_l1,2.0,10,17.573278613261394,0.03511191734215131,0.02460807536084974,1.0,"[1, 2, 3, 14, 15, 20, 21]",7,0.4,0.2857142857142857,0.7142857142857143,619.376590013504
