seed,p,n,k_star,p_edge,noise_scale,mu_scale,q_source,K_multiplier,K,mu_star,mu_star_relative,log_loss_star,auc_star,support,k_actual,S_recall,S_precision,C_inclusion,fit_seconds
9,30,75,5,0.2,1.0,118.6482598786188,oracle,2.0,10,14.627512033183008,0.12328467394420659,0.2612823208441419,1.0,"[0, 5, 6, 10, 16, 18, 20, 27, 28]",9,0.8,0.4444444444444444,0.5555555555555556,453.4569082260132
9,30,75,5,0.2,1.0,118.6482598786188,uniform,2.0,10,0.0,0.0,0.19053468827068576,0.9964285714285716,"[0, 3, 16, 20, 26, 27, 29]",7,0.6,0.42857142857142855,0.5714285714285714,473.06863951683044
9,30,75,5,0.2,1.0,118.6482598786188,adversarial,2.0,10,1.186482598786188,0.01,0.25141157650725676,0.9964285714285716,"[0, 1, 3, 12, 13, 24, 27, 28]",8,0.0,0.0,1.0,468.2980890274048
9,30,75,5,0.2,1.0,118.6482598786188,pc,2.0,10,7.806263222194881,0.0657933224657568,0.20575413632955333,0.9928571428571429,"[0, 3, 5, 10, 13, 16, 26, 27]",8,0.4,0.25,0.75,373.5102586746216
9,30,75,5,0.2,1.0,118.6482598786188,ges,2.0,10,180.33480516259255,1.519911082952933,0.14255125877901023,0.9964285714285716,"[0, 3, 5, 12, 13, 16, 19, 20, 28]",9,0.6,0.3333333333333333,0.6666666666666666,236.41171526908875
9,30,75,5,0.2,1.0,118.6482598786188,bootstrap_l1,2.0,10,7.806263222194881,0.0657933224657568,0.21961906016185573,0.9928571428571429,"[0, 5, 6, 13, 16, 25, 27, 28]",8,0.4,0.25,0.75,206.0604705810547
