seed,p,n,k_star,p_edge,noise_scale,mu_scale,q_source,K_multiplier,K,mu_star,mu_star_relative,log_loss_star,auc_star,support,k_actual,S_recall,S_precision,C_inclusion,fit_seconds
6,30,300,3,0.2,1.0,586.520821457263,oracle,2.0,6,5.86520821457263,0.01,0.097580105005779,0.9968888888888887,"[9, 11, 19, 21, 22, 23]",6,0.6666666666666666,0.3333333333333333,0.6666666666666666,239.75684356689453
6,30,300,3,0.2,1.0,586.520821457263,uniform,2.0,6,0.0,0.0,0.10498236569784333,0.9948888888888888,"[9, 11, 19, 21, 22, 23]",6,0.6666666666666666,0.3333333333333333,0.6666666666666666,220.3803732395172
6,30,300,3,0.2,1.0,586.520821457263,adversarial,2.0,6,0.0,0.0,0.09192224507978135,0.9955555555555555,"[9, 11, 19, 21, 22, 23]",6,0.6666666666666666,0.3333333333333333,0.6666666666666666,229.018479347229
6,30,300,3,0.2,1.0,586.520821457263,pc,2.0,6,5.86520821457263,0.01,0.0942353766204899,0.9959999999999999,"[11, 15, 19, 21, 24]",5,0.6666666666666666,0.4,0.6,246.1423258781433
6,30,300,3,0.2,1.0,586.520821457263,ges,2.0,6,0.0,0.0,0.08834559490035106,0.9960000000000001,"[9, 11, 19, 21, 22, 23]",6,0.6666666666666666,0.3333333333333333,0.6666666666666666,265.14939856529236
6,30,300,3,0.2,1.0,586.520821457263,bootstrap_l1,2.0,6,20.5938706024581,0.03511191734215131,0.08765761302036938,0.9957777777777779,"[11, 18, 19, 21, 22, 24]",6,0.6666666666666666,0.3333333333333333,0.6666666666666666,225.51010823249817
