seed,p,n,k_star,p_edge,noise_scale,mu_scale,q_source,K_multiplier,K,mu_star,mu_star_relative,log_loss_star,auc_star,support,k_actual,S_recall,S_precision,C_inclusion,fit_seconds
3,30,75,5,0.2,1.0,30.70713134380771,oracle,2.0,10,1.0781862575583598,0.03511191734215131,0.41030282739249146,0.9857142857142858,"[0, 1, 3, 4, 5, 12, 15, 16, 20]",9,0.8,0.4444444444444444,0.5555555555555556,426.9579498767853
3,30,75,5,0.2,1.0,30.70713134380771,uniform,2.0,10,0.0,0.0,0.9071395929650565,0.9392857142857143,"[4, 7, 10, 12, 15, 17, 20, 25]",8,0.4,0.25,0.75,453.19482231140137
3,30,75,5,0.2,1.0,30.70713134380771,adversarial,2.0,10,1.0781862575583598,0.03511191734215131,0.4873050029268259,0.9607142857142857,"[4, 5, 6, 10, 11, 20, 24, 25, 28]",9,0.0,0.0,1.0,463.9006633758545
3,30,75,5,0.2,1.0,30.70713134380771,pc,2.0,10,0.0,0.0,0.11365590032897539,0.9928571428571429,"[4, 7, 10, 12, 15, 17, 20, 25]",8,0.4,0.25,0.75,468.7281858921051
3,30,75,5,0.2,1.0,30.70713134380771,ges,2.0,10,307.0713134380771,10.0,0.329130446011964,0.9714285714285715,"[4, 5, 6, 15, 16, 17, 20, 24, 26]",9,0.4,0.2222222222222222,0.7777777777777778,479.4805862903595
3,30,75,5,0.2,1.0,30.70713134380771,bootstrap_l1,2.0,10,0.3070713134380771,0.01,0.3155672456009157,0.9535714285714286,"[4, 7, 10, 12, 13, 15, 17, 20, 24]",9,0.4,0.2222222222222222,0.7777777777777778,464.45433831214905
