seed,p,n,k_star,p_edge,noise_scale,mu_scale,q_source,K_multiplier,K,mu_star,mu_star_relative,log_loss_star,auc_star,support,k_actual,S_recall,S_precision,C_inclusion,fit_seconds
0,10,300,5,0.2,1.0,49.95097031248598,oracle,2.0,10,0.0,0.0,0.16907051965810643,0.9864444444444445,"[0, 1, 2, 3, 5, 6, 8]",7,1.0,0.7142857142857143,0.2857142857142857,115.57936954498291
0,10,300,5,0.2,1.0,49.95097031248598,uniform,2.0,10,0.0,0.0,0.1550172241766134,0.9871111111111113,"[0, 1, 2, 3, 5, 6, 8]",7,1.0,0.7142857142857143,0.2857142857142857,111.94176745414734
0,10,300,5,0.2,1.0,49.95097031248598,adversarial,2.0,10,11.539322006684602,0.23101297000831592,0.13853905431362298,0.9893333333333333,"[0, 1, 2, 3, 5, 6, 8]",7,1.0,0.7142857142857143,0.2857142857142857,115.83823823928833
0,10,300,5,0.2,1.0,49.95097031248598,pc,2.0,10,40.51677204831773,0.8111308307896868,0.16452996919737997,0.9868888888888889,"[0, 1, 2, 3, 5, 6, 8]",7,1.0,0.7142857142857143,0.2857142857142857,112.49254775047302
0,10,300,5,0.2,1.0,49.95097031248598,ges,2.0,10,0.9359899846031803,0.01873817422860384,0.1568567577688476,0.9875555555555555,"[0, 1, 2, 3, 5, 6, 8]",7,1.0,0.7142857142857143,0.2857142857142857,113.1257004737854
0,10,300,5,0.2,1.0,49.95097031248598,bootstrap_l1,2.0,10,0.9359899846031803,0.01873817422860384,0.1771921753968781,0.9857777777777776,"[0, 1, 2, 3, 5, 6, 8]",7,1.0,0.7142857142857143,0.2857142857142857,117.14979791641235
