seed,p,n,k_star,p_edge,noise_scale,mu_scale,q_source,K_multiplier,K,mu_star,mu_star_relative,log_loss_star,auc_star,support,k_actual,S_recall,S_precision,C_inclusion,fit_seconds
9,30,300,5,0.4,1.0,2496.3645571284096,oracle,2.0,10,24.963645571284097,0.01,0.11573742803725766,0.9977777777777778,"[20, 21, 27, 28]",4,0.2,0.25,0.75,553.6804230213165
9,30,300,5,0.4,1.0,2496.3645571284096,uniform,2.0,10,0.0,0.0,0.1343831924986939,0.994,"[14, 21, 27, 28]",4,0.0,0.0,1.0,621.0860035419464
9,30,300,5,0.4,1.0,2496.3645571284096,adversarial,2.0,10,24.963645571284097,0.01,0.056263710239765154,0.9984444444444446,"[14, 21, 27, 28]",4,0.0,0.0,1.0,612.3647692203522
9,30,300,5,0.4,1.0,2496.3645571284096,pc,2.0,10,164.2441182992356,0.0657933224657568,0.07613877144501693,0.9984444444444444,"[14, 21]",2,0.0,0.0,1.0,520.1253352165222
9,30,300,5,0.4,1.0,2496.3645571284096,ges,2.0,10,24.963645571284097,0.01,0.036436100238270694,1.0,"[14, 16, 21, 22]",4,0.2,0.25,0.75,352.9134039878845
9,30,300,5,0.4,1.0,2496.3645571284096,bootstrap_l1,2.0,10,576.6925905657281,0.2310129700083159,0.11728616301585319,0.9940000000000001,"[21, 22, 24, 25, 27, 28]",6,0.0,0.0,1.0,338.2520227432251
