seed,p,n,k_star,p_edge,noise_scale,mu_scale,q_source,K_multiplier,K,mu_star,mu_star_relative,log_loss_star,auc_star,support,k_actual,S_recall,S_precision,C_inclusion,fit_seconds
5,30,300,5,0.6,1.0,11671.91482422681,oracle,2.0,10,0.0,0.0,0.03214022712678109,0.9993333333333332,"[0, 7, 14, 19, 24]",5,0.0,0.0,1.0,633.1679639816284
5,30,300,5,0.6,1.0,11671.91482422681,uniform,2.0,10,0.0,0.0,0.02804480026905807,0.9995555555555555,"[0, 7, 14, 19, 24]",5,0.0,0.0,1.0,659.3773717880249
5,30,300,5,0.6,1.0,11671.91482422681,adversarial,2.0,10,0.0,0.0,0.027592015700305526,0.9997777777777778,"[0, 7, 14, 19, 24]",5,0.0,0.0,1.0,627.5403435230255
5,30,300,5,0.6,1.0,11671.91482422681,pc,2.0,10,0.0,0.0,0.03249280052118479,0.9995555555555555,"[0, 7, 14, 19, 24]",5,0.0,0.0,1.0,573.2330164909363
5,30,300,5,0.6,1.0,11671.91482422681,ges,2.0,10,0.0,0.0,0.03351495028321696,1.0,"[0, 7, 14, 19, 24]",5,0.0,0.0,1.0,670.519672870636
5,30,300,5,0.6,1.0,11671.91482422681,bootstrap_l1,2.0,10,116.71914824226809,0.01,0.031147037440366353,0.9997777777777778,"[0, 14, 15, 19, 24]",5,0.0,0.0,1.0,618.7848432064056
