seed,p,n,k_star,p_edge,noise_scale,mu_scale,q_source,K_multiplier,K,mu_star,mu_star_relative,log_loss_star,auc_star,support,k_actual,S_recall,S_precision,C_inclusion,fit_seconds
10,30,300,5,0.6,1.0,5075.0646673774045,oracle,2.0,10,50.75064667377404,0.01,0.09734722747964393,0.9955555555555555,"[9, 10, 14]",3,0.4,0.6666666666666666,0.3333333333333333,645.7040140628815
10,30,300,5,0.6,1.0,5075.0646673774045,uniform,2.0,10,0.0,0.0,0.12235839053874391,0.9935555555555556,"[4, 9, 10, 11]",4,0.2,0.25,0.75,642.4234092235565
10,30,300,5,0.6,1.0,5075.0646673774045,adversarial,2.0,10,50.75064667377404,0.01,0.08564625399811045,0.9964444444444445,"[4, 6, 9, 11]",4,0.0,0.0,1.0,668.8044612407684
10,30,300,5,0.6,1.0,5075.0646673774045,pc,2.0,10,0.0,0.0,0.14865692611637754,0.9891111111111112,"[4, 9, 10, 11]",4,0.2,0.25,0.75,551.9647145271301
10,30,300,5,0.6,1.0,5075.0646673774045,ges,2.0,10,333.9053661953303,0.0657933224657568,0.024374359766274535,1.0,"[3, 10, 14, 19, 28, 29]",6,0.8,0.6666666666666666,0.3333333333333333,680.6729469299316
10,30,300,5,0.6,1.0,5075.0646673774045,bootstrap_l1,2.0,10,0.0,0.0,0.1449664415662873,0.9908888888888889,"[4, 9, 10, 11]",4,0.2,0.25,0.75,659.4443562030792
