seed,p,n,k_star,p_edge,noise_scale,mu_scale,q_source,K_multiplier,K,mu_star,mu_star_relative,log_loss_star,auc_star,support,k_actual,S_recall,S_precision,C_inclusion,fit_seconds
16,30,300,5,0.7,1.0,5932.716119741617,oracle,2.0,10,59.327161197416174,0.01,0.16111737988890956,0.9920000000000002,"[4, 9, 24, 25]",4,0.6,0.75,0.25,627.0384311676025
16,30,300,5,0.7,1.0,5932.716119741617,uniform,2.0,10,0.0,0.0,0.6148128901079696,0.7408888888888889,"[4, 9, 21, 25, 26]",5,0.6,0.6,0.4,649.7135329246521
16,30,300,5,0.7,1.0,5932.716119741617,adversarial,2.0,10,0.0,0.0,0.42240758919639854,0.9153333333333332,"[4, 9, 21, 25, 26]",5,0.6,0.6,0.4,651.7366216182709
16,30,300,5,0.7,1.0,5932.716119741617,pc,2.0,10,208.3090380108163,0.03511191734215131,0.3133093095768297,0.9246666666666666,"[4, 9, 14]",3,0.4,0.6666666666666666,0.3333333333333333,668.3240478038788
16,30,300,5,0.7,1.0,5932.716119741617,ges,2.0,10,59.327161197416174,0.01,0.25892929476477067,0.955111111111111,"[4, 9, 14, 29]",4,0.4,0.5,0.5,655.2970769405365
16,30,300,5,0.7,1.0,5932.716119741617,bootstrap_l1,2.0,10,0.0,0.0,0.2713313420837516,0.9317777777777778,"[4, 9, 21, 25, 26]",5,0.6,0.6,0.4,658.5419549942017
