seed,p,n,k_star,p_edge,noise_scale,mu_scale,q_source,K_multiplier,K,mu_star,mu_star_relative,log_loss_star,auc_star,support,k_actual,S_recall,S_precision,C_inclusion,fit_seconds
8,30,500,5,0.2,1.0,748.0465189925478,oracle,2.0,10,0.0,0.0,0.06288975587917689,0.99816,"[3, 5, 6, 8, 9, 10, 20, 22, 25]",9,0.8,0.4444444444444444,0.5555555555555556,666.3367974758148
8,30,500,5,0.2,1.0,748.0465189925478,uniform,2.0,10,0.0,0.0,0.07730941377586457,0.99656,"[3, 5, 6, 8, 9, 10, 20, 22, 25]",9,0.8,0.4444444444444444,0.5555555555555556,617.4038531780243
8,30,500,5,0.2,1.0,748.0465189925478,adversarial,2.0,10,0.0,0.0,0.09103769553895605,0.9962399999999999,"[3, 5, 6, 8, 9, 10, 20, 22, 25]",9,0.8,0.4444444444444444,0.5555555555555556,626.2999708652496
8,30,500,5,0.2,1.0,748.0465189925478,pc,2.0,10,323.8114807863903,0.4328761281083057,0.056167709111936005,0.99856,"[3, 5, 6, 8, 9, 10, 20, 22, 25]",9,0.8,0.4444444444444444,0.5555555555555556,640.0697350502014
8,30,500,5,0.2,1.0,748.0465189925478,ges,2.0,10,172.80844805685058,0.23101297000831592,0.043708068844411536,0.9991199999999999,"[5, 6, 8, 9, 13, 18, 20, 25]",8,0.8,0.5,0.5,682.786458492279
8,30,500,5,0.2,1.0,748.0465189925478,bootstrap_l1,2.0,10,0.0,0.0,0.04856382477552048,0.99896,"[3, 5, 6, 8, 9, 10, 20, 22, 25]",9,0.8,0.4444444444444444,0.5555555555555556,694.5516722202301
