seed,p,n,k_star,p_edge,noise_scale,mu_scale,q_source,K_multiplier,K,mu_star,mu_star_relative,log_loss_star,auc_star,support,k_actual,S_recall,S_precision,C_inclusion,fit_seconds
13,30,300,5,0.3,1.0,597.3171886477039,oracle,2.0,10,5.973171886477039,0.01,0.12152220751932197,0.9942222222222222,"[9, 10, 13, 16, 17, 19, 28]",7,0.4,0.2857142857142857,0.7142857142857143,632.3108642101288
13,30,300,5,0.3,1.0,597.3171886477039,uniform,2.0,10,0.0,0.0,0.11647413516534552,0.9931111111111111,"[6, 9, 12, 16, 19, 27, 28]",7,0.2,0.14285714285714285,0.8571428571428571,604.0488967895508
13,30,300,5,0.3,1.0,597.3171886477039,adversarial,2.0,10,5.973171886477039,0.01,0.07300081920458812,0.9982222222222223,"[0, 5, 9, 11, 15, 16, 27, 28]",8,0.0,0.0,1.0,619.1627986431122
13,30,300,5,0.3,1.0,597.3171886477039,pc,2.0,10,5.973171886477039,0.01,0.08089945745763669,0.9988888888888889,"[0, 10, 12, 15, 16, 18, 27, 28]",8,0.2,0.125,0.875,568.8144629001617
13,30,300,5,0.3,1.0,597.3171886477039,ges,2.0,10,484.50238747277217,0.8111308307896868,0.06722379473964027,0.9984444444444444,"[9, 16, 17]",3,0.2,0.3333333333333333,0.6666666666666666,674.5754098892212
13,30,300,5,0.3,1.0,597.3171886477039,bootstrap_l1,2.0,10,137.9880177865236,0.23101297000831594,0.10641251063530158,0.9904444444444443,"[9, 11, 16, 18, 26, 28]",6,0.2,0.16666666666666666,0.8333333333333334,621.6080090999603
