seed,p,n,k_star,p_edge,noise_scale,mu_scale,q_source,K_multiplier,K,mu_star,mu_star_relative,log_loss_star,auc_star,support,k_actual,S_recall,S_precision,C_inclusion,fit_seconds
12,30,300,5,0.3,1.0,399.3702155393772,oracle,2.0,10,3.9937021553937724,0.01,0.035103555745973,1.0,"[0, 5, 8, 11, 15, 25, 26, 29]",8,1.0,0.625,0.375,558.7205829620361
12,30,300,5,0.3,1.0,399.3702155393772,uniform,2.0,10,0.0,0.0,0.08102979728300509,0.9966666666666667,"[0, 5, 8, 11, 15, 25, 26, 29]",8,1.0,0.625,0.375,592.5053095817566
12,30,300,5,0.3,1.0,399.3702155393772,adversarial,2.0,10,0.0,0.0,0.04164741322976991,0.9984444444444446,"[0, 5, 8, 11, 15, 25, 26, 29]",8,1.0,0.625,0.375,592.6682999134064
12,30,300,5,0.3,1.0,399.3702155393772,pc,2.0,10,0.0,0.0,0.0492652422447481,0.998,"[0, 5, 8, 11, 15, 25, 26, 29]",8,1.0,0.625,0.375,525.9444713592529
12,30,300,5,0.3,1.0,399.3702155393772,ges,2.0,10,14.022653996935764,0.03511191734215131,0.022857292821741627,1.0,"[0, 5, 8, 11, 13, 19, 25, 29]",8,1.0,0.625,0.375,552.9756236076355
12,30,300,5,0.3,1.0,399.3702155393772,bootstrap_l1,2.0,10,0.0,0.0,0.04258588126935519,0.9986666666666666,"[0, 5, 8, 11, 15, 25, 26, 29]",8,1.0,0.625,0.375,582.2113728523254
