seed,p,n,k_star,p_edge,noise_scale,mu_scale,q_source,K_multiplier,K,mu_star,mu_star_relative,log_loss_star,auc_star,support,k_actual,S_recall,S_precision,C_inclusion,fit_seconds
6,10,300,5,0.2,1.0,80.00012903240216,oracle,2.0,10,1.49905635611994,0.01873817422860384,0.030533882064129186,0.9997777777777778,"[1, 2, 5, 6, 7, 9]",6,0.8,0.6666666666666666,0.3333333333333333,136.1147985458374
6,10,300,5,0.2,1.0,80.00012903240216,uniform,2.0,10,0.0,0.0,0.031006468584539683,0.9997777777777778,"[1, 2, 5, 6, 7, 9]",6,0.8,0.6666666666666666,0.3333333333333333,126.94292044639587
6,10,300,5,0.2,1.0,80.00012903240216,adversarial,2.0,10,2.8089579179471436,0.03511191734215131,0.03994467109146027,0.9986666666666668,"[1, 2, 5, 6, 7, 9]",6,0.8,0.6666666666666666,0.3333333333333333,131.30309057235718
6,10,300,5,0.2,1.0,80.00012903240216,pc,2.0,10,0.0,0.0,0.031391881254593836,0.9995555555555555,"[1, 2, 5, 6, 7, 9]",6,0.8,0.6666666666666666,0.3333333333333333,127.6389467716217
6,10,300,5,0.2,1.0,80.00012903240216,ges,2.0,10,5.263474286730987,0.0657933224657568,0.023463017733698473,1.0,"[1, 2, 4, 5, 6, 7, 9]",7,1.0,0.7142857142857143,0.2857142857142857,135.4354112148285
6,10,300,5,0.2,1.0,80.00012903240216,bootstrap_l1,2.0,10,0.0,0.0,0.042302791761830924,0.9988888888888889,"[1, 2, 5, 6, 7, 9]",6,0.8,0.6666666666666666,0.3333333333333333,143.22823214530945
