seed,p,n,k_star,p_edge,noise_scale,mu_scale,q_source,K_multiplier,K,mu_star,mu_star_relative,log_loss_star,auc_star,support,k_actual,S_recall,S_precision,C_inclusion,fit_seconds
9,30,300,5,0.3,1.0,4501.565729932447,oracle,2.0,10,45.01565729932447,0.01,0.03588066229887099,0.9995555555555555,"[0, 16, 20, 22, 26, 29]",6,0.6,0.5,0.5,550.2747519016266
9,30,300,5,0.3,1.0,4501.565729932447,uniform,2.0,10,0.0,0.0,0.2671402215501931,0.9873333333333333,"[0, 14, 20, 26, 27, 28, 29]",7,0.4,0.2857142857142857,0.7142857142857143,565.7633020877838
9,30,300,5,0.3,1.0,4501.565729932447,adversarial,2.0,10,0.0,0.0,0.1159468345634704,0.9911111111111112,"[0, 14, 20, 26, 27, 28, 29]",7,0.4,0.2857142857142857,0.7142857142857143,627.7182817459106
9,30,300,5,0.3,1.0,4501.565729932447,pc,2.0,10,45.01565729932447,0.01,0.0373093438411864,0.9988888888888889,"[0, 14, 21, 22, 26, 28, 29]",7,0.2,0.14285714285714285,0.8571428571428571,587.8752837181091
9,30,300,5,0.3,1.0,4501.565729932447,ges,2.0,10,84.3511229489864,0.01873817422860384,0.03224243866203262,0.9995555555555555,"[0, 8, 20, 29]",4,0.4,0.5,0.5,634.0100708007812
9,30,300,5,0.3,1.0,4501.565729932447,bootstrap_l1,2.0,10,1039.920068959347,0.2310129700083159,0.02325577288243632,0.9997777777777778,"[0, 14, 15, 17, 26, 27, 28]",7,0.0,0.0,1.0,455.9233777523041
