seed,p,n,k_star,p_edge,noise_scale,mu_scale,q_source,K_multiplier,K,mu_star,mu_star_relative,log_loss_star,auc_star,support,k_actual,S_recall,S_precision,C_inclusion,fit_seconds
5,30,100,5,0.2,1.0,24.992359739370983,oracle,2.0,10,0.24992359739370984,0.01,0.04416756866763129,1.0,"[2, 4, 7, 12, 20, 22, 27]",7,1.0,0.7142857142857143,0.2857142857142857,460.27473425865173
5,30,100,5,0.2,1.0,24.992359739370983,uniform,2.0,10,0.0,0.0,0.07965189354840183,0.998,"[2, 4, 15, 16, 22, 26, 27]",7,0.8,0.5714285714285714,0.42857142857142855,464.43006587028503
5,30,100,5,0.2,1.0,24.992359739370983,adversarial,2.0,10,0.24992359739370984,0.01,0.0938174702769335,1.0,"[2, 6, 13, 18, 20, 23]",6,0.4,0.3333333333333333,0.6666666666666666,444.1759297847748
5,30,100,5,0.2,1.0,24.992359739370983,pc,2.0,10,0.8775296693541041,0.03511191734215131,0.05353258150923322,0.998,"[2, 4, 16, 22, 26, 27]",6,0.8,0.6666666666666666,0.3333333333333333,496.7925651073456
5,30,100,5,0.2,1.0,24.992359739370983,ges,2.0,10,0.8775296693541041,0.03511191734215131,0.09290500312139373,1.0,"[2, 4, 7, 14, 22, 24, 26, 27]",8,0.8,0.5,0.5,498.4862771034241
5,30,100,5,0.2,1.0,24.992359739370983,bootstrap_l1,2.0,10,71.17913697457934,2.848035868435799,0.039881357217988925,0.998,"[2, 4, 9, 16, 20, 22, 24, 27]",8,1.0,0.625,0.375,490.7400598526001
