seed,p,n,k_star,p_edge,noise_scale,mu_scale,q_source,K_multiplier,K,mu_star,mu_star_relative,log_loss_star,auc_star,support,k_actual,S_recall,S_precision,C_inclusion,fit_seconds
8,30,300,5,0.2,2.0,978.4785376480221,oracle,2.0,10,9.78478537648022,0.01,0.0382328360919452,0.9991111111111112,"[3, 5, 6, 8, 9, 16, 20, 25, 29]",9,0.8,0.4444444444444444,0.5555555555555556,491.4253845214844
8,30,300,5,0.2,2.0,978.4785376480221,uniform,2.0,10,0.0,0.0,0.02376794641091304,0.9995555555555555,"[3, 6, 8, 9, 16, 20, 23, 25]",8,0.6,0.375,0.625,529.508867263794
8,30,300,5,0.2,2.0,978.4785376480221,adversarial,2.0,10,0.0,0.0,0.05451431466953728,0.9971111111111111,"[3, 6, 8, 9, 16, 20, 23, 25]",8,0.6,0.375,0.625,539.972870349884
8,30,300,5,0.2,2.0,978.4785376480221,pc,2.0,10,0.0,0.0,0.03231439692527156,0.9991111111111112,"[3, 6, 8, 9, 16, 20, 23, 25]",8,0.6,0.375,0.625,533.9553461074829
8,30,300,5,0.2,2.0,978.4785376480221,ges,2.0,10,226.04123307146335,0.23101297000831592,0.04546811899337472,0.9991111111111112,"[5, 6, 9, 13, 18, 20, 25]",7,0.8,0.5714285714285714,0.42857142857142855,617.5983228683472
8,30,300,5,0.2,2.0,978.4785376480221,bootstrap_l1,2.0,10,226.04123307146335,0.23101297000831592,0.014444389507119033,1.0,"[3, 6, 9, 16, 20, 23, 25]",7,0.6,0.42857142857142855,0.5714285714285714,565.2730360031128
