seed,p,n,k_star,p_edge,noise_scale,mu_scale,q_source,K_multiplier,K,mu_star,mu_star_relative,log_loss_star,auc_star,support,k_actual,S_recall,S_precision,C_inclusion,fit_seconds
4,30,300,3,0.2,1.0,120.46546833912595,oracle,2.0,6,0.0,0.0,0.03644985236772364,0.9991111111111112,"[6, 7, 20, 24, 29]",5,1.0,0.6,0.4,214.45685267448425
4,30,300,3,0.2,1.0,120.46546833912595,uniform,2.0,6,0.0,0.0,0.03881486468222302,0.9995555555555555,"[6, 7, 20, 24, 29]",5,1.0,0.6,0.4,230.49541664123535
4,30,300,3,0.2,1.0,120.46546833912595,adversarial,2.0,6,0.0,0.0,0.053546490060529264,0.9975555555555555,"[6, 7, 20, 24, 29]",5,1.0,0.6,0.4,225.26930022239685
4,30,300,3,0.2,1.0,120.46546833912595,pc,2.0,6,4.229773566906935,0.03511191734215131,0.040644076444059554,0.9993333333333332,"[7, 20, 23, 26, 29]",5,1.0,0.6,0.4,251.79536724090576
4,30,300,3,0.2,1.0,120.46546833912595,ges,2.0,6,2.257302934268902,0.01873817422860384,0.033435529155440014,1.0,"[1, 7, 20, 29]",4,1.0,0.75,0.25,236.96036005020142
4,30,300,3,0.2,1.0,120.46546833912595,bootstrap_l1,2.0,6,0.0,0.0,0.03737291679952929,0.9997777777777778,"[6, 7, 20, 24, 29]",5,1.0,0.6,0.4,233.55105066299438
