seed,p,n,k_star,p_edge,noise_scale,mu_scale,q_source,K_multiplier,K,mu_star,mu_star_relative,log_loss_star,auc_star,support,k_actual,S_recall,S_precision,C_inclusion,fit_seconds
2,30,75,5,0.2,1.0,34.58229546507566,oracle,2.0,10,0.6480090776496442,0.01873817422860384,0.303791380662067,0.9892857142857142,"[2, 8, 10, 14, 18, 23, 28, 29]",8,1.0,0.625,0.375,432.43081855773926
2,30,75,5,0.2,1.0,34.58229546507566,uniform,2.0,10,0.0,0.0,0.3196984672023004,0.975,"[2, 6, 10, 11, 14, 23, 28]",7,0.6,0.42857142857142855,0.5714285714285714,435.67998147010803
2,30,75,5,0.2,1.0,34.58229546507566,adversarial,2.0,10,0.34582295465075663,0.01,0.3456101248497123,0.9678571428571429,"[6, 10, 11, 14, 16, 17, 18, 19, 23, 28]",10,0.4,0.2,0.8,448.28441071510315
2,30,75,5,0.2,1.0,34.58229546507566,pc,2.0,10,0.6480090776496442,0.01873817422860384,0.19412301239525914,0.9821428571428571,"[2, 6, 10, 11, 14, 15, 19, 28]",8,0.6,0.375,0.625,451.79775404930115
2,30,75,5,0.2,1.0,34.58229546507566,ges,2.0,10,52.562014151321456,1.5199110829529332,0.24225675106811181,0.9857142857142858,"[2, 6, 8, 10, 14, 15, 17, 18, 19]",9,0.8,0.4444444444444444,0.5555555555555556,512.2863259315491
2,30,75,5,0.2,1.0,34.58229546507566,bootstrap_l1,2.0,10,0.6480090776496442,0.01873817422860384,0.29674367711474836,0.9928571428571429,"[10, 14, 15, 16, 17, 18, 19, 23, 28]",9,0.4,0.2222222222222222,0.7777777777777778,447.2970850467682
