seed,p,n,k_star,p_edge,noise_scale,mu_scale,q_source,K_multiplier,K,mu_star,mu_star_relative,log_loss_star,auc_star,support,k_actual,S_recall,S_precision,C_inclusion,fit_seconds
2,30,300,5,0.6,1.0,4555.801078610122,oracle,2.0,10,45.55801078610122,0.01,0.07325915378219576,0.9971111111111111,"[2, 8, 15]",3,0.4,0.6666666666666666,0.3333333333333333,633.9498908519745
2,30,300,5,0.6,1.0,4555.801078610122,uniform,2.0,10,0.0,0.0,0.38991800657705905,0.9377777777777778,"[13, 15]",2,0.0,0.0,1.0,666.8258628845215
2,30,300,5,0.6,1.0,4555.801078610122,adversarial,2.0,10,45.55801078610122,0.01,0.3353810014378433,0.961111111111111,"[13, 15, 16]",3,0.0,0.0,1.0,663.1628987789154
2,30,300,5,0.6,1.0,4555.801078610122,pc,2.0,10,0.0,0.0,0.3751518748714559,0.9366666666666668,"[13, 15]",2,0.0,0.0,1.0,664.4932510852814
2,30,300,5,0.6,1.0,4555.801078610122,ges,2.0,10,159.9629108994424,0.03511191734215131,0.264768580090187,0.9733333333333334,"[13, 15, 24, 25, 29]",5,0.2,0.2,0.8,630.9140086174011
2,30,300,5,0.6,1.0,4555.801078610122,bootstrap_l1,2.0,10,0.0,0.0,0.24209428700109897,0.9704444444444447,"[13, 15]",2,0.0,0.0,1.0,644.895161151886
