seed,p,n,k_star,p_edge,noise_scale,mu_scale,q_source,K_multiplier,K,mu_star,mu_star_relative,log_loss_star,auc_star,support,k_actual,S_recall,S_precision,C_inclusion,fit_seconds
2,10,300,5,0.2,1.0,66.94972177966487,oracle,2.0,10,0.0,0.0,0.08407936598086199,0.9957777777777779,"[1, 2, 4, 6, 9]",5,1.0,1.0,0.0,124.4985613822937
2,10,300,5,0.2,1.0,66.94972177966487,uniform,2.0,10,0.0,0.0,0.0823672255230671,0.9942222222222222,"[1, 2, 4, 6, 9]",5,1.0,1.0,0.0,120.074063539505
2,10,300,5,0.2,1.0,66.94972177966487,adversarial,2.0,10,0.0,0.0,0.0760880071461373,0.9964444444444445,"[1, 2, 4, 6, 9]",5,1.0,1.0,0.0,121.1241683959961
2,10,300,5,0.2,1.0,66.94972177966487,pc,2.0,10,15.466254069550816,0.23101297000831592,0.07230120208418163,0.9971111111111111,"[1, 2, 4, 6, 9]",5,1.0,1.0,0.0,123.10261845588684
2,10,300,5,0.2,1.0,66.94972177966487,ges,2.0,10,0.0,0.0,0.11831476705111388,0.9935555555555556,"[1, 2, 4, 6, 9]",5,1.0,1.0,0.0,118.86724185943604
2,10,300,5,0.2,1.0,66.94972177966487,bootstrap_l1,2.0,10,0.0,0.0,0.08438441670147027,0.9973333333333334,"[1, 2, 4, 6, 9]",5,1.0,1.0,0.0,127.43026876449585
