seed,p,n,k_star,p_edge,noise_scale,mu_scale,q_source,K_multiplier,K,mu_star,mu_star_relative,log_loss_star,auc_star,support,k_actual,S_recall,S_precision,C_inclusion,fit_seconds
5,30,300,5,0.5,1.0,2350.2959425008517,oracle,2.0,10,23.502959425008516,0.01,0.041204310045439854,0.998888888888889,"[7, 19, 20, 22, 27]",5,0.6,0.6,0.4,617.8607337474823
5,30,300,5,0.5,1.0,2350.2959425008517,uniform,2.0,10,0.0,0.0,0.0950468502679623,0.9913333333333334,"[1, 6, 12, 16, 19, 27]",6,0.2,0.16666666666666666,0.8333333333333334,625.8484027385712
5,30,300,5,0.5,1.0,2350.2959425008517,adversarial,2.0,10,0.0,0.0,0.09091917270388605,0.9940000000000001,"[1, 6, 12, 16, 19, 27]",6,0.2,0.16666666666666666,0.8333333333333334,638.4850833415985
5,30,300,5,0.5,1.0,2350.2959425008517,pc,2.0,10,44.04025485936163,0.01873817422860384,0.033647547662850386,0.9986666666666666,"[1, 2, 14, 19, 27, 28]",6,0.4,0.3333333333333333,0.6666666666666666,569.6286494731903
5,30,300,5,0.5,1.0,2350.2959425008517,ges,2.0,10,0.0,0.0,0.06559981035067716,0.9960000000000001,"[1, 6, 12, 16, 19, 27]",6,0.2,0.16666666666666666,0.8333333333333334,656.8860509395599
5,30,300,5,0.5,1.0,2350.2959425008517,bootstrap_l1,2.0,10,289.75546894360923,0.1232846739442066,0.041344161073996584,0.9988888888888889,"[1, 4, 5, 6, 7, 18, 27]",7,0.4,0.2857142857142857,0.7142857142857143,656.1970040798187
