seed,p,n,k_star,p_edge,noise_scale,mu_scale,q_source,K_multiplier,K,mu_star,mu_star_relative,log_loss_star,auc_star,support,k_actual,S_recall,S_precision,C_inclusion,fit_seconds
9,30,300,3,0.2,1.0,381.4689153955559,oracle,2.0,6,0.0,0.0,0.11192750596991903,0.9926666666666666,"[16, 20, 29]",3,1.0,1.0,0.0,219.033855676651
9,30,300,3,0.2,1.0,381.4689153955559,uniform,2.0,6,0.0,0.0,0.08885341052095831,0.9971111111111111,"[16, 20, 29]",3,1.0,1.0,0.0,207.79987597465515
9,30,300,3,0.2,1.0,381.4689153955559,adversarial,2.0,6,0.0,0.0,0.11335379137058592,0.9944444444444445,"[16, 20, 29]",3,1.0,1.0,0.0,209.50655674934387
9,30,300,3,0.2,1.0,381.4689153955559,pc,2.0,6,0.0,0.0,0.08168382389991781,0.9955555555555555,"[16, 20, 29]",3,1.0,1.0,0.0,246.57938075065613
9,30,300,3,0.2,1.0,381.4689153955559,ges,2.0,6,0.0,0.0,0.08335161844087244,0.998,"[16, 20, 29]",3,1.0,1.0,0.0,206.74090242385864
9,30,300,3,0.2,1.0,381.4689153955559,bootstrap_l1,2.0,6,165.1287870901031,0.4328761281083057,0.08178954740295764,0.9966666666666667,"[1, 16, 20, 22, 24, 29]",6,1.0,0.5,0.3333333333333333,191.4460346698761
