seed,p,n,k_star,p_edge,noise_scale,mu_scale,q_source,K_multiplier,K,mu_star,mu_star_relative,log_loss_star,auc_star,support,k_actual,S_recall,S_precision,C_inclusion,fit_seconds
2,30,200,5,0.2,1.0,100.9581635709834,oracle,2.0,10,3.5448346943197606,0.03511191734215131,0.19326717237497865,0.9894999999999999,"[2, 10, 11, 14, 19, 22, 26]",7,0.6,0.42857142857142855,0.5714285714285714,495.65278673171997
2,30,200,5,0.2,1.0,100.9581635709834,uniform,2.0,10,0.0,0.0,0.2910138352739254,0.9855,"[10, 11, 13, 14, 17, 18, 19, 22, 27]",9,0.4,0.2222222222222222,0.7777777777777778,502.37670373916626
2,30,200,5,0.2,1.0,100.9581635709834,adversarial,2.0,10,1.009581635709834,0.009999999999999998,0.23504440681161634,0.9884999999999999,"[3, 11, 12, 14, 17, 18, 19, 22, 26, 28]",10,0.2,0.1,0.9,520.2525107860565
2,30,200,5,0.2,1.0,100.9581635709834,pc,2.0,10,81.89027909233286,0.8111308307896868,0.14800277941129777,0.9925,"[8, 10, 11, 12, 14, 15, 17, 19, 27]",9,0.6,0.3333333333333333,0.6666666666666666,545.5330626964569
2,30,200,5,0.2,1.0,100.9581635709834,ges,2.0,10,287.5324710615692,2.8480358684357996,0.12844930820231135,0.99,"[2, 10, 14, 17, 19, 20, 29]",7,0.8,0.5714285714285714,0.42857142857142855,584.9202671051025
2,30,200,5,0.2,1.0,100.9581635709834,bootstrap_l1,2.0,10,538.7833539132677,5.336699231206307,0.22170631065104365,0.9865,"[8, 10, 14, 15, 17, 19, 22, 23, 28, 29]",10,0.8,0.4,0.6,585.8353967666626
