seed,p,n,k_star,p_edge,noise_scale,mu_scale,q_source,K_multiplier,K,mu_star,mu_star_relative,log_loss_star,auc_star,support,k_actual,S_recall,S_precision,C_inclusion,fit_seconds
9,50,300,5,0.2,1.0,947.9638165631918,oracle,2.0,10,33.284827170517076,0.03511191734215131,0.043317974653426725,0.9991111111111112,"[11, 13, 15, 22, 25, 33, 39, 40]",8,0.6,0.375,0.625,577.5550155639648
9,50,300,5,0.2,1.0,947.9638165631918,uniform,2.0,10,0.0,0.0,0.20506551991828187,0.9846666666666668,"[17, 22, 28, 30, 39]",5,0.0,0.0,1.0,512.5564856529236
9,50,300,5,0.2,1.0,947.9638165631918,adversarial,2.0,10,0.0,0.0,0.1513035394819326,0.9877777777777779,"[17, 22, 28, 30, 39]",5,0.0,0.0,1.0,342.5591685771942
9,50,300,5,0.2,1.0,947.9638165631918,pc,2.0,10,0.0,0.0,0.1821706452046841,0.9831111111111112,"[17, 22, 28, 30, 39]",5,0.0,0.0,1.0,314.9804434776306
9,50,300,5,0.2,1.0,947.9638165631918,ges,2.0,10,9.479638165631918,0.01,0.02026517939275362,1.0,"[13, 15, 22, 25, 47]",5,0.8,0.8,0.2,363.8731849193573
9,50,300,5,0.2,1.0,947.9638165631918,bootstrap_l1,2.0,10,62.3696890690116,0.0657933224657568,0.023612123142182345,1.0,"[11, 15, 17, 22, 24, 25, 30, 39, 40]",9,0.4,0.2222222222222222,0.7777777777777778,337.4121558666229
