seed,p,n,k_star,p_edge,noise_scale,mu_scale,q_source,K_multiplier,K,mu_star,mu_star_relative,log_loss_star,auc_star,support,k_actual,S_recall,S_precision,C_inclusion,fit_seconds
3,30,300,5,0.2,1.0,89.05840694065654,oracle,2.0,10,1.6687919457759237,0.01873817422860384,0.08450933371755884,0.9968888888888889,"[1, 3, 4, 7, 8, 15, 16, 20, 21, 23]",10,1.0,0.5,0.5,507.42357420921326
3,30,300,5,0.2,1.0,89.05840694065654,uniform,2.0,10,0.0,0.0,0.08397318051610789,0.9955555555555555,"[1, 4, 5, 6, 7, 15, 16, 23, 25, 28]",10,0.8,0.4,0.6,532.06600522995
3,30,300,5,0.2,1.0,89.05840694065654,adversarial,2.0,10,0.0,0.0,0.06313822965390303,0.9977777777777778,"[1, 4, 5, 6, 7, 15, 16, 23, 25, 28]",10,0.8,0.4,0.6,499.9160752296448
3,30,300,5,0.2,1.0,89.05840694065654,pc,2.0,10,10.979536661669306,0.12328467394420659,0.06862099786870299,0.9986666666666666,"[4, 5, 6, 10, 15, 16, 20, 21, 23]",9,0.4,0.2222222222222222,0.7777777777777778,571.9906024932861
3,30,300,5,0.2,1.0,89.05840694065654,ges,2.0,10,20.573647091570283,0.23101297000831592,0.05710495541843748,0.9982222222222223,"[1, 3, 5, 15, 16, 20, 24, 25, 28]",9,0.8,0.4444444444444444,0.5555555555555556,597.8385889530182
3,30,300,5,0.2,1.0,89.05840694065654,bootstrap_l1,2.0,10,1.6687919457759237,0.01873817422860384,0.06172786793832773,0.9986666666666666,"[1, 3, 4, 5, 6, 15, 16, 23, 24, 25]",10,0.8,0.4,0.6,555.0579626560211
