seed,p,n,k_star,p_edge,noise_scale,mu_scale,q_source,K_multiplier,K,mu_star,mu_star_relative,log_loss_star,auc_star,support,k_actual,S_recall,S_precision,C_inclusion,fit_seconds
0,15,300,5,0.2,1.0,34.03483498950457,oracle,2.0,10,1.1950283129052435,0.03511191734215131,0.11296257322523137,0.994,"[0, 1, 4, 5, 6, 8, 9, 11, 12, 14]",10,1.0,0.5,0.5,355.5300796031952
0,15,300,5,0.2,1.0,34.03483498950457,uniform,2.0,10,0.0,0.0,0.12409656996965387,0.9917777777777778,"[0, 1, 4, 5, 6, 8, 9, 11, 12, 14]",10,1.0,0.5,0.5,380.5800037384033
0,15,300,5,0.2,1.0,34.03483498950457,adversarial,2.0,10,0.0,0.0,0.12445576009553345,0.9944444444444445,"[0, 1, 4, 5, 6, 8, 9, 11, 12, 14]",10,1.0,0.5,0.5,403.3071758747101
0,15,300,5,0.2,1.0,34.03483498950457,pc,2.0,10,7.8624883146684,0.23101297000831592,0.11154634880476785,0.9928888888888888,"[0, 1, 4, 5, 6, 8, 9, 11, 12, 14]",10,1.0,0.5,0.5,358.69410729408264
0,15,300,5,0.2,1.0,34.03483498950457,ges,2.0,10,181.63367772272252,5.336699231206307,0.08787025509074083,0.9975555555555555,"[0, 1, 4, 5, 6, 8, 9, 11, 12, 14]",10,1.0,0.5,0.5,360.17119121551514
0,15,300,5,0.2,1.0,34.03483498950457,bootstrap_l1,2.0,10,4.195973534425944,0.12328467394420657,0.10716217269059458,0.9926666666666666,"[0, 1, 4, 5, 6, 7, 8, 14]",8,1.0,0.625,0.375,385.08106660842896
