seed,p,n,k_star,p_edge,noise_scale,mu_scale,q_source,K_multiplier,K,mu_star,mu_star_relative,log_loss_star,auc_star,support,k_actual,S_recall,S_precision,C_inclusion,fit_seconds
13,30,300,5,0.2,1.0,314.5963029770208,oracle,2.0,10,5.894960336858057,0.01873817422860384,0.12769849650344017,0.9906666666666666,"[3, 5, 6, 10, 13, 17, 18, 24, 26]",9,1.0,0.5555555555555556,0.4444444444444444,500.219482421875
13,30,300,5,0.2,1.0,314.5963029770208,uniform,2.0,10,0.0,0.0,0.1747403637591327,0.9913333333333334,"[3, 6, 10, 13, 17, 24, 26]",7,1.0,0.7142857142857143,0.2857142857142857,555.5974543094635
13,30,300,5,0.2,1.0,314.5963029770208,adversarial,2.0,10,3.145963029770208,0.01,0.16157872772589985,0.9895555555555557,"[0, 3, 4, 9, 11, 13, 18, 22, 27]",9,0.0,0.0,1.0,575.4215440750122
13,30,300,5,0.2,1.0,314.5963029770208,pc,2.0,10,3.145963029770208,0.01,0.18785585059103443,0.9815555555555555,"[5, 6, 10, 13, 17, 18, 24, 26, 27]",9,1.0,0.5555555555555556,0.4444444444444444,505.0995988845825
13,30,300,5,0.2,1.0,314.5963029770208,ges,2.0,10,72.67582630435757,0.23101297000831592,0.10280529766033335,0.9955555555555555,"[6, 10, 17, 18, 24, 26]",6,1.0,0.8333333333333334,0.16666666666666666,561.9733326435089
13,30,300,5,0.2,1.0,314.5963029770208,bootstrap_l1,2.0,10,0.0,0.0,0.2109803013372681,0.9908888888888889,"[3, 6, 10, 13, 17, 24, 26]",7,1.0,0.7142857142857143,0.2857142857142857,497.959201335907
