seed,p,n,k_star,p_edge,noise_scale,mu_scale,q_source,K_multiplier,K,mu_star,mu_star_relative,log_loss_star,auc_star,support,k_actual,S_recall,S_precision,C_inclusion,fit_seconds
11,30,300,5,0.2,1.0,361.40791749345817,oracle,2.0,10,3.6140791749345818,0.01,0.03930121965103916,0.9988888888888889,"[0, 2, 4, 5, 8, 9, 17, 18, 29]",9,0.8,0.4444444444444444,0.5555555555555556,552.3156092166901
11,30,300,5,0.2,1.0,361.40791749345817,uniform,2.0,10,0.0,0.0,0.07819112393652511,0.9953333333333333,"[2, 4, 5, 8, 9, 27]",6,0.4,0.3333333333333333,0.6666666666666666,547.6760683059692
11,30,300,5,0.2,1.0,361.40791749345817,adversarial,2.0,10,3.6140791749345818,0.01,0.07440225794362093,0.9973333333333333,"[0, 1, 2, 3, 4, 12, 13, 27]",8,0.0,0.0,1.0,541.7378177642822
11,30,300,5,0.2,1.0,361.40791749345817,pc,2.0,10,1029.3027121580549,2.8480358684357996,0.02480325824565697,0.9995555555555555,"[0, 2, 3, 4, 5, 8, 9, 10, 18, 25]",10,0.6,0.3,0.7,523.1037003993988
11,30,300,5,0.2,1.0,361.40791749345817,ges,2.0,10,12.689724925829342,0.03511191734215131,0.025026453602607118,0.9997777777777778,"[2, 4, 8, 9, 13, 27, 28]",7,0.6,0.42857142857142855,0.5714285714285714,573.9888002872467
11,30,300,5,0.2,1.0,361.40791749345817,bootstrap_l1,2.0,10,12.689724925829342,0.03511191734215131,0.028778901828713305,0.9995555555555555,"[2, 4, 5, 8, 9, 12, 27]",7,0.4,0.2857142857142857,0.7142857142857143,591.8859124183655
