seed,p,n,k_star,p_edge,noise_scale,mu_scale,q_source,K_multiplier,K,mu_star,mu_star_relative,log_loss_star,auc_star,support,k_actual,S_recall,S_precision,C_inclusion,fit_seconds
5,50,300,5,0.2,1.0,950.8900918007741,oracle,2.0,10,9.508900918007742,0.01,0.16824666350379527,0.9906666666666668,"[2, 12, 13, 24, 30, 33, 36, 39]",8,0.6,0.375,0.625,644.3704578876495
5,50,300,5,0.2,1.0,950.8900918007741,uniform,2.0,10,0.0,0.0,0.47939139224313243,0.9431111111111111,"[2, 13, 14, 30, 33, 35, 36, 39]",8,0.2,0.125,0.875,634.9739573001862
5,50,300,5,0.2,1.0,950.8900918007741,adversarial,2.0,10,0.0,0.0,0.5462514184024858,0.9044444444444444,"[2, 13, 14, 30, 33, 35, 36, 39]",8,0.2,0.125,0.875,605.1565728187561
5,50,300,5,0.2,1.0,950.8900918007741,pc,2.0,10,771.2962701520435,0.8111308307896867,0.31872094322450345,0.9308888888888889,"[2, 13, 14, 30, 38, 39]",6,0.2,0.16666666666666666,0.8333333333333334,614.4005165100098
5,50,300,5,0.2,1.0,950.8900918007741,ges,2.0,10,219.667944258377,0.2310129700083159,0.030019695937724335,0.9997777777777778,"[0, 2, 4, 7, 12, 24, 30, 36, 48]",9,1.0,0.5555555555555556,0.4444444444444444,646.7786717414856
5,50,300,5,0.2,1.0,950.8900918007741,bootstrap_l1,2.0,10,9.508900918007742,0.01,0.49941281061768006,0.9155555555555555,"[2, 13, 14, 30, 33, 35, 36, 39]",8,0.2,0.125,0.875,619.3394348621368
