seed,p,n,k_star,p_edge,noise_scale,mu_scale,q_source,K_multiplier,K,mu_star,mu_star_relative,log_loss_star,auc_star,support,k_actual,S_recall,S_precision,C_inclusion,fit_seconds
7,30,1000,5,0.2,1.0,381.8791310901434,oracle,2.0,10,3.818791310901434,0.01,0.0780912105713345,0.99566,"[0, 6, 9, 14, 17, 18, 19, 22, 23, 29]",10,1.0,0.5,0.5,648.5728750228882
7,30,1000,5,0.2,1.0,381.8791310901434,uniform,2.0,10,0.0,0.0,0.09545655681604907,0.9946200000000001,"[0, 4, 6, 9, 14, 17, 18, 22, 26, 29]",10,0.8,0.4,0.6,660.8388576507568
7,30,1000,5,0.2,1.0,381.8791310901434,adversarial,2.0,10,0.0,0.0,0.08036967159095951,0.9961599999999999,"[0, 4, 6, 9, 14, 17, 18, 22, 26, 29]",10,0.8,0.4,0.6,667.3240990638733
7,30,1000,5,0.2,1.0,381.8791310901434,pc,2.0,10,3.818791310901434,0.01,0.06071004118671828,0.99756,"[4, 6, 9, 14, 17, 18, 22, 25, 29]",9,0.8,0.4444444444444444,0.5555555555555556,713.4933347702026
7,30,1000,5,0.2,1.0,381.8791310901434,ges,2.0,10,3.818791310901434,0.01,0.053920001030294,0.9988199999999999,"[0, 6, 9, 14, 17, 18, 21, 22, 23, 26]",10,1.0,0.5,0.5,692.5833342075348
7,30,1000,5,0.2,1.0,381.8791310901434,bootstrap_l1,2.0,10,88.21903225732903,0.2310129700083159,0.05555641347713612,0.9988400000000001,"[4, 6, 9, 12, 17, 18, 22, 26, 27, 29]",10,0.8,0.4,0.6,608.8121354579926
