seed,p,n,k_star,p_edge,noise_scale,mu_scale,q_source,K_multiplier,K,mu_star,mu_star_relative,log_loss_star,auc_star,support,k_actual,S_recall,S_precision,C_inclusion,fit_seconds
2,50,300,5,0.2,1.0,1396.556978430423,oracle,2.0,10,0.0,0.0,0.29616364414050933,0.9713333333333333,"[8, 18, 22, 26, 32]",5,0.0,0.0,1.0,707.0444889068604
2,50,300,5,0.2,1.0,1396.556978430423,uniform,2.0,10,0.0,0.0,0.3066393684596571,0.982,"[8, 18, 22, 26, 32]",5,0.0,0.0,1.0,682.927716255188
2,50,300,5,0.2,1.0,1396.556978430423,adversarial,2.0,10,0.0,0.0,0.345249397291865,0.9731111111111111,"[8, 18, 22, 26, 32]",5,0.0,0.0,1.0,671.7279558181763
2,50,300,5,0.2,1.0,1396.556978430423,pc,2.0,10,91.88412362367578,0.0657933224657568,0.320729987909118,0.9460000000000001,"[5, 10, 18, 22, 38]",5,0.0,0.0,1.0,648.5315318107605
2,50,300,5,0.2,1.0,1396.556978430423,ges,2.0,10,13.96556978430423,0.01,0.11797038332420344,0.9946666666666666,"[3, 5, 17, 18, 26, 35]",6,0.0,0.0,1.0,695.7094557285309
2,50,300,5,0.2,1.0,1396.556978430423,bootstrap_l1,2.0,10,0.0,0.0,0.42893494014764577,0.932,"[8, 18, 22, 26, 32]",5,0.0,0.0,1.0,713.0879271030426
