seed,p,n,k_star,p_edge,noise_scale,mu_scale,q_source,K_multiplier,K,mu_star,mu_star_relative,log_loss_star,auc_star,support,k_actual,S_recall,S_precision,C_inclusion,fit_seconds
6,30,300,5,0.2,2.0,880.9494714388868,oracle,2.0,10,8.809494714388869,0.01,0.12958017278992995,0.9940000000000001,"[19, 21, 22, 23, 25, 26, 29]",7,0.8,0.5714285714285714,0.42857142857142855,586.1780240535736
6,30,300,5,0.2,2.0,880.9494714388868,uniform,2.0,10,0.0,0.0,0.17547679445125516,0.9866666666666667,"[3, 10, 13, 14, 19, 21, 22, 23, 25]",9,0.6,0.3333333333333333,0.6666666666666666,581.2497155666351
6,30,300,5,0.2,2.0,880.9494714388868,adversarial,2.0,10,0.0,0.0,0.14652607708318538,0.9904444444444446,"[3, 10, 13, 14, 19, 21, 22, 23, 25]",9,0.6,0.3333333333333333,0.6666666666666666,571.9654421806335
6,30,300,5,0.2,2.0,880.9494714388868,pc,2.0,10,8.809494714388869,0.01,0.13680039738709923,0.9931111111111111,"[1, 10, 19, 21, 22, 23, 25, 26, 29]",9,0.8,0.4444444444444444,0.5555555555555556,621.0294959545135
6,30,300,5,0.2,2.0,880.9494714388868,ges,2.0,10,0.0,0.0,0.15289232173955053,0.9888888888888889,"[3, 10, 13, 14, 19, 21, 22, 23, 25]",9,0.6,0.3333333333333333,0.6666666666666666,622.5621984004974
6,30,300,5,0.2,2.0,880.9494714388868,bootstrap_l1,2.0,10,108.6075683476643,0.1232846739442066,0.10373832868500991,0.9944444444444445,"[3, 9, 13, 19, 21, 23, 25, 29]",8,0.8,0.5,0.5,638.5366189479828
