seed,p,n,k_star,p_edge,noise_scale,mu_scale,q_source,K_multiplier,K,mu_star,mu_star_relative,log_loss_star,auc_star,support,k_actual,S_recall,S_precision,C_inclusion,fit_seconds
7,30,300,5,0.2,1.0,123.57245901636512,oracle,2.0,10,0.0,0.0,0.13155507430647567,0.9926666666666668,"[6, 9, 17, 18, 19, 20, 22, 23, 26]",9,1.0,0.5555555555555556,0.4444444444444444,496.0281958580017
7,30,300,5,0.2,1.0,123.57245901636512,uniform,2.0,10,0.0,0.0,0.2004315392787388,0.9855555555555554,"[6, 9, 17, 18, 19, 20, 22, 23, 26]",9,1.0,0.5555555555555556,0.4444444444444444,518.8935146331787
7,30,300,5,0.2,1.0,123.57245901636512,adversarial,2.0,10,1.235724590163651,0.01,0.20248395066797203,0.981111111111111,"[1, 3, 8, 12, 15, 16, 17, 20, 21]",9,0.2,0.1111111111111111,0.8888888888888888,555.2038373947144
7,30,300,5,0.2,1.0,123.57245901636512,pc,2.0,10,8.130242643950226,0.0657933224657568,0.1056977040439834,0.9928888888888888,"[1, 5, 6, 12, 16, 17, 19, 22, 29]",9,0.4,0.2222222222222222,0.7777777777777778,589.1845939159393
7,30,300,5,0.2,1.0,123.57245901636512,ges,2.0,10,0.0,0.0,0.1518865833572453,0.9888888888888889,"[6, 9, 17, 18, 19, 20, 22, 23, 26]",9,1.0,0.5555555555555556,0.4444444444444444,483.2415633201599
7,30,300,5,0.2,1.0,123.57245901636512,bootstrap_l1,2.0,10,2.315522266905657,0.01873817422860384,0.13250650311007725,0.9897777777777778,"[3, 6, 9, 12, 15, 17, 18, 22, 23, 29]",10,1.0,0.5,0.5,518.2280390262604
