seed,p,n,k_star,p_edge,noise_scale,mu_scale,q_source,K_multiplier,K,mu_star,mu_star_relative,log_loss_star,auc_star,support,k_actual,S_recall,S_precision,C_inclusion,fit_seconds
8,30,300,5,0.2,0.5,244.61963441200552,oracle,2.0,10,4.5837253293495355,0.01873817422860384,0.03048407918362156,0.9991111111111112,"[3, 5, 6, 8, 9, 16, 20, 25, 29]",9,0.8,0.4444444444444444,0.5555555555555556,536.201046705246
8,30,300,5,0.2,0.5,244.61963441200552,uniform,2.0,10,0.0,0.0,0.04348566630638815,0.9993333333333332,"[3, 6, 8, 9, 16, 20, 23, 25]",8,0.6,0.375,0.625,560.8423187732697
8,30,300,5,0.2,0.5,244.61963441200552,adversarial,2.0,10,0.0,0.0,0.050292471726215184,0.9975555555555555,"[3, 6, 8, 9, 16, 20, 23, 25]",8,0.6,0.375,0.625,529.7086563110352
8,30,300,5,0.2,0.5,244.61963441200552,pc,2.0,10,198.4185272880795,0.8111308307896868,0.03905599052663237,0.9993333333333332,"[3, 6, 9, 16, 20, 23, 25]",7,0.6,0.42857142857142855,0.5714285714285714,556.3766915798187
8,30,300,5,0.2,0.5,244.61963441200552,ges,2.0,10,2.446196344120055,0.01,0.029724076809303578,0.9997777777777778,"[5, 6, 9, 16, 20, 23, 25]",7,0.8,0.5714285714285714,0.42857142857142855,617.2029566764832
8,30,300,5,0.2,0.5,244.61963441200552,bootstrap_l1,2.0,10,198.4185272880795,0.8111308307896868,0.018314348614638182,0.9997777777777778,"[3, 6, 9, 16, 20, 23, 25]",7,0.6,0.42857142857142855,0.5714285714285714,595.0547890663147
