seed,p,n,k_star,p_edge,noise_scale,mu_scale,q_source,K_multiplier,K,mu_star,mu_star_relative,log_loss_star,auc_star,support,k_actual,S_recall,S_precision,C_inclusion,fit_seconds
9,20,300,5,0.2,1.0,144.48475365893657,oracle,2.0,10,0.0,0.0,0.0782195207342016,0.9973333333333334,"[0, 1, 5, 6, 8, 12, 17, 18, 19]",9,0.8,0.4444444444444444,0.5555555555555556,463.69432640075684
9,20,300,5,0.2,1.0,144.48475365893657,uniform,2.0,10,0.0,0.0,0.06287182479766618,0.9984444444444444,"[0, 1, 5, 6, 8, 12, 17, 18, 19]",9,0.8,0.4444444444444444,0.5555555555555556,481.8626546859741
9,20,300,5,0.2,1.0,144.48475365893657,adversarial,2.0,10,1.4448475365893658,0.01,0.08377498903802083,0.9966666666666667,"[0, 1, 3, 5, 6, 7, 11, 12, 14, 17]",10,0.4,0.2,0.8,458.56484484672546
9,20,300,5,0.2,1.0,144.48475365893657,pc,2.0,10,1.4448475365893658,0.01,0.053790966868634785,0.998,"[0, 1, 5, 6, 8, 10, 13, 14, 17, 19]",10,1.0,0.5,0.5,474.2627651691437
9,20,300,5,0.2,1.0,144.48475365893657,ges,2.0,10,17.812755744751005,0.12328467394420659,0.056356752569706126,0.998,"[0, 1, 5, 6, 8, 10, 17, 19]",8,0.8,0.5,0.5,479.40649485588074
9,20,300,5,0.2,1.0,144.48475365893657,bootstrap_l1,2.0,10,17.812755744751005,0.12328467394420659,0.052478581248269054,0.9982222222222223,"[0, 1, 5, 6, 8, 12, 16, 17, 19]",9,0.8,0.4444444444444444,0.5555555555555556,501.83541202545166
