seed,p,n,k_star,p_edge,noise_scale,mu_scale,q_source,K_multiplier,K,mu_star,mu_star_relative,log_loss_star,auc_star,support,k_actual,S_recall,S_precision,C_inclusion,fit_seconds
7,30,300,5,0.3,1.0,1100.127776033975,oracle,2.0,10,0.0,0.0,0.04138287836524357,0.9991111111111112,"[10, 14, 20, 23, 24, 25, 26]",7,0.2,0.14285714285714285,0.8571428571428571,535.522495508194
7,30,300,5,0.3,1.0,1100.127776033975,uniform,2.0,10,0.0,0.0,0.04054620652330354,0.9991111111111112,"[10, 14, 20, 23, 24, 25, 26]",7,0.2,0.14285714285714285,0.8571428571428571,551.6826565265656
7,30,300,5,0.3,1.0,1100.127776033975,adversarial,2.0,10,0.0,0.0,0.04242434753121644,0.998,"[10, 14, 20, 23, 24, 25, 26]",7,0.2,0.14285714285714285,0.8571428571428571,543.0719385147095
7,30,300,5,0.3,1.0,1100.127776033975,pc,2.0,10,11.001277760339748,0.01,0.031081518804818707,0.9993333333333332,"[4, 6, 10, 14, 23, 26]",6,0.4,0.3333333333333333,0.6666666666666666,548.6764109134674
7,30,300,5,0.3,1.0,1100.127776033975,ges,2.0,10,11.001277760339748,0.01,0.027240115438045366,0.9997777777777778,"[10, 20, 21, 23, 26]",5,0.2,0.2,0.8,630.3036370277405
7,30,300,5,0.3,1.0,1100.127776033975,bootstrap_l1,2.0,10,11.001277760339748,0.01,0.022085929459465897,1.0,"[4, 10, 14, 15, 20, 23, 24, 25, 26]",9,0.2,0.1111111111111111,0.8888888888888888,574.890590429306
