seed,p,n,k_star,p_edge,noise_scale,mu_scale,q_source,K_multiplier,K,mu_star,mu_star_relative,log_loss_star,auc_star,support,k_actual,S_recall,S_precision,C_inclusion,fit_seconds
9,30,150,5,0.2,1.0,192.870005700347,oracle,2.0,10,1.92870005700347,0.01,0.07084384308954314,1.0,"[0, 5, 11, 16, 18, 20, 21, 23]",8,0.8,0.5,0.5,486.6218066215515
9,30,150,5,0.2,1.0,192.870005700347,uniform,2.0,10,0.0,0.0,0.32009760580424595,0.9804444444444445,"[0, 5, 21, 25, 27, 28]",6,0.2,0.16666666666666666,0.8333333333333334,515.484837770462
9,30,150,5,0.2,1.0,192.870005700347,adversarial,2.0,10,1.92870005700347,0.01,0.26308661752279866,0.9786666666666667,"[0, 3, 12, 14, 21, 26, 27, 28]",8,0.0,0.0,1.0,462.5158905982971
9,30,150,5,0.2,1.0,192.870005700347,pc,2.0,10,44.555472842357986,0.23101297000831594,0.13512480985157788,0.9893333333333334,"[0, 3, 5, 8, 21, 22, 26, 28]",8,0.2,0.125,0.875,483.48727774620056
9,30,150,5,0.2,1.0,192.870005700347,ges,2.0,10,23.777915766384545,0.12328467394420659,0.04704171058793105,0.9973333333333333,"[1, 3, 5, 12, 13, 14, 18, 21, 29]",9,0.6,0.3333333333333333,0.6666666666666666,542.1803314685822
9,30,150,5,0.2,1.0,192.870005700347,bootstrap_l1,2.0,10,293.14525923315284,1.5199110829529334,0.10017980135780022,0.9937777777777776,"[5, 8, 13, 15, 19, 20, 21, 28]",8,0.4,0.25,0.75,516.7428159713745
