seed,p,n,k_star,p_edge,noise_scale,mu_scale,q_source,K_multiplier,K,mu_star,mu_star_relative,log_loss_star,auc_star,support,k_actual,S_recall,S_precision,C_inclusion,fit_seconds
5,30,200,5,0.2,1.0,54.0208746381666,oracle,2.0,10,1.8967764850460236,0.03511191734215131,0.0327772513719074,0.999,"[2, 3, 7, 8, 12, 14, 20, 22, 27]",9,0.8,0.4444444444444444,0.5555555555555556,518.040610074997
5,30,200,5,0.2,1.0,54.0208746381666,uniform,2.0,10,0.0,0.0,0.06819094792235553,0.9969999999999999,"[2, 7, 8, 9, 14, 15, 27]",7,0.4,0.2857142857142857,0.7142857142857143,542.1105916500092
5,30,200,5,0.2,1.0,54.0208746381666,adversarial,2.0,10,6.659945915947229,0.12328467394420659,0.05289612762354875,0.9974999999999999,"[3, 6, 7, 9, 15, 17, 21, 26, 28]",9,0.0,0.0,1.0,511.64975333213806
5,30,200,5,0.2,1.0,54.0208746381666,pc,2.0,10,0.540208746381666,0.01,0.017016298220383162,1.0,"[2, 3, 4, 7, 8, 9, 13, 14, 20, 24]",10,0.6,0.3,0.7,518.5523188114166
5,30,200,5,0.2,1.0,54.0208746381666,ges,2.0,10,0.0,0.0,0.04904060451020708,0.9995,"[2, 7, 8, 9, 14, 15, 27]",7,0.4,0.2857142857142857,0.7142857142857143,589.8638398647308
5,30,200,5,0.2,1.0,54.0208746381666,bootstrap_l1,2.0,10,288.293160150596,5.336699231206307,0.034556500397952064,0.999,"[2, 3, 7, 8, 9, 14, 20, 27]",8,0.6,0.375,0.625,544.572279214859
