seed,p,n,k_star,p_edge,noise_scale,mu_scale,q_source,K_multiplier,K,mu_star,mu_star_relative,log_loss_star,auc_star,support,k_actual,S_recall,S_precision,C_inclusion,fit_seconds
16,30,300,5,0.3,1.0,385.90918006679726,oracle,2.0,10,3.8590918006679726,0.01,0.14221937356601008,0.9857777777777776,"[4, 5, 9, 18, 24, 26]",6,1.0,0.8333333333333334,0.16666666666666666,529.9115543365479
16,30,300,5,0.3,1.0,385.90918006679726,uniform,2.0,10,0.0,0.0,0.1692700602266876,0.9822222222222223,"[4, 5, 9, 18, 24, 26]",6,1.0,0.8333333333333334,0.16666666666666666,596.3772077560425
16,30,300,5,0.3,1.0,385.90918006679726,adversarial,2.0,10,3.8590918006679726,0.01,0.2373114854769792,0.966,"[5, 9, 10, 14, 16, 20, 21, 28]",8,0.2,0.125,0.875,654.5014209747314
16,30,300,5,0.3,1.0,385.90918006679726,pc,2.0,10,167.05087166876615,0.4328761281083057,0.0997876172997902,0.9951111111111111,"[4, 5, 9, 18, 21, 24, 26, 28]",8,1.0,0.625,0.375,576.3583993911743
16,30,300,5,0.3,1.0,385.90918006679726,ges,2.0,10,3.8590918006679726,0.01,0.09590286939826768,0.9948888888888888,"[4, 5, 9, 18, 24, 26, 28]",7,1.0,0.7142857142857143,0.2857142857142857,630.5310530662537
16,30,300,5,0.3,1.0,385.90918006679726,bootstrap_l1,2.0,10,47.57668743661121,0.12328467394420659,0.10436161328680353,0.9926666666666666,"[4, 5, 9, 14, 16, 18, 21, 24, 26]",9,1.0,0.5555555555555556,0.4444444444444444,615.337896823883
