seed,p,n,k_star,p_edge,noise_scale,mu_scale,q_source,K_multiplier,K,mu_star,mu_star_relative,log_loss_star,auc_star,support,k_actual,S_recall,S_precision,C_inclusion,fit_seconds
0,30,100,5,0.2,1.0,79.64226587941658,oracle,2.0,10,2.7963926564997124,0.03511191734215131,0.5727154649769485,0.962,"[2, 9, 10, 17, 18, 21, 22, 23]",8,1.0,0.625,0.375,473.3709924221039
0,30,100,5,0.2,1.0,79.64226587941658,uniform,2.0,10,0.0,0.0,0.43602159408546226,0.984,"[2, 10, 15, 17, 18, 21, 23, 25, 28]",9,0.8,0.4444444444444444,0.5555555555555556,488.7569007873535
0,30,100,5,0.2,1.0,79.64226587941658,adversarial,2.0,10,0.0,0.0,0.4228889025874416,0.974,"[2, 10, 15, 17, 18, 21, 23, 25, 28]",9,0.8,0.4444444444444444,0.5555555555555556,469.7946672439575
0,30,100,5,0.2,1.0,79.64226587941658,pc,2.0,10,121.04916258160951,1.5199110829529332,0.2601076797732312,0.976,"[0, 9, 10, 11, 17, 20, 21, 23, 25]",9,0.6,0.3333333333333333,0.6666666666666666,469.9862825870514
0,30,100,5,0.2,1.0,79.64226587941658,ges,2.0,10,2.7963926564997124,0.03511191734215131,0.29360110800844536,0.9879999999999999,"[2, 9, 10, 17, 18, 21, 22, 23]",8,1.0,0.625,0.375,490.2585816383362
0,30,100,5,0.2,1.0,79.64226587941658,bootstrap_l1,2.0,10,121.04916258160951,1.5199110829529332,0.267044848620086,0.976,"[2, 3, 9, 10, 17, 18, 21, 25]",8,0.8,0.5,0.5,505.7644522190094
