seed,p,n,k_star,p_edge,noise_scale,mu_scale,q_source,K_multiplier,K,mu_star,mu_star_relative,log_loss_star,auc_star,support,k_actual,S_recall,S_precision,C_inclusion,fit_seconds
1,30,300,5,0.7,1.0,10369.178212416977,oracle,2.0,10,103.69178212416978,0.01,0.06338810229325238,0.9995555555555555,"[1, 5, 7, 8, 15, 28]",6,0.6,0.5,0.5,563.9054462909698
1,30,300,5,0.7,1.0,10369.178212416977,uniform,2.0,10,0.0,0.0,0.06255793676278762,0.9968888888888889,"[0, 5, 8, 12, 18, 28]",6,0.0,0.0,1.0,640.8740208148956
1,30,300,5,0.7,1.0,10369.178212416977,adversarial,2.0,10,103.69178212416978,0.01,0.2209127942424975,0.9757777777777777,"[0, 5, 8, 12, 18, 28]",6,0.0,0.0,1.0,639.3718667030334
1,30,300,5,0.7,1.0,10369.178212416977,pc,2.0,10,0.0,0.0,0.05296441456510834,0.9984444444444444,"[0, 5, 8, 12, 18, 28]",6,0.0,0.0,1.0,573.9384300708771
1,30,300,5,0.7,1.0,10369.178212416977,ges,2.0,10,103.69178212416978,0.01,0.04304616451598782,0.9993333333333332,"[1, 7, 8, 11, 15, 27, 29]",7,0.8,0.5714285714285714,0.42857142857142855,605.6834354400635
1,30,300,5,0.7,1.0,10369.178212416977,bootstrap_l1,2.0,10,194.29946795171224,0.01873817422860384,0.048775991505965455,0.9986666666666668,"[0, 5, 8, 12, 18, 28]",6,0.0,0.0,1.0,629.8113741874695
