seed,p,n,k_star,p_edge,noise_scale,mu_scale,q_source,K_multiplier,K,mu_star,mu_star_relative,log_loss_star,auc_star,support,k_actual,S_recall,S_precision,C_inclusion,fit_seconds
1,30,300,5,0.1,1.0,44.28119047222439,oracle,2.0,10,0.0,0.0,0.14700408953720429,0.9915555555555556,"[1, 4, 7, 13, 15, 27, 29]",7,1.0,0.7142857142857143,0.14285714285714285,485.26906871795654
1,30,300,5,0.1,1.0,44.28119047222439,uniform,2.0,10,0.0,0.0,0.17349009070164517,0.9904444444444446,"[1, 4, 7, 13, 15, 27, 29]",7,1.0,0.7142857142857143,0.14285714285714285,482.5762553215027
1,30,300,5,0.1,1.0,44.28119047222439,adversarial,2.0,10,1.5547974996728007,0.03511191734215131,0.11763697073569426,0.9928888888888888,"[1, 7, 13, 15, 27, 29]",6,1.0,0.8333333333333334,0.16666666666666666,568.6156017780304
1,30,300,5,0.1,1.0,44.28119047222439,pc,2.0,10,0.0,0.0,0.11615475929220051,0.9931111111111111,"[1, 4, 7, 13, 15, 27, 29]",7,1.0,0.7142857142857143,0.14285714285714285,515.4781110286713
1,30,300,5,0.1,1.0,44.28119047222439,ges,2.0,10,19.16827027964289,0.4328761281083057,0.10830020235102371,0.9933333333333334,"[1, 7, 12, 13, 15, 18, 26, 27]",8,1.0,0.625,0.125,493.77694439888
1,30,300,5,0.1,1.0,44.28119047222439,bootstrap_l1,2.0,10,10.229529326492496,0.23101297000831592,0.10615600476274087,0.9937777777777779,"[1, 4, 7, 12, 13, 15, 18, 26, 27]",9,1.0,0.5555555555555556,0.1111111111111111,524.5858867168427
