seed,p,n,k_star,p_edge,noise_scale,mu_scale,q_source,K_multiplier,K,mu_star,mu_star_relative,log_loss_star,auc_star,support,k_actual,S_recall,S_precision,C_inclusion,fit_seconds
8,30,300,3,0.2,1.0,577.4129734947359,oracle,2.0,6,0.0,0.0,0.05003162254576212,0.9982222222222223,"[1, 4, 6, 13, 22, 25]",6,0.6666666666666666,0.3333333333333333,0.6666666666666666,232.41048192977905
8,30,300,3,0.2,1.0,577.4129734947359,uniform,2.0,6,0.0,0.0,0.04984883938144706,0.9986666666666666,"[1, 4, 6, 13, 22, 25]",6,0.6666666666666666,0.3333333333333333,0.6666666666666666,229.16680240631104
8,30,300,3,0.2,1.0,577.4129734947359,adversarial,2.0,6,0.0,0.0,0.057148990493088414,0.9986666666666666,"[1, 4, 6, 13, 22, 25]",6,0.6666666666666666,0.3333333333333333,0.6666666666666666,241.4158091545105
8,30,300,3,0.2,1.0,577.4129734947359,pc,2.0,6,10.819664899200571,0.01873817422860384,0.03582870879627007,0.9995555555555555,"[1, 4, 6, 13, 22, 25]",6,0.6666666666666666,0.3333333333333333,0.6666666666666666,212.62453365325928
8,30,300,3,0.2,1.0,577.4129734947359,ges,2.0,6,5.774129734947358,0.01,0.03181113446527236,0.9997777777777778,"[1, 6, 12, 13, 25]",5,0.6666666666666666,0.4,0.6,224.1208839416504
8,30,300,3,0.2,1.0,577.4129734947359,bootstrap_l1,2.0,6,133.38988592835193,0.23101297000831592,0.032829991823501846,0.9995555555555555,"[1, 6, 16, 17, 19, 25]",6,0.6666666666666666,0.3333333333333333,0.6666666666666666,210.7613673210144
