seed,p,n,k_star,p_edge,noise_scale,mu_scale,q_source,K_multiplier,K,mu_star,mu_star_relative,log_loss_star,auc_star,support,k_actual,S_recall,S_precision,C_inclusion,fit_seconds
2,30,300,5,0.1,1.0,16.970189960507216,oracle,2.0,10,1.1165251803768,0.0657933224657568,0.26849858814673827,0.9640000000000001,"[2, 7, 8, 10, 14, 26, 28, 29]",8,1.0,0.625,0.125,464.6978268623352
2,30,300,5,0.1,1.0,16.970189960507216,uniform,2.0,10,0.0,0.0,0.31916870909683653,0.9640000000000001,"[2, 7, 8, 10, 14, 26, 28, 29]",8,1.0,0.625,0.125,475.2222762107849
2,30,300,5,0.1,1.0,16.970189960507216,adversarial,2.0,10,0.5958559071739353,0.03511191734215131,0.2258654475695357,0.9751111111111112,"[2, 7, 8, 10, 11, 14, 28, 29]",8,1.0,0.625,0.25,505.15983510017395
2,30,300,5,0.1,1.0,16.970189960507216,pc,2.0,10,169.70189960507216,10.0,0.3039167968708026,0.9662222222222223,"[2, 8, 10, 14, 29]",5,1.0,1.0,0.0,468.98271107673645
2,30,300,5,0.1,1.0,16.970189960507216,ges,2.0,10,48.33170970169365,2.848035868435799,0.24809268422587238,0.969111111111111,"[0, 2, 7, 8, 10, 13, 14, 26, 29]",9,1.0,0.5555555555555556,0.1111111111111111,494.37886333465576
2,30,300,5,0.1,1.0,16.970189960507216,bootstrap_l1,2.0,10,0.16970189960507218,0.01,0.2353402500584406,0.9728888888888889,"[2, 7, 8, 10, 14, 26, 28, 29]",8,1.0,0.625,0.125,505.77098298072815
