seed,p,n,k_star,p_edge,noise_scale,mu_scale,q_source,K_multiplier,K,mu_star,mu_star_relative,log_loss_star,auc_star,support,k_actual,S_recall,S_precision,C_inclusion,fit_seconds
0,30,500,5,0.2,1.0,449.2836594633454,oracle,2.0,10,4.492836594633454,0.01,0.035928661238349924,0.99968,"[2, 4, 10, 11, 17, 19, 20, 21, 22]",9,1.0,0.5555555555555556,0.4444444444444444,569.624009847641
0,30,500,5,0.2,1.0,449.2836594633454,uniform,2.0,10,0.0,0.0,0.06463318385994514,0.9972799999999999,"[2, 4, 9, 10, 17, 19, 20, 21, 22]",9,1.0,0.5555555555555556,0.4444444444444444,588.9378387928009
0,30,500,5,0.2,1.0,449.2836594633454,adversarial,2.0,10,0.0,0.0,0.05182820949913062,0.9980800000000001,"[2, 4, 9, 10, 17, 19, 20, 21, 22]",9,1.0,0.5555555555555556,0.4444444444444444,578.7093963623047
0,30,500,5,0.2,1.0,449.2836594633454,pc,2.0,10,4.492836594633454,0.01,0.03407908465126074,0.9994400000000001,"[2, 4, 9, 10, 12, 17, 19, 20, 21, 22]",10,1.0,0.5,0.5,622.4273331165314
0,30,500,5,0.2,1.0,449.2836594633454,ges,2.0,10,2397.6917600515912,5.336699231206307,0.02630135379055303,1.0,"[2, 4, 9, 10, 17, 19, 20, 21, 22]",9,1.0,0.5555555555555556,0.4444444444444444,623.9538085460663
0,30,500,5,0.2,1.0,449.2836594633454,bootstrap_l1,2.0,10,8.418755489088882,0.01873817422860384,0.03770521809754932,0.9992000000000001,"[2, 4, 9, 10, 11, 12, 17, 19, 20]",9,0.6,0.3333333333333333,0.6666666666666666,606.7565143108368
