seed,p,n,k_star,p_edge,noise_scale,mu_scale,q_source,K_multiplier,K,mu_star,mu_star_relative,log_loss_star,auc_star,support,k_actual,S_recall,S_precision,C_inclusion,fit_seconds
18,30,300,5,0.4,1.0,699.7111336602387,oracle,2.0,10,0.0,0.0,0.30126706893213206,0.9662222222222223,"[1, 8, 19, 24]",4,0.2,0.25,0.75,598.2958323955536
18,30,300,5,0.4,1.0,699.7111336602387,uniform,2.0,10,0.0,0.0,0.24197087274943088,0.9035555555555556,"[1, 8, 19, 24]",4,0.2,0.25,0.75,607.6188323497772
18,30,300,5,0.4,1.0,699.7111336602387,adversarial,2.0,10,6.997111336602387,0.01,0.14657772167992017,0.9879999999999999,"[1, 8, 24]",3,0.2,0.3333333333333333,0.6666666666666666,654.6314923763275
18,30,300,5,0.4,1.0,699.7111336602387,pc,2.0,10,0.0,0.0,0.21196440710245884,0.9817777777777777,"[1, 8, 19, 24]",4,0.2,0.25,0.75,576.3639080524445
18,30,300,5,0.4,1.0,699.7111336602387,ges,2.0,10,86.26365896843369,0.1232846739442066,0.154900299661417,0.9144444444444444,"[4, 10, 13, 17, 24]",5,0.8,0.8,0.2,685.0972554683685
18,30,300,5,0.4,1.0,699.7111336602387,bootstrap_l1,2.0,10,13.111309132219462,0.01873817422860384,0.18726357722924503,0.9797777777777776,"[1, 8, 24]",3,0.2,0.3333333333333333,0.6666666666666666,609.3196783065796
