seed,p,n,k_star,p_edge,noise_scale,mu_scale,q_source,K_multiplier,K,mu_star,mu_star_relative,log_loss_star,auc_star,support,k_actual,S_recall,S_precision,C_inclusion,fit_seconds
8,30,300,5,0.6,1.0,3096.153669553574,oracle,2.0,10,0.0,0.0,0.1288137717984328,0.992,"[3, 5, 8, 19]",4,0.2,0.25,0.75,611.5881843566895
8,30,300,5,0.6,1.0,3096.153669553574,uniform,2.0,10,0.0,0.0,0.0937116272989263,0.9955555555555555,"[3, 5, 8, 19]",4,0.2,0.25,0.75,656.5184381008148
8,30,300,5,0.6,1.0,3096.153669553574,adversarial,2.0,10,30.96153669553574,0.01,0.04470225498587337,0.9984444444444444,"[3, 17, 19, 23, 28]",5,0.0,0.0,1.0,638.9501283168793
8,30,300,5,0.6,1.0,3096.153669553574,pc,2.0,10,30.96153669553574,0.01,0.09298802254376863,0.9951111111111111,"[8, 9, 16, 17, 19, 23, 28]",7,0.0,0.0,1.0,634.1530816555023
8,30,300,5,0.6,1.0,3096.153669553574,ges,2.0,10,0.0,0.0,0.14714639917063482,0.9888888888888889,"[3, 5, 8, 19]",4,0.2,0.25,0.75,645.7126190662384
8,30,300,5,0.6,1.0,3096.153669553574,bootstrap_l1,2.0,10,0.0,0.0,0.11692556594637082,0.9942222222222222,"[3, 5, 8, 19]",4,0.2,0.25,0.75,611.0932285785675
