seed,p,n,k_star,p_edge,noise_scale,mu_scale,q_source,K_multiplier,K,mu_star,mu_star_relative,log_loss_star,auc_star,support,k_actual,S_recall,S_precision,C_inclusion,fit_seconds
11,30,300,5,0.1,1.0,39.37053741584149,oracle,2.0,10,0.0,0.0,0.1429464825003458,0.989111111111111,"[0, 7, 8, 9, 13, 17, 18, 28, 29]",9,1.0,0.5555555555555556,0.4444444444444444,544.6086776256561
11,30,300,5,0.1,1.0,39.37053741584149,uniform,2.0,10,0.0,0.0,0.142710992622199,0.99,"[0, 7, 8, 9, 13, 17, 18, 28, 29]",9,1.0,0.5555555555555556,0.4444444444444444,552.9343905448914
11,30,300,5,0.1,1.0,39.37053741584149,adversarial,2.0,10,0.3937053741584149,0.01,0.11658437321305529,0.9922222222222222,"[4, 7, 8, 9, 13, 17, 18, 28, 29]",9,1.0,0.5555555555555556,0.3333333333333333,591.1018602848053
11,30,300,5,0.1,1.0,39.37053741584149,pc,2.0,10,17.042565798112644,0.4328761281083057,0.12165455121005005,0.9922222222222222,"[1, 8, 9, 17, 18, 28]",6,1.0,0.8333333333333334,0.0,576.1669456958771
11,30,300,5,0.1,1.0,39.37053741584149,ges,2.0,10,4.853783868320204,0.1232846739442066,0.10428169586819094,0.9966666666666667,"[8, 9, 17, 18, 25, 28]",6,1.0,0.8333333333333334,0.16666666666666666,604.6787443161011
11,30,300,5,0.1,1.0,39.37053741584149,bootstrap_l1,2.0,10,2.5903184638506023,0.0657933224657568,0.1146899752305108,0.9940000000000001,"[1, 8, 9, 13, 15, 17, 18, 28]",8,1.0,0.625,0.25,582.8396196365356
