seed,p,n,k_star,p_edge,noise_scale,mu_scale,q_source,K_multiplier,K,mu_star,mu_star_relative,log_loss_star,auc_star,support,k_actual,S_recall,S_precision,C_inclusion,fit_seconds
4,30,300,5,0.4,1.0,1870.2246301297846,oracle,2.0,10,0.0,0.0,0.07835500514561217,0.9977777777777778,"[5, 12, 23]",3,0.0,0.0,1.0,617.1338489055634
4,30,300,5,0.4,1.0,1870.2246301297846,uniform,2.0,10,0.0,0.0,0.109597034441216,0.9935555555555556,"[5, 12, 23]",3,0.0,0.0,1.0,660.8658692836761
4,30,300,5,0.4,1.0,1870.2246301297846,adversarial,2.0,10,0.0,0.0,0.08816337179717099,0.9973333333333333,"[5, 12, 23]",3,0.0,0.0,1.0,662.7864420413971
4,30,300,5,0.4,1.0,1870.2246301297846,pc,2.0,10,0.0,0.0,0.05634680483972147,0.9988888888888889,"[5, 12, 23]",3,0.0,0.0,1.0,583.7275626659393
4,30,300,5,0.4,1.0,1870.2246301297846,ges,2.0,10,18.702246301297848,0.01,0.020730774258853925,1.0,"[5, 7, 8, 14, 29]",5,0.6,0.6,0.4,629.1731970310211
4,30,300,5,0.4,1.0,1870.2246301297846,bootstrap_l1,2.0,10,0.0,0.0,0.13793996794487,0.9931111111111111,"[5, 12, 23]",3,0.0,0.0,1.0,669.1161775588989
