seed,p,n,k_star,p_edge,noise_scale,mu_scale,q_source,K_multiplier,K,mu_star,mu_star_relative,log_loss_star,auc_star,support,k_actual,S_recall,S_precision,C_inclusion,fit_seconds
2,30,300,5,0.2,0.5,76.52516137856111,oracle,2.0,10,5.034844619323749,0.0657933224657568,0.06139034939615211,0.9982222222222223,"[0, 2, 8, 10, 12, 14, 15, 19, 23, 29]",10,1.0,0.5,0.5,507.0623812675476
2,30,300,5,0.2,0.5,76.52516137856111,uniform,2.0,10,0.0,0.0,0.11077475524471043,0.9962222222222221,"[0, 2, 10, 14, 19, 23, 26, 28]",8,0.6,0.375,0.625,506.9842998981476
2,30,300,5,0.2,0.5,76.52516137856111,adversarial,2.0,10,0.0,0.0,0.11218249076983941,0.9946666666666667,"[0, 2, 10, 14, 19, 23, 26, 28]",8,0.6,0.375,0.625,480.84394240379333
2,30,300,5,0.2,0.5,76.52516137856111,pc,2.0,10,62.07191772530713,0.8111308307896868,0.0852111235825173,0.9964444444444445,"[0, 2, 8, 10, 12, 14, 19, 23, 29]",9,1.0,0.5555555555555556,0.4444444444444444,573.0203585624695
2,30,300,5,0.2,0.5,76.52516137856111,ges,2.0,10,0.7652516137856111,0.01,0.11950012301965422,0.9928888888888888,"[0, 2, 8, 10, 14, 19, 23, 25, 29]",9,1.0,0.5555555555555556,0.4444444444444444,571.6952159404755
2,30,300,5,0.2,0.5,76.52516137856111,bootstrap_l1,2.0,10,5.034844619323749,0.0657933224657568,0.054746572424589704,0.9986666666666666,"[0, 2, 10, 12, 14, 15, 17, 19, 25, 29]",10,0.8,0.4,0.6,556.9431993961334
