seed,p,n,k_star,p_edge,noise_scale,mu_scale,q_source,K_multiplier,K,mu_star,mu_star_relative,log_loss_star,auc_star,support,k_actual,S_recall,S_precision,C_inclusion,fit_seconds
9,10,300,5,0.2,1.0,47.11278764487871,oracle,2.0,10,0.0,0.0,0.24033955285639239,0.9717777777777779,"[0, 1, 2, 3, 4, 5, 6, 9]",8,1.0,0.625,0.25,107.55597114562988
9,10,300,5,0.2,1.0,47.11278764487871,uniform,2.0,10,0.0,0.0,0.2581064837809415,0.9624444444444444,"[0, 1, 2, 3, 4, 5, 6, 9]",8,1.0,0.625,0.25,108.94076085090637
9,10,300,5,0.2,1.0,47.11278764487871,adversarial,2.0,10,0.0,0.0,0.2522396795527837,0.9744444444444446,"[0, 1, 2, 3, 4, 5, 6, 9]",8,1.0,0.625,0.25,108.03573298454285
9,10,300,5,0.2,1.0,47.11278764487871,pc,2.0,10,471.1278764487871,10.0,0.28321331790132104,0.9624444444444444,"[0, 1, 2, 3, 4, 5, 6, 9]",8,1.0,0.625,0.25,107.90592861175537
9,10,300,5,0.2,1.0,47.11278764487871,ges,2.0,10,0.0,0.0,0.2441079961666856,0.97,"[0, 1, 2, 3, 4, 5, 6, 9]",8,1.0,0.625,0.25,116.9964919090271
9,10,300,5,0.2,1.0,47.11278764487871,bootstrap_l1,2.0,10,71.60724809025916,1.519911082952933,0.23768710550723168,0.9715555555555555,"[0, 1, 2, 3, 4, 5, 6, 9]",8,1.0,0.625,0.25,113.6193470954895
