seed,p,n,k_star,p_edge,noise_scale,mu_scale,q_source,K_multiplier,K,mu_star,mu_star_relative,log_loss_star,auc_star,support,k_actual,S_recall,S_precision,C_inclusion,fit_seconds
7,30,300,5,0.7,1.0,54879.680213800566,oracle,2.0,10,548.7968021380057,0.01,0.1428441395627444,0.9888888888888889,"[4, 15, 21, 23, 25]",5,0.2,0.2,0.8,660.8271346092224
7,30,300,5,0.7,1.0,54879.680213800566,uniform,2.0,10,0.0,0.0,4.708627695248093,0.40088888888888885,"[3, 4, 15, 21, 25]",5,0.0,0.0,1.0,634.3977882862091
7,30,300,5,0.7,1.0,54879.680213800566,adversarial,2.0,10,548.7968021380057,0.01,0.8644207886599051,0.8626666666666667,"[3, 4, 15, 21]",4,0.0,0.0,1.0,641.6627295017242
7,30,300,5,0.7,1.0,54879.680213800566,pc,2.0,10,3610.7164971241937,0.0657933224657568,0.32711186747678606,0.9357777777777778,"[4, 15, 25]",3,0.0,0.0,1.0,559.0751795768738
7,30,300,5,0.7,1.0,54879.680213800566,ges,2.0,10,1926.930795430662,0.03511191734215131,0.37593718459422665,0.9853333333333334,"[3, 4, 21]",3,0.0,0.0,1.0,704.4291813373566
7,30,300,5,0.7,1.0,54879.680213800566,bootstrap_l1,2.0,10,0.0,0.0,2.8541628030602966,0.34744444444444444,"[3, 4, 15, 21, 25]",5,0.0,0.0,1.0,615.8178029060364
