seed,p,n,k_star,p_edge,noise_scale,mu_scale,q_source,K_multiplier,K,mu_star,mu_star_relative,log_loss_star,auc_star,support,k_actual,S_recall,S_precision,C_inclusion,fit_seconds
13,30,300,5,0.7,1.0,2498.7388845484866,oracle,2.0,10,87.73551317388582,0.03511191734215131,0.2962087108502077,0.984,"[6, 10, 14]",3,0.4,0.6666666666666666,0.3333333333333333,644.8787112236023
13,30,300,5,0.7,1.0,2498.7388845484866,uniform,2.0,10,0.0,0.0,0.0893623324671694,0.9933333333333334,"[3, 18]",2,0.0,0.0,1.0,623.087592124939
13,30,300,5,0.7,1.0,2498.7388845484866,adversarial,2.0,10,24.987388845484865,0.01,0.0931007205687267,0.9975555555555555,"[2, 3, 9, 13, 16, 18]",6,0.0,0.0,1.0,652.660876750946
13,30,300,5,0.7,1.0,2498.7388845484866,pc,2.0,10,0.0,0.0,0.35568101309307354,0.9637777777777778,"[3, 18]",2,0.0,0.0,1.0,643.0642826557159
13,30,300,5,0.7,1.0,2498.7388845484866,ges,2.0,10,0.0,0.0,0.12933638905964923,0.994,"[3, 18]",2,0.0,0.0,1.0,605.3149645328522
13,30,300,5,0.7,1.0,2498.7388845484866,bootstrap_l1,2.0,10,46.821804570456756,0.01873817422860384,0.031222215609563918,0.9993333333333332,"[2, 3, 13, 16, 18, 21, 28]",7,0.0,0.0,1.0,620.89320063591
