seed,p,n,k_star,p_edge,noise_scale,mu_scale,q_source,K_multiplier,K,mu_star,mu_star_relative,log_loss_star,auc_star,support,k_actual,S_recall,S_precision,C_inclusion,fit_seconds
7,30,300,5,0.5,1.0,3920.9504320644573,oracle,2.0,10,39.20950432064458,0.01,0.25233737866711164,0.9668888888888889,"[15, 19, 22, 23, 25]",5,0.2,0.2,0.8,604.0203039646149
7,30,300,5,0.5,1.0,3920.9504320644573,uniform,2.0,10,0.0,0.0,0.36661560279660615,0.9186666666666665,"[15, 19, 22, 25]",4,0.0,0.0,1.0,613.3481335639954
7,30,300,5,0.5,1.0,3920.9504320644573,adversarial,2.0,10,0.0,0.0,0.20123481938982962,0.9724444444444444,"[15, 19, 22, 25]",4,0.0,0.0,1.0,581.9491837024689
7,30,300,5,0.5,1.0,3920.9504320644573,pc,2.0,10,39.20950432064458,0.01,0.34771357150976495,0.8904444444444446,"[15, 19, 22, 25]",4,0.0,0.0,1.0,577.6151068210602
7,30,300,5,0.5,1.0,3920.9504320644573,ges,2.0,10,137.6720874733197,0.03511191734215131,0.014551881169927349,1.0,"[0, 8, 12, 14, 17, 28]",6,0.2,0.16666666666666666,0.8333333333333334,585.8417406082153
7,30,300,5,0.5,1.0,3920.9504320644573,bootstrap_l1,2.0,10,257.97235614906526,0.0657933224657568,0.1867918827484189,0.9837777777777779,"[3, 8, 15, 19, 22]",5,0.0,0.0,1.0,622.3871173858643
