seed,p,n,k_star,p_edge,noise_scale,mu_scale,q_source,K_multiplier,K,mu_star,mu_star_relative,log_loss_star,auc_star,support,k_actual,S_recall,S_precision,C_inclusion,fit_seconds
6,30,300,5,0.7,1.0,4575.619729662513,oracle,2.0,10,45.75619729662513,0.01,0.6656549312570423,0.7517777777777779,"[3, 10, 20]",3,0.0,0.0,1.0,595.0145747661591
6,30,300,5,0.7,1.0,4575.619729662513,uniform,2.0,10,0.0,0.0,0.5311307403088986,0.8093333333333333,"[3, 10, 20]",3,0.0,0.0,1.0,652.0982372760773
6,30,300,5,0.7,1.0,4575.619729662513,adversarial,2.0,10,0.0,0.0,0.48268503711914235,0.8480000000000001,"[3, 10, 20]",3,0.0,0.0,1.0,596.5699582099915
6,30,300,5,0.7,1.0,4575.619729662513,pc,2.0,10,160.65878173702689,0.03511191734215131,0.4142629685461266,0.839111111111111,"[3, 10, 20]",3,0.0,0.0,1.0,600.1719932556152
6,30,300,5,0.7,1.0,4575.619729662513,ges,2.0,10,85.73875969825338,0.01873817422860384,0.055327991563964396,0.9986666666666666,"[7, 11, 16, 19, 23, 29]",6,0.8,0.6666666666666666,0.3333333333333333,582.2553222179413
6,30,300,5,0.7,1.0,4575.619729662513,bootstrap_l1,2.0,10,45.75619729662513,0.01,0.46059715167988075,0.89,"[3, 10, 20]",3,0.0,0.0,1.0,622.6356992721558
