seed,p,n,k_star,p_edge,noise_scale,mu_scale,q_source,K_multiplier,K,mu_star,mu_star_relative,log_loss_star,auc_star,support,k_actual,S_recall,S_precision,C_inclusion,fit_seconds
9,30,300,5,0.2,1.0,465.08534263946945,oracle,2.0,10,4.650853426394694,0.01,0.029820584043036245,0.9993333333333332,"[1, 5, 8, 16, 18, 20, 21, 24, 28, 29]",10,1.0,0.5,0.5,545.8844742774963
9,30,300,5,0.2,1.0,465.08534263946945,uniform,2.0,10,0.0,0.0,0.02330303956883077,1.0,"[1, 5, 8, 16, 18, 20, 21, 24]",8,0.8,0.5,0.5,558.7213418483734
9,30,300,5,0.2,1.0,465.08534263946945,adversarial,2.0,10,0.0,0.0,0.049538842835766386,0.9995555555555555,"[1, 5, 8, 16, 18, 20, 21, 24]",8,0.8,0.5,0.5,613.8823583126068
9,30,300,5,0.2,1.0,465.08534263946945,pc,2.0,10,30.599509922375603,0.0657933224657568,0.025679324333423077,1.0,"[0, 1, 3, 5, 8, 12, 13, 20, 21]",9,0.4,0.2222222222222222,0.7777777777777778,554.967209815979
9,30,300,5,0.2,1.0,465.08534263946945,ges,2.0,10,8.714850181548293,0.01873817422860384,0.023618952123237363,0.9997777777777778,"[0, 1, 3, 5, 8, 12, 18, 20]",8,0.6,0.375,0.625,585.3601233959198
9,30,300,5,0.2,1.0,465.08534263946945,bootstrap_l1,2.0,10,16.33003810780317,0.03511191734215131,0.014362782484614606,1.0,"[1, 5, 8, 16, 18, 20, 21, 24]",8,0.8,0.5,0.5,534.1089227199554
