seed,p,n,k_star,p_edge,noise_scale,mu_scale,q_source,K_multiplier,K,mu_star,mu_star_relative,log_loss_star,auc_star,support,k_actual,S_recall,S_precision,C_inclusion,fit_seconds
1,30,200,5,0.2,1.0,96.92895851043437,oracle,2.0,10,0.9692895851043437,0.01,0.08253222734215063,0.9945,"[0, 1, 7, 11, 13, 15, 16, 27, 28]",9,1.0,0.5555555555555556,0.3333333333333333,498.08527278900146
1,30,200,5,0.2,1.0,96.92895851043437,uniform,2.0,10,0.0,0.0,0.11758393931033573,0.9970000000000001,"[0, 1, 7, 11, 13, 15, 16, 27, 28]",9,1.0,0.5555555555555556,0.3333333333333333,517.8642721176147
1,30,200,5,0.2,1.0,96.92895851043437,adversarial,2.0,10,0.0,0.0,0.11753127907557506,0.9964999999999999,"[0, 1, 7, 11, 13, 15, 16, 27, 28]",9,1.0,0.5555555555555556,0.3333333333333333,540.90993309021
1,30,200,5,0.2,1.0,96.92895851043437,pc,2.0,10,517.2806983642631,5.336699231206307,0.0869648405336641,0.9964999999999999,"[1, 6, 7, 9, 15, 22, 26, 27, 29]",9,0.8,0.4444444444444444,0.5555555555555556,583.6333589553833
1,30,200,5,0.2,1.0,96.92895851043437,ges,2.0,10,41.95823226156744,0.4328761281083057,0.08179734926170754,0.998,"[1, 5, 7, 12, 13, 15, 16, 22, 27, 29]",10,1.0,0.5,0.5,552.7038462162018
1,30,200,5,0.2,1.0,96.92895851043437,bootstrap_l1,2.0,10,41.95823226156744,0.4328761281083057,0.09983442706590276,0.9960000000000001,"[0, 1, 5, 7, 13, 15, 26, 27, 28]",9,1.0,0.5555555555555556,0.3333333333333333,507.5949671268463
