seed,p,n,k_star,p_edge,noise_scale,mu_scale,q_source,K_multiplier,K,mu_star,mu_star_relative,log_loss_star,auc_star,support,k_actual,S_recall,S_precision,C_inclusion,fit_seconds
6,20,300,5,0.2,1.0,70.05764254010009,oracle,2.0,10,0.0,0.0,0.15274011475898605,0.9922222222222222,"[4, 6, 12, 13, 14, 15, 16, 17]",8,1.0,0.625,0.375,449.4953269958496
6,20,300,5,0.2,1.0,70.05764254010009,uniform,2.0,10,0.0,0.0,0.1006873890567603,0.9955555555555555,"[4, 6, 12, 13, 14, 15, 16, 17]",8,1.0,0.625,0.375,479.60458302497864
6,20,300,5,0.2,1.0,70.05764254010009,adversarial,2.0,10,0.0,0.0,0.1372800313584088,0.9904444444444443,"[4, 6, 12, 13, 14, 15, 16, 17]",8,1.0,0.625,0.375,457.3648200035095
6,20,300,5,0.2,1.0,70.05764254010009,pc,2.0,10,0.700576425401001,0.01,0.0833229053739219,0.9960000000000001,"[0, 4, 11, 12, 13, 14, 15, 16, 17]",9,1.0,0.5555555555555556,0.4444444444444444,496.65948367118835
6,20,300,5,0.2,1.0,70.05764254010009,ges,2.0,10,16.18422407496946,0.23101297000831592,0.09292992250962415,0.9957777777777779,"[4, 11, 12, 13, 15, 16, 17, 19]",8,1.0,0.625,0.375,470.8971321582794
6,20,300,5,0.2,1.0,70.05764254010009,bootstrap_l1,2.0,10,56.8259137967183,0.8111308307896868,0.10067317674871565,0.994,"[4, 13, 15, 16, 17]",5,0.8,0.8,0.2,517.0590531826019
