seed,p,n,k_star,p_edge,noise_scale,mu_scale,q_source,K_multiplier,K,mu_star,mu_star_relative,log_loss_star,auc_star,support,k_actual,S_recall,S_precision,C_inclusion,fit_seconds
2,30,300,5,0.4,1.0,910.2343866516436,oracle,2.0,10,0.0,0.0,0.09004626891620787,0.992,"[5, 8, 11, 13, 22]",5,0.2,0.2,0.8,562.0951673984528
2,30,300,5,0.4,1.0,910.2343866516436,uniform,2.0,10,0.0,0.0,0.08652667113001748,0.9946666666666667,"[5, 8, 11, 13, 22]",5,0.2,0.2,0.8,587.737203836441
2,30,300,5,0.4,1.0,910.2343866516436,adversarial,2.0,10,9.102343866516437,0.01,0.015453045370934854,1.0,"[5, 8, 11, 13, 22]",5,0.2,0.2,0.8,562.9450280666351
2,30,300,5,0.4,1.0,910.2343866516436,pc,2.0,10,17.05613052594485,0.01873817422860384,0.04690345765522712,0.9986666666666666,"[5, 8, 11, 13, 22, 29]",6,0.4,0.3333333333333333,0.6666666666666666,578.5461316108704
2,30,300,5,0.4,1.0,910.2343866516436,ges,2.0,10,17.05613052594485,0.01873817422860384,0.04637092296012003,0.9991111111111112,"[2, 8, 12, 22, 27]",5,0.4,0.4,0.6,661.6587274074554
2,30,300,5,0.4,1.0,910.2343866516436,bootstrap_l1,2.0,10,59.88734452039194,0.0657933224657568,0.016872935182911795,1.0,"[2, 11, 14, 22, 27, 29]",6,0.6,0.5,0.5,611.4720597267151
