seed,p,n,k_star,p_edge,noise_scale,mu_scale,q_source,K_multiplier,K,mu_star,mu_star_relative,log_loss_star,auc_star,support,k_actual,S_recall,S_precision,C_inclusion,fit_seconds
11,30,300,5,0.5,1.0,2821.152871326974,oracle,2.0,10,0.0,0.0,0.061715849129550526,0.9993333333333332,"[10, 16, 17, 19, 20, 24, 25, 29]",8,0.2,0.125,0.875,583.9013345241547
11,30,300,5,0.5,1.0,2821.152871326974,uniform,2.0,10,0.0,0.0,0.05165025518284975,0.9988888888888889,"[10, 16, 17, 19, 20, 24, 25, 29]",8,0.2,0.125,0.875,619.2620937824249
11,30,300,5,0.5,1.0,2821.152871326974,adversarial,2.0,10,0.0,0.0,0.03815794940957582,0.9984444444444446,"[10, 16, 17, 19, 20, 24, 25, 29]",8,0.2,0.125,0.875,617.0867614746094
11,30,300,5,0.5,1.0,2821.152871326974,pc,2.0,10,0.0,0.0,0.0703770494514864,0.9966666666666667,"[10, 16, 17, 19, 20, 24, 25, 29]",8,0.2,0.125,0.875,565.9509813785553
11,30,300,5,0.5,1.0,2821.152871326974,ges,2.0,10,0.0,0.0,0.03479920197488163,0.9993333333333334,"[10, 16, 17, 19, 20, 24, 25, 29]",8,0.2,0.125,0.875,689.1033639907837
11,30,300,5,0.5,1.0,2821.152871326974,bootstrap_l1,2.0,10,185.6130205884113,0.0657933224657568,0.04128001722262549,0.9995555555555555,"[1, 7, 16, 17, 18, 19, 20, 28, 29]",9,0.6,0.3333333333333333,0.6666666666666666,604.9724967479706
