seed,p,n,k_star,p_edge,noise_scale,mu_scale,q_source,K_multiplier,K,mu_star,mu_star_relative,log_loss_star,auc_star,support,k_actual,S_recall,S_precision,C_inclusion,fit_seconds
4,10,300,5,0.2,1.0,65.34429637915284,oracle,2.0,10,0.0,0.0,0.1398741887261805,0.9875555555555555,"[0, 1, 4, 5, 8]",5,1.0,1.0,0.0,119.35835146903992
4,10,300,5,0.2,1.0,65.34429637915284,uniform,2.0,10,0.0,0.0,0.21920416049047847,0.978,"[0, 1, 4, 5, 8]",5,1.0,1.0,0.0,117.02197909355164
4,10,300,5,0.2,1.0,65.34429637915284,adversarial,2.0,10,28.28598601056926,0.4328761281083057,0.1426482807476061,0.9895555555555555,"[0, 1, 4, 5, 8]",5,1.0,1.0,0.0,123.77511739730835
4,10,300,5,0.2,1.0,65.34429637915284,pc,2.0,10,15.09537997965174,0.23101297000831592,0.17642941836772405,0.987111111111111,"[0, 1, 4, 5, 8]",5,1.0,1.0,0.0,114.94060111045837
4,10,300,5,0.2,1.0,65.34429637915284,ges,2.0,10,186.1028998855268,2.848035868435799,0.16295011948485663,0.9902222222222223,"[0, 1, 4, 5, 7, 8, 9]",7,1.0,0.7142857142857143,0.2857142857142857,126.8822283744812
4,10,300,5,0.2,1.0,65.34429637915284,bootstrap_l1,2.0,10,8.055950273217457,0.12328467394420659,0.1467823373737447,0.9875555555555555,"[0, 1, 4, 5, 8]",5,1.0,1.0,0.0,124.89022994041443
