seed,p,n,k_star,p_edge,noise_scale,mu_scale,q_source,K_multiplier,K,mu_star,mu_star_relative,log_loss_star,auc_star,support,k_actual,S_recall,S_precision,C_inclusion,fit_seconds
4,30,300,5,0.2,0.5,51.67564690252266,oracle,2.0,10,0.5167564690252265,0.009999999999999998,0.1005659322583817,0.9960000000000001,"[5, 7, 8, 9, 13, 20, 27, 29]",8,1.0,0.625,0.25,508.62476348876953
4,30,300,5,0.2,0.5,51.67564690252266,uniform,2.0,10,0.0,0.0,0.080566684483238,0.9966666666666667,"[5, 7, 8, 9, 13, 20, 27, 29]",8,1.0,0.625,0.25,582.6608896255493
4,30,300,5,0.2,0.5,51.67564690252266,adversarial,2.0,10,0.0,0.0,0.11102854871210985,0.9937777777777779,"[5, 7, 8, 9, 13, 20, 27, 29]",8,1.0,0.625,0.25,524.8608603477478
4,30,300,5,0.2,0.5,51.67564690252266,pc,2.0,10,41.91571040363771,0.8111308307896868,0.09057464701347925,0.9964444444444445,"[5, 7, 8, 10, 16, 20, 22, 26, 27, 29]",10,1.0,0.5,0.5,528.2444450855255
4,30,300,5,0.2,0.5,51.67564690252266,ges,2.0,10,22.36915394865597,0.4328761281083057,0.09563793865710522,0.9937777777777779,"[5, 7, 8, 13, 20, 23, 27, 29]",8,1.0,0.625,0.375,516.6124863624573
4,30,300,5,0.2,0.5,51.67564690252266,bootstrap_l1,2.0,10,22.36915394865597,0.4328761281083057,0.09508075125644817,0.9960000000000001,"[4, 5, 7, 8, 9, 10, 14, 20, 23, 29]",10,0.8,0.4,0.5,569.8612475395203
