seed,p,n,k_star,p_edge,noise_scale,mu_scale,q_source,K_multiplier,K,mu_star,mu_star_relative,log_loss_star,auc_star,support,k_actual,S_recall,S_precision,C_inclusion,fit_seconds
9,30,300,5,0.6,1.0,2201.7426042244397,oracle,2.0,10,0.0,0.0,0.3066206825742578,0.9357777777777777,[28],1,0.0,0.0,1.0,588.1135833263397
9,30,300,5,0.6,1.0,2201.7426042244397,uniform,2.0,10,0.0,0.0,0.43194195796112683,0.8784444444444445,[28],1,0.0,0.0,1.0,652.8947484493256
9,30,300,5,0.6,1.0,2201.7426042244397,adversarial,2.0,10,0.0,0.0,0.09768920455077564,0.9928888888888888,[28],1,0.0,0.0,1.0,653.8411536216736
9,30,300,5,0.6,1.0,2201.7426042244397,pc,2.0,10,22.0174260422444,0.01,0.4481683950986507,0.8704444444444445,"[0, 24, 28]",3,0.0,0.0,1.0,546.9960660934448
9,30,300,5,0.6,1.0,2201.7426042244397,ges,2.0,10,41.2566365244975,0.01873817422860384,0.11393084038482959,0.9944444444444445,"[5, 8, 15, 16, 23, 26, 29]",7,0.6,0.42857142857142855,0.5714285714285714,423.0882523059845
9,30,300,5,0.6,1.0,2201.7426042244397,bootstrap_l1,2.0,10,0.0,0.0,0.31020079307145465,0.897111111111111,[28],1,0.0,0.0,1.0,346.87217807769775
