seed,p,n,k_star,p_edge,noise_scale,mu_scale,q_source,K_multiplier,K,mu_star,mu_star_relative,log_loss_star,auc_star,support,k_actual,S_recall,S_precision,C_inclusion,fit_seconds
4,30,500,5,0.2,1.0,179.39565020119053,oracle,2.0,10,1.7939565020119055,0.01,0.050218754250573164,0.9982399999999998,"[1, 7, 8, 14, 18, 20, 23, 24, 27, 29]",10,1.0,0.5,0.5,578.4168272018433
4,30,500,5,0.2,1.0,179.39565020119053,uniform,2.0,10,0.0,0.0,0.059930997756997194,0.9970399999999999,"[1, 7, 8, 14, 18, 20, 23, 24, 27, 29]",10,1.0,0.5,0.5,642.6652910709381
4,30,500,5,0.2,1.0,179.39565020119053,adversarial,2.0,10,0.0,0.0,0.061328326268737396,0.99824,"[1, 7, 8, 14, 18, 20, 23, 24, 27, 29]",10,1.0,0.5,0.5,569.1223542690277
4,30,500,5,0.2,1.0,179.39565020119053,pc,2.0,10,77.65609445856336,0.4328761281083057,0.03670448696868205,0.9992000000000001,"[1, 7, 8, 14, 20, 23, 27, 29]",8,1.0,0.625,0.375,638.0809984207153
4,30,500,5,0.2,1.0,179.39565020119053,ges,2.0,10,22.116734242062712,0.12328467394420657,0.03567209985154715,0.9995200000000001,"[7, 8, 20, 23, 27, 29]",6,1.0,0.8333333333333334,0.16666666666666666,622.914315700531
4,30,500,5,0.2,1.0,179.39565020119053,bootstrap_l1,2.0,10,77.65609445856336,0.4328761281083057,0.05574360607470523,0.9976800000000001,"[1, 7, 8, 20, 23, 24, 29]",7,0.8,0.5714285714285714,0.42857142857142855,664.4087362289429
