seed,p,n,k_star,p_edge,noise_scale,mu_scale,q_source,K_multiplier,K,mu_star,mu_star_relative,log_loss_star,auc_star,support,k_actual,S_recall,S_precision,C_inclusion,fit_seconds
7,30,200,5,0.2,1.0,66.68198210540072,oracle,2.0,10,0.6668198210540072,0.01,0.6038539960942444,0.94675,"[6, 9, 12, 14, 15, 17, 18, 22, 23, 29]",10,1.0,0.5,0.5,486.3077254295349
7,30,200,5,0.2,1.0,66.68198210540072,uniform,2.0,10,0.0,0.0,0.49876758583955016,0.9664999999999999,"[6, 9, 12, 14, 15, 17, 18, 22, 23, 29]",10,1.0,0.5,0.5,508.00834584236145
7,30,200,5,0.2,1.0,66.68198210540072,adversarial,2.0,10,2.3413322438956428,0.03511191734215131,0.22356083683840922,0.9809999999999999,"[1, 8, 12, 13, 24, 25, 26, 27, 28, 29]",10,0.0,0.0,1.0,516.0061192512512
7,30,200,5,0.2,1.0,66.68198210540072,pc,2.0,10,666.8198210540072,10.0,0.25012128195234523,0.977,"[5, 8, 11, 12, 13, 14, 17, 22, 24, 29]",10,0.2,0.1,0.9,556.153507232666
7,30,200,5,0.2,1.0,66.68198210540072,ges,2.0,10,28.86503822837319,0.4328761281083057,0.25080841309354635,0.982,"[0, 6, 9, 14, 17, 18, 22, 23]",8,1.0,0.625,0.375,506.52236557006836
7,30,200,5,0.2,1.0,66.68198210540072,bootstrap_l1,2.0,10,101.35068363526773,1.5199110829529332,0.12206498450910094,0.9925,"[9, 10, 12, 13, 14, 22, 23, 26, 27, 29]",10,0.4,0.2,0.8,501.6067771911621
