seed,p,n,k_star,p_edge,noise_scale,mu_scale,q_source,K_multiplier,K,mu_star,mu_star_relative,log_loss_star,auc_star,support,k_actual,S_recall,S_precision,C_inclusion,fit_seconds
9,30,300,5,0.2,2.0,930.1706852789389,oracle,2.0,10,9.301706852789389,0.01,0.02954370636761921,0.9995555555555555,"[1, 5, 8, 16, 18, 20, 21, 24, 29]",9,1.0,0.5555555555555556,0.4444444444444444,537.0503318309784
9,30,300,5,0.2,2.0,930.1706852789389,uniform,2.0,10,0.0,0.0,0.023863814314468913,0.9997777777777778,"[1, 5, 8, 16, 18, 20, 21, 24]",8,0.8,0.5,0.5,555.2248365879059
9,30,300,5,0.2,2.0,930.1706852789389,adversarial,2.0,10,0.0,0.0,0.049125139907845936,0.9995555555555555,"[1, 5, 8, 16, 18, 20, 21, 24]",8,0.8,0.5,0.5,579.5622954368591
9,30,300,5,0.2,2.0,930.1706852789389,pc,2.0,10,214.88149262095817,0.23101297000831592,0.025710040744703268,1.0,"[0, 1, 3, 5, 8, 12, 13, 19, 20]",9,0.4,0.2222222222222222,0.7777777777777778,503.17274284362793
9,30,300,5,0.2,2.0,930.1706852789389,ges,2.0,10,17.429700363096586,0.01873817422860384,0.023542078916702586,0.9997777777777778,"[0, 1, 3, 5, 8, 12, 18]",7,0.4,0.2857142857142857,0.7142857142857143,596.5772852897644
9,30,300,5,0.2,2.0,930.1706852789389,bootstrap_l1,2.0,10,0.0,0.0,0.0332051103388243,0.9997777777777778,"[1, 5, 8, 16, 18, 20, 21, 24]",8,0.8,0.5,0.5,335.7604570388794
