seed,p,n,k_star,p_edge,noise_scale,mu_scale,q_source,K_multiplier,K,mu_star,mu_star_relative,log_loss_star,auc_star,support,k_actual,S_recall,S_precision,C_inclusion,fit_seconds
2,15,300,5,0.2,1.0,273.2726621802217,oracle,2.0,10,2.732726621802217,0.01,0.06748019457639026,0.9986666666666666,"[0, 2, 4, 5, 6, 8, 10, 12, 14]",9,1.0,0.5555555555555556,0.4444444444444444,353.85673236846924
2,15,300,5,0.2,1.0,273.2726621802217,uniform,2.0,10,0.0,0.0,0.1041825344611615,0.9955555555555555,"[0, 2, 4, 5, 6, 7, 8, 10, 14]",9,1.0,0.5555555555555556,0.4444444444444444,402.6704742908478
2,15,300,5,0.2,1.0,273.2726621802217,adversarial,2.0,10,0.0,0.0,0.12981090450344918,0.992,"[0, 2, 4, 5, 6, 7, 8, 10, 14]",9,1.0,0.5555555555555556,0.4444444444444444,449.88825702667236
2,15,300,5,0.2,1.0,273.2726621802217,pc,2.0,10,17.979516383899146,0.0657933224657568,0.08483420450805287,0.9946666666666667,"[1, 2, 4, 5, 6, 8, 10, 12, 14]",9,1.0,0.5555555555555556,0.4444444444444444,356.4509844779968
2,15,300,5,0.2,1.0,273.2726621802217,ges,2.0,10,17.979516383899146,0.0657933224657568,0.07695990768936174,0.9960000000000001,"[2, 4, 5, 6, 8, 10, 12, 14]",8,1.0,0.625,0.375,398.9043745994568
2,15,300,5,0.2,1.0,273.2726621802217,bootstrap_l1,2.0,10,2.732726621802217,0.01,0.09140016245212498,0.9957777777777779,"[0, 2, 4, 5, 6, 8, 10, 12, 14]",9,1.0,0.5555555555555556,0.4444444444444444,416.77098417282104
