seed,p,n,k_star,p_edge,noise_scale,mu_scale,q_source,K_multiplier,K,mu_star,mu_star_relative,log_loss_star,auc_star,support,k_actual,S_recall,S_precision,C_inclusion,fit_seconds
2,30,150,5,0.2,1.0,75.89358051337268,oracle,2.0,10,2.6647691257854467,0.03511191734215131,0.1723535741285152,0.992,"[8, 10, 13, 14, 15, 17, 18, 19, 25]",9,0.6,0.3333333333333333,0.6666666666666666,467.87276816368103
2,30,150,5,0.2,1.0,75.89358051337268,uniform,2.0,10,0.0,0.0,0.12670946408038442,0.9946666666666667,"[6, 8, 10, 11, 13, 14, 15, 19, 25, 28]",10,0.6,0.3,0.7,461.5201721191406
2,30,150,5,0.2,1.0,75.89358051337268,adversarial,2.0,10,2.6647691257854467,0.03511191734215131,0.22363081174744198,0.9893333333333334,"[0, 11, 12, 15, 17, 18, 19, 22, 29]",9,0.2,0.1111111111111111,0.8888888888888888,463.8635046482086
2,30,150,5,0.2,1.0,75.89358051337268,pc,2.0,10,17.53240143895947,0.2310129700083159,0.19545958339389038,0.9893333333333334,"[8, 10, 12, 13, 14, 15, 17, 19, 25]",9,0.6,0.3333333333333333,0.6666666666666666,455.2922394275665
2,30,150,5,0.2,1.0,75.89358051337268,ges,2.0,10,61.55962301341597,0.8111308307896868,0.14873988645101316,0.9795555555555555,"[2, 8, 10, 13, 14, 19, 25]",7,0.8,0.5714285714285714,0.42857142857142855,491.5547091960907
2,30,150,5,0.2,1.0,75.89358051337268,bootstrap_l1,2.0,10,216.14763948610562,2.848035868435799,0.08205204414997792,0.9973333333333333,"[1, 8, 12, 15, 17, 18, 19, 25, 29]",9,0.4,0.2222222222222222,0.7777777777777778,508.16550755500793
