seed,p,n,k_star,p_edge,noise_scale,mu_scale,q_source,K_multiplier,K,mu_star,mu_star_relative,log_loss_star,auc_star,support,k_actual,S_recall,S_precision,C_inclusion,fit_seconds
7,30,500,5,0.2,1.0,189.12132041831575,oracle,2.0,10,0.0,0.0,0.19427963623665256,0.98744,"[6, 8, 9, 10, 17, 18, 19, 23, 29]",9,1.0,0.5555555555555556,0.4444444444444444,563.4351959228516
7,30,500,5,0.2,1.0,189.12132041831575,uniform,2.0,10,0.0,0.0,0.28878569945959126,0.9792,"[6, 8, 9, 10, 17, 18, 19, 23, 29]",9,1.0,0.5555555555555556,0.4444444444444444,563.9294862747192
7,30,500,5,0.2,1.0,189.12132041831575,adversarial,2.0,10,3.5437882523420132,0.01873817422860384,0.122618693197419,0.99032,"[7, 9, 10, 12, 19, 20, 25, 27, 28, 29]",10,0.2,0.1,0.9,544.7449841499329
7,30,500,5,0.2,1.0,189.12132041831575,pc,2.0,10,23.315760323669878,0.1232846739442066,0.1483978868809845,0.9909600000000001,"[6, 9, 11, 13, 17, 18, 23]",7,1.0,0.7142857142857143,0.2857142857142857,610.9113874435425
7,30,500,5,0.2,1.0,189.12132041831575,ges,2.0,10,81.86610492541078,0.4328761281083057,0.1252747616429142,0.99064,"[0, 6, 9, 15, 17, 18, 20, 23]",8,1.0,0.625,0.375,611.749924659729
7,30,500,5,0.2,1.0,189.12132041831575,bootstrap_l1,2.0,10,3.5437882523420132,0.01873817422860384,0.06002220815079795,0.9978400000000001,"[3, 6, 9, 17, 18, 19, 23, 27, 29]",9,1.0,0.5555555555555556,0.4444444444444444,581.5758466720581
