seed,p,n,k_star,p_edge,noise_scale,mu_scale,q_source,K_multiplier,K,mu_star,mu_star_relative,log_loss_star,auc_star,support,k_actual,S_recall,S_precision,C_inclusion,fit_seconds
3,30,100,5,0.2,1.0,35.09041622396791,oracle,2.0,10,2.3087150700811443,0.0657933224657568,0.34170541720569503,0.982,"[0, 1, 3, 4, 6, 7, 10, 15, 16, 20]",10,1.0,0.5,0.5,454.39486956596375
3,30,100,5,0.2,1.0,35.09041622396791,uniform,2.0,10,0.0,0.0,1.0263604667599977,0.876,"[1, 4, 6, 7, 10, 11, 20, 24]",8,0.4,0.25,0.75,456.81487011909485
3,30,100,5,0.2,1.0,35.09041622396791,adversarial,2.0,10,0.0,0.0,0.6358176014559935,0.9480000000000001,"[1, 4, 6, 7, 10, 11, 20, 24]",8,0.4,0.25,0.75,461.9986710548401
3,30,100,5,0.2,1.0,35.09041622396791,pc,2.0,10,0.0,0.0,0.49177131743139346,0.958,"[1, 4, 6, 7, 10, 11, 20, 24]",8,0.4,0.25,0.75,459.81432056427
3,30,100,5,0.2,1.0,35.09041622396791,ges,2.0,10,2.3087150700811443,0.0657933224657568,0.23221991186806212,0.9800000000000001,"[1, 3, 4, 6, 7, 15, 16, 20, 24]",9,1.0,0.5555555555555556,0.4444444444444444,467.73955821990967
3,30,100,5,0.2,1.0,35.09041622396791,bootstrap_l1,2.0,10,28.462918464502994,0.8111308307896868,0.6559204122483477,0.9040000000000001,"[10, 11, 20, 23, 24]",5,0.0,0.0,1.0,459.50706911087036
