seed,p,n,k_star,p_edge,noise_scale,mu_scale,q_source,K_multiplier,K,mu_star,mu_star_relative,log_loss_star,auc_star,support,k_actual,S_recall,S_precision,C_inclusion,fit_seconds
9,30,300,7,0.2,1.0,409.8462660698098,oracle,2.0,14,14.390488217232514,0.03511191734215131,0.13985408543938022,0.9880000000000001,"[1, 5, 8, 9, 12, 18, 20, 22, 29]",9,0.7142857142857143,0.5555555555555556,0.4444444444444444,983.315217256546
9,30,300,7,0.2,1.0,409.8462660698098,uniform,2.0,14,0.0,0.0,0.1739560228614493,0.9880000000000001,"[0, 1, 5, 8, 9, 12, 14, 20, 21, 22, 26, 28, 29]",13,0.5714285714285714,0.3076923076923077,0.6923076923076923,862.1474845409393
9,30,300,7,0.2,1.0,409.8462660698098,adversarial,2.0,14,0.0,0.0,0.22259958939588875,0.984888888888889,"[0, 1, 5, 8, 9, 12, 14, 20, 21, 22, 26, 28, 29]",13,0.5714285714285714,0.3076923076923077,0.6923076923076923,571.9222412109375
9,30,300,7,0.2,1.0,409.8462660698098,pc,2.0,14,7.679770740558823,0.01873817422860384,0.12657179526116671,0.9895555555555555,"[0, 1, 5, 9, 12, 16, 17, 20, 22, 24, 26, 28, 29]",13,0.7142857142857143,0.38461538461538464,0.6153846153846154,500.571133852005
9,30,300,7,0.2,1.0,409.8462660698098,ges,2.0,14,50.52776327966704,0.12328467394420659,0.1374899484155545,0.9935555555555556,"[1, 5, 7, 9, 12, 14, 16, 17, 18, 20, 21, 29]",12,0.8571428571428571,0.5,0.5,551.790687084198
9,30,300,7,0.2,1.0,409.8462660698098,bootstrap_l1,2.0,14,50.52776327966704,0.12328467394420659,0.1950766809840459,0.9864444444444445,"[0, 1, 5, 8, 9, 12, 14, 20, 21, 22, 26, 28, 29]",13,0.5714285714285714,0.3076923076923077,0.6923076923076923,512.2586784362793
