seed,p,n,k_star,p_edge,noise_scale,mu_scale,q_source,K_multiplier,K,mu_star,mu_star_relative,log_loss_star,auc_star,support,k_actual,S_recall,S_precision,C_inclusion,fit_seconds
6,30,100,5,0.2,1.0,143.9260893140113,oracle,2.0,10,0.0,0.0,0.18077640060603628,0.994,"[3, 6, 9, 10, 14, 15, 21, 23, 24, 26]",10,0.4,0.2,0.8,449.84360218048096
6,30,100,5,0.2,1.0,143.9260893140113,uniform,2.0,10,0.0,0.0,0.4343595096211482,0.978,"[3, 6, 9, 10, 14, 15, 21, 23, 24, 26]",10,0.4,0.2,0.8,485.3949942588806
6,30,100,5,0.2,1.0,143.9260893140113,adversarial,2.0,10,0.0,0.0,0.3650275730156262,0.992,"[3, 6, 9, 10, 14, 15, 21, 23, 24, 26]",10,0.4,0.2,0.8,479.87478375434875
6,30,100,5,0.2,1.0,143.9260893140113,pc,2.0,10,116.74288839758466,0.8111308307896868,0.14473373188466904,0.992,"[1, 9, 10, 15, 21, 23, 24]",7,0.4,0.2857142857142857,0.7142857142857143,476.8419654369354
6,30,100,5,0.2,1.0,143.9260893140113,ges,2.0,10,62.30216827601941,0.4328761281083057,0.13109135964164298,0.9960000000000001,"[1, 3, 9, 15, 21, 23, 24]",7,0.4,0.2857142857142857,0.7142857142857143,494.64344120025635
6,30,100,5,0.2,1.0,143.9260893140113,bootstrap_l1,2.0,10,116.74288839758466,0.8111308307896868,0.1558458585570512,1.0,"[1, 3, 9, 10, 13, 14, 15, 21, 23]",9,0.4,0.2222222222222222,0.7777777777777778,505.13163018226624
