seed,p,n,k_star,p_edge,noise_scale,mu_scale,q_source,K_multiplier,K,mu_star,mu_star_relative,log_loss_star,auc_star,support,k_actual,S_recall,S_precision,C_inclusion,fit_seconds
8,10,300,5,0.2,1.0,42.33557650967355,oracle,2.0,10,0.0,0.0,0.22477581476202216,0.973111111111111,"[0, 1, 3, 5, 8, 9]",6,1.0,0.8333333333333334,0.0,87.80778431892395
8,10,300,5,0.2,1.0,42.33557650967355,uniform,2.0,10,0.0,0.0,0.22002255491554248,0.9771111111111113,"[0, 1, 3, 5, 8, 9]",6,1.0,0.8333333333333334,0.0,85.79925107955933
8,10,300,5,0.2,1.0,42.33557650967355,adversarial,2.0,10,18.326060440740427,0.4328761281083057,0.2107097081495421,0.978,"[0, 1, 5, 8, 9]",5,1.0,1.0,0.0,84.04740023612976
8,10,300,5,0.2,1.0,42.33557650967355,pc,2.0,10,64.3463119402547,1.5199110829529334,0.19330794477695634,0.9724444444444444,"[0, 1, 3, 5, 8, 9]",6,1.0,0.8333333333333334,0.0,85.85277700424194
8,10,300,5,0.2,1.0,42.33557650967355,ges,2.0,10,18.326060440740427,0.4328761281083057,0.2153793631907041,0.9731111111111111,"[0, 1, 3, 5, 8, 9]",6,1.0,0.8333333333333334,0.0,91.28857135772705
8,10,300,5,0.2,1.0,42.33557650967355,bootstrap_l1,2.0,10,0.0,0.0,0.22761205053844194,0.9684444444444443,"[0, 1, 3, 5, 8, 9]",6,1.0,0.8333333333333334,0.0,87.91522860527039
