seed,p,n,k_star,p_edge,noise_scale,mu_scale,q_source,K_multiplier,K,mu_star,mu_star_relative,log_loss_star,auc_star,support,k_actual,S_recall,S_precision,C_inclusion,fit_seconds
0,30,300,5,0.2,2.0,529.8421759746545,oracle,2.0,10,5.298421759746545,0.01,0.09066972447005313,0.9966666666666667,"[2, 5, 7, 8, 10, 12, 17, 18]",8,0.6,0.375,0.625,570.2656886577606
0,30,300,5,0.2,2.0,529.8421759746545,uniform,2.0,10,0.0,0.0,0.10101829863449982,0.9964444444444445,"[2, 5, 7, 8, 9, 10, 11, 17, 18]",9,0.6,0.3333333333333333,0.6666666666666666,577.2726442813873
0,30,300,5,0.2,2.0,529.8421759746545,adversarial,2.0,10,0.0,0.0,0.07392058319691122,0.9975555555555555,"[2, 5, 7, 8, 9, 10, 11, 17, 18]",9,0.6,0.3333333333333333,0.6666666666666666,543.0047602653503
0,30,300,5,0.2,2.0,529.8421759746545,pc,2.0,10,229.35602964438803,0.4328761281083057,0.09755883146688561,0.9957777777777779,"[2, 7, 8, 10, 12, 17, 18, 27, 28]",9,0.6,0.3333333333333333,0.6666666666666666,575.0285322666168
0,30,300,5,0.2,2.0,529.8421759746545,ges,2.0,10,429.771324385737,0.8111308307896868,0.05370591738905932,0.998,"[1, 2, 10, 17, 18, 22]",6,0.8,0.6666666666666666,0.3333333333333333,582.3718791007996
0,30,300,5,0.2,2.0,529.8421759746545,bootstrap_l1,2.0,10,0.0,0.0,0.06107728429734398,0.9982222222222223,"[2, 5, 7, 8, 9, 10, 11, 17, 18]",9,0.6,0.3333333333333333,0.6666666666666666,546.7901332378387
