seed,p,n,k_star,p_edge,noise_scale,mu_scale,q_source,K_multiplier,K,mu_star,mu_star_relative,log_loss_star,auc_star,support,k_actual,S_recall,S_precision,C_inclusion,fit_seconds
8,20,300,5,0.2,1.0,198.83334659486627,oracle,2.0,10,0.0,0.0,0.08711346438417977,0.9964444444444445,"[2, 3, 8, 10, 12, 13, 16, 19]",8,1.0,0.625,0.375,492.73791456222534
8,20,300,5,0.2,1.0,198.83334659486627,uniform,2.0,10,0.0,0.0,0.07070088560994456,0.9960000000000001,"[2, 3, 8, 10, 12, 13, 16, 19]",8,1.0,0.625,0.375,523.2562439441681
8,20,300,5,0.2,1.0,198.83334659486627,adversarial,2.0,10,0.0,0.0,0.09700267125937224,0.9968888888888889,"[2, 3, 8, 10, 12, 13, 16, 19]",8,1.0,0.625,0.375,498.70137214660645
8,20,300,5,0.2,1.0,198.83334659486627,pc,2.0,10,6.9814200305022664,0.03511191734215131,0.09036508507540765,0.9957777777777779,"[2, 3, 8, 10, 12, 13, 16, 19]",8,1.0,0.625,0.375,486.56888818740845
8,20,300,5,0.2,1.0,198.83334659486627,ges,2.0,10,161.27985761218764,0.811130830789687,0.08995196679501376,0.994,"[2, 3, 8, 10, 12, 13, 16, 19]",8,1.0,0.625,0.375,523.6286759376526
8,20,300,5,0.2,1.0,198.83334659486627,bootstrap_l1,2.0,10,566.2845029433062,2.848035868435799,0.0730637894731849,0.9966666666666667,"[2, 3, 8, 10, 12, 13, 16, 19]",8,1.0,0.625,0.375,553.3976762294769
