seed,p,n,k_star,p_edge,noise_scale,mu_scale,q_source,K_multiplier,K,mu_star,mu_star_relative,log_loss_star,auc_star,support,k_actual,S_recall,S_precision,C_inclusion,fit_seconds
6,30,300,5,0.2,1.0,440.4747357194434,oracle,2.0,10,4.404747357194434,0.01,0.12598534703293665,0.9933333333333334,"[10, 13, 19, 21, 22, 23, 25, 26, 29]",9,0.8,0.4444444444444444,0.5555555555555556,585.3510980606079
6,30,300,5,0.2,1.0,440.4747357194434,uniform,2.0,10,0.0,0.0,0.17211034368244923,0.9879999999999999,"[3, 10, 13, 14, 19, 21, 22, 23, 25]",9,0.6,0.3333333333333333,0.6666666666666666,588.952713727951
6,30,300,5,0.2,1.0,440.4747357194434,adversarial,2.0,10,0.0,0.0,0.15175285771616343,0.9904444444444446,"[3, 10, 13, 14, 19, 21, 22, 23, 25]",9,0.6,0.3333333333333333,0.6666666666666666,575.0368242263794
6,30,300,5,0.2,1.0,440.4747357194434,pc,2.0,10,15.465912511887039,0.03511191734215131,0.13147814912186928,0.9935555555555556,"[1, 13, 19, 21, 23, 29]",6,0.8,0.6666666666666666,0.3333333333333333,630.9391644001007
6,30,300,5,0.2,1.0,440.4747357194434,ges,2.0,10,0.0,0.0,0.1277956279956774,0.9924444444444445,"[3, 10, 13, 14, 19, 21, 22, 23, 25]",9,0.6,0.3333333333333333,0.6666666666666666,639.6803812980652
6,30,300,5,0.2,1.0,440.4747357194434,bootstrap_l1,2.0,10,8.253692341209161,0.01873817422860384,0.1104641592473032,0.9951111111111111,"[3, 10, 11, 13, 19, 21, 23, 25, 29]",9,0.8,0.4444444444444444,0.5555555555555556,657.6430139541626
