seed,p,n,k_star,p_edge,noise_scale,mu_scale,q_source,K_multiplier,K,mu_star,mu_star_relative,log_loss_star,auc_star,support,k_actual,S_recall,S_precision,C_inclusion,fit_seconds
1,10,300,5,0.2,1.0,114.61209126719811,oracle,2.0,10,0.0,0.0,0.10579592939824771,0.9951111111111111,"[3, 5, 7, 8, 9]",5,1.0,1.0,0.0,134.6845088005066
1,10,300,5,0.2,1.0,114.61209126719811,uniform,2.0,10,0.0,0.0,0.11854351973864521,0.9924444444444445,"[3, 5, 7, 8, 9]",5,1.0,1.0,0.0,118.26026773452759
1,10,300,5,0.2,1.0,114.61209126719811,adversarial,2.0,10,14.129914301940167,0.12328467394420659,0.10574072962534871,0.9944444444444445,"[0, 1, 3, 5, 7, 8, 9]",7,1.0,0.7142857142857143,0.14285714285714285,141.1553783416748
1,10,300,5,0.2,1.0,114.61209126719811,pc,2.0,10,14.129914301940167,0.12328467394420659,0.10155836800957649,0.9931111111111111,"[3, 5, 7, 8, 9]",5,1.0,1.0,0.0,123.09072375297546
1,10,300,5,0.2,1.0,114.61209126719811,ges,2.0,10,14.129914301940167,0.12328467394420659,0.10869757118707846,0.9931111111111111,"[3, 5, 7, 8, 9]",5,1.0,1.0,0.0,134.5287892818451
1,10,300,5,0.2,1.0,114.61209126719811,bootstrap_l1,2.0,10,2.147621334869403,0.01873817422860384,0.10900918635279282,0.9944444444444445,"[3, 5, 7, 8, 9]",5,1.0,1.0,0.0,140.25074291229248
