seed,p,n,k_star,p_edge,noise_scale,mu_scale,q_source,K_multiplier,K,mu_star,mu_star_relative,log_loss_star,auc_star,support,k_actual,S_recall,S_precision,C_inclusion,fit_seconds
0,30,75,5,0.2,1.0,78.47925445447534,oracle,2.0,10,18.129725655566705,0.23101297000831592,0.47512382495087413,0.9928571428571429,"[2, 4, 10, 14, 15, 17, 20, 22, 28]",9,0.8,0.4444444444444444,0.5555555555555556,442.93753027915955
0,30,75,5,0.2,1.0,78.47925445447534,uniform,2.0,10,0.0,0.0,0.7162269302914912,0.9607142857142857,"[2, 10, 13, 15, 17, 20, 22, 24]",8,0.8,0.5,0.5,462.10332775115967
0,30,75,5,0.2,1.0,78.47925445447534,adversarial,2.0,10,1.4705579432988929,0.01873817422860384,0.774766567101638,0.9428571428571428,"[0, 4, 11, 13, 15, 17, 20, 23, 24]",9,0.2,0.1111111111111111,0.8888888888888888,441.4860374927521
0,30,75,5,0.2,1.0,78.47925445447534,pc,2.0,10,9.675289296804415,0.1232846739442066,0.4504525392134845,0.9714285714285713,"[2, 7, 10, 14, 17, 20, 22, 25, 28]",9,0.8,0.4444444444444444,0.5555555555555556,473.6665749549866
0,30,75,5,0.2,1.0,78.47925445447534,ges,2.0,10,18.129725655566705,0.23101297000831592,0.196106142538006,0.9928571428571429,"[2, 9, 10, 17, 21, 22, 23, 25]",8,1.0,0.625,0.375,463.49951434135437
0,30,75,5,0.2,1.0,78.47925445447534,bootstrap_l1,2.0,10,33.971795805079786,0.43287612810830567,0.553571871856646,0.9928571428571429,"[2, 3, 7, 10, 14, 17, 20, 25, 29]",9,0.6,0.3333333333333333,0.6666666666666666,469.335515499115
