seed,p,n,k_star,p_edge,noise_scale,mu_scale,q_source,K_multiplier,K,mu_star,mu_star_relative,log_loss_star,auc_star,support,k_actual,S_recall,S_precision,C_inclusion,fit_seconds
5,30,150,5,0.2,1.0,39.103263671581644,oracle,2.0,10,1.3729905618449227,0.03511191734215131,0.09574818880907902,0.9973333333333333,"[2, 3, 4, 6, 8, 12, 13, 20, 27]",9,0.8,0.4444444444444444,0.5555555555555556,485.59544706344604
5,30,150,5,0.2,1.0,39.103263671581644,uniform,2.0,10,0.0,0.0,0.2595175155674596,0.984,"[1, 2, 3, 6, 7, 13, 20]",7,0.4,0.2857142857142857,0.7142857142857143,494.33329224586487
5,30,150,5,0.2,1.0,39.103263671581644,adversarial,2.0,10,4.820833111905281,0.12328467394420657,0.11855862317636583,0.9928888888888888,"[6, 7, 9, 15, 21, 24, 26, 28]",8,0.0,0.0,1.0,456.2171359062195
5,30,150,5,0.2,1.0,39.103263671581644,pc,2.0,10,0.0,0.0,0.06114301425083331,0.9991111111111112,"[1, 2, 3, 6, 7, 13, 20]",7,0.4,0.2857142857142857,0.7142857142857143,522.2584006786346
5,30,150,5,0.2,1.0,39.103263671581644,ges,2.0,10,59.433483834067744,1.5199110829529332,0.0659892532151769,0.9982222222222223,"[2, 4, 6, 7, 9, 17, 20]",7,0.6,0.42857142857142855,0.5714285714285714,534.1449012756348
5,30,150,5,0.2,1.0,39.103263671581644,bootstrap_l1,2.0,10,59.433483834067744,1.5199110829529332,0.0640727155623799,0.9955555555555555,"[2, 4, 8, 9, 12, 15, 16, 20, 27]",9,0.8,0.4444444444444444,0.5555555555555556,526.9450128078461
