seed,p,n,k_star,p_edge,noise_scale,mu_scale,q_source,K_multiplier,K,mu_star,mu_star_relative,log_loss_star,auc_star,support,k_actual,S_recall,S_precision,C_inclusion,fit_seconds
6,30,150,5,0.2,1.0,236.09713849098227,oracle,2.0,10,0.0,0.0,0.23050128343814827,0.992,"[9, 10, 11, 13, 14, 20, 21, 23]",8,0.4,0.25,0.75,421.37978291511536
6,30,150,5,0.2,1.0,236.09713849098227,uniform,2.0,10,0.0,0.0,0.21530002813038393,0.9911111111111112,"[9, 10, 11, 13, 14, 20, 21, 23]",8,0.4,0.25,0.75,483.32889318466187
6,30,150,5,0.2,1.0,236.09713849098227,adversarial,2.0,10,2.360971384909823,0.01,0.2556127993823095,0.9724444444444444,"[1, 3, 9, 10, 11, 13]",6,0.0,0.0,1.0,505.0854244232178
6,30,150,5,0.2,1.0,236.09713849098227,pc,2.0,10,2.360971384909823,0.01,0.2888861897669088,0.9884444444444445,"[1, 3, 9, 10, 11, 13, 14, 15, 20, 21]",10,0.2,0.1,0.9,491.13177371025085
6,30,150,5,0.2,1.0,236.09713849098227,ges,2.0,10,0.0,0.0,0.21882545263119985,0.9893333333333334,"[9, 10, 11, 13, 14, 20, 21, 23]",8,0.4,0.25,0.75,509.5634388923645
6,30,150,5,0.2,1.0,236.09713849098227,bootstrap_l1,2.0,10,102.20081516742684,0.4328761281083057,0.2309145804252284,0.9893333333333334,"[1, 10, 13, 23, 24, 25]",6,0.2,0.16666666666666666,0.8333333333333334,550.8839693069458
