seed,p,n,k_star,p_edge,noise_scale,mu_scale,q_source,K_multiplier,K,mu_star,mu_star_relative,log_loss_star,auc_star,support,k_actual,S_recall,S_precision,C_inclusion,fit_seconds
0,20,300,5,0.2,1.0,136.57935786222845,oracle,2.0,10,1.3657935786222846,0.01,0.13621272222155967,0.9882222222222221,"[0, 4, 5, 6, 9, 11, 12, 16]",8,1.0,0.625,0.375,501.58650255203247
0,20,300,5,0.2,1.0,136.57935786222845,uniform,2.0,10,0.0,0.0,0.15112832732151432,0.9895555555555555,"[0, 4, 5, 6, 9, 11, 12, 16]",8,1.0,0.625,0.375,483.17603373527527
0,20,300,5,0.2,1.0,136.57935786222845,adversarial,2.0,10,2.5592478036532706,0.01873817422860384,0.1545733425043822,0.9902222222222223,"[0, 5, 6, 7, 13, 15, 16]",7,0.6,0.42857142857142855,0.5714285714285714,494.3644278049469
0,20,300,5,0.2,1.0,136.57935786222845,pc,2.0,10,59.121943610920134,0.4328761281083057,0.13868581271848548,0.9915555555555556,"[0, 4, 5, 6, 11, 12, 16]",7,1.0,0.7142857142857143,0.2857142857142857,497.6887159347534
0,20,300,5,0.2,1.0,136.57935786222845,ges,2.0,10,16.838141601553943,0.12328467394420659,0.10710417947395341,0.9928888888888888,"[0, 4, 5, 11, 12, 13, 16]",7,1.0,0.7142857142857143,0.2857142857142857,543.001877784729
0,20,300,5,0.2,1.0,136.57935786222845,bootstrap_l1,2.0,10,1.3657935786222846,0.01,0.112300503130159,0.9924444444444445,"[0, 4, 5, 6, 11, 12, 14, 16]",8,1.0,0.625,0.375,544.1499869823456
