seed,p,n,k_star,p_edge,noise_scale,mu_scale,q_source,K_multiplier,K,mu_star,mu_star_relative,log_loss_star,auc_star,support,k_actual,S_recall,S_precision,C_inclusion,fit_seconds
16,30,300,5,0.6,1.0,28257.42860375203,oracle,2.0,10,0.0,0.0,0.03505824537110869,0.9993333333333332,"[0, 9, 15, 16, 21, 29]",6,0.2,0.16666666666666666,0.8333333333333334,615.6584477424622
16,30,300,5,0.6,1.0,28257.42860375203,uniform,2.0,10,0.0,0.0,0.05016039502841698,0.998,"[0, 9, 15, 16, 21, 29]",6,0.2,0.16666666666666666,0.8333333333333334,666.3073620796204
16,30,300,5,0.6,1.0,28257.42860375203,adversarial,2.0,10,0.0,0.0,0.025884923336150646,0.9997777777777778,"[0, 9, 15, 16, 21, 29]",6,0.2,0.16666666666666666,0.8333333333333334,664.6308586597443
16,30,300,5,0.6,1.0,28257.42860375203,pc,2.0,10,0.0,0.0,0.021645002016595194,1.0,"[0, 9, 15, 16, 21, 29]",6,0.2,0.16666666666666666,0.8333333333333334,642.3911008834839
16,30,300,5,0.6,1.0,28257.42860375203,ges,2.0,10,0.0,0.0,0.029802190305817773,0.9993333333333332,"[0, 9, 15, 16, 21, 29]",6,0.2,0.16666666666666666,0.8333333333333334,667.5868442058563
16,30,300,5,0.6,1.0,28257.42860375203,bootstrap_l1,2.0,10,0.0,0.0,0.03202268977056165,0.9986666666666666,"[0, 9, 15, 16, 21, 29]",6,0.2,0.16666666666666666,0.8333333333333334,654.1030578613281
