seed,p,n,k_star,p_edge,noise_scale,mu_scale,q_source,K_multiplier,K,mu_star,mu_star_relative,log_loss_star,auc_star,support,k_actual,S_recall,S_precision,C_inclusion,fit_seconds
10,30,300,5,0.4,1.0,254.75682969960008,oracle,2.0,10,2.5475682969960007,0.01,0.05786904302991214,0.9986666666666666,"[3, 8, 11, 12, 16, 17, 28]",7,0.6,0.42857142857142855,0.5714285714285714,557.1516060829163
10,30,300,5,0.4,1.0,254.75682969960008,uniform,2.0,10,0.0,0.0,0.07891299332329801,0.9962222222222223,"[1, 11, 15, 16, 17, 23]",6,0.0,0.0,1.0,596.2755098342896
10,30,300,5,0.4,1.0,254.75682969960008,adversarial,2.0,10,2.5475682969960007,0.01,0.07346377156109174,0.9966666666666667,"[1, 8, 11, 15, 16, 17]",6,0.0,0.0,1.0,588.5010833740234
10,30,300,5,0.4,1.0,254.75682969960008,pc,2.0,10,4.773677860837863,0.01873817422860384,0.11038237180437045,0.9937777777777779,"[1, 11, 16, 17, 23]",5,0.0,0.0,1.0,562.4940321445465
10,30,300,5,0.4,1.0,254.75682969960008,ges,2.0,10,2.5475682969960007,0.01,0.05810702882906253,0.9986666666666666,"[1, 8, 17, 23, 28]",5,0.2,0.2,0.8,661.7944946289062
10,30,300,5,0.4,1.0,254.75682969960008,bootstrap_l1,2.0,10,0.0,0.0,0.13947993759546315,0.9968888888888889,"[1, 11, 15, 16, 17, 23]",6,0.0,0.0,1.0,612.6133575439453
