seed,p,n,k_star,p_edge,noise_scale,mu_scale,q_source,K_multiplier,K,mu_star,mu_star_relative,log_loss_star,auc_star,support,k_actual,S_recall,S_precision,C_inclusion,fit_seconds
1,15,300,5,0.2,1.0,263.8950918330493,oracle,2.0,10,2.6389509183304933,0.01,0.11310951317258659,0.9944444444444445,"[0, 5, 7, 8, 10, 11, 13]",7,1.0,0.7142857142857143,0.2857142857142857,366.03674578666687
1,15,300,5,0.2,1.0,263.8950918330493,uniform,2.0,10,0.0,0.0,0.08755522956517585,0.9942222222222222,"[0, 5, 7, 8, 10, 11, 13]",7,1.0,0.7142857142857143,0.2857142857142857,366.13234996795654
1,15,300,5,0.2,1.0,263.8950918330493,adversarial,2.0,10,0.0,0.0,0.09135724240546447,0.9971111111111111,"[0, 5, 7, 8, 10, 11, 13]",7,1.0,0.7142857142857143,0.2857142857142857,442.73653626441956
1,15,300,5,0.2,1.0,263.8950918330493,pc,2.0,10,0.0,0.0,0.0800322223889588,0.9975555555555555,"[0, 5, 7, 8, 10, 11, 13]",7,1.0,0.7142857142857143,0.2857142857142857,364.84163212776184
1,15,300,5,0.2,1.0,263.8950918330493,ges,2.0,10,1408.328733704552,5.336699231206307,0.07641656523064305,0.9966666666666667,"[0, 5, 7, 8, 10, 11, 13]",7,1.0,0.7142857142857143,0.2857142857142857,358.7214105129242
1,15,300,5,0.2,1.0,263.8950918330493,bootstrap_l1,2.0,10,4.944912208841089,0.01873817422860384,0.08615973631995535,0.9962222222222223,"[0, 3, 5, 7, 8, 11, 12, 13]",8,1.0,0.625,0.25,430.46712493896484
