seed,p,n,k_star,p_edge,noise_scale,mu_scale,q_source,K_multiplier,K,mu_star,mu_star_relative,log_loss_star,auc_star,support,k_actual,S_recall,S_precision,C_inclusion,fit_seconds
5,30,300,7,0.2,1.0,99.37858431337793,oracle,2.0,14,6.538447243920474,0.0657933224657568,0.09311104627145683,0.9957777777777779,"[1, 2, 4, 6, 7, 8, 9, 14, 17, 20, 22, 23, 24, 27]",14,1.0,0.5,0.5,1003.9226977825165
5,30,300,7,0.2,1.0,99.37858431337793,uniform,2.0,14,0.0,0.0,0.1554442809278393,0.9906666666666666,"[0, 1, 2, 3, 5, 7, 8, 16, 22, 27]",10,0.42857142857142855,0.3,0.7,987.822188615799
5,30,300,7,0.2,1.0,99.37858431337793,adversarial,2.0,14,0.0,0.0,0.12702604969091214,0.9940000000000001,"[0, 1, 2, 3, 5, 7, 8, 16, 22, 27]",10,0.42857142857142855,0.3,0.7,970.475147485733
5,30,300,7,0.2,1.0,99.37858431337793,pc,2.0,14,80.60903365681318,0.8111308307896868,0.1622490027364421,0.9882222222222221,"[1, 2, 6, 7, 8, 12, 14, 16, 23, 24, 27]",11,0.42857142857142855,0.2727272727272727,0.7272727272727273,1055.5764412879944
5,30,300,7,0.2,1.0,99.37858431337793,ges,2.0,14,43.018616794459845,0.4328761281083057,0.08477101886275813,0.9948888888888888,"[2, 7, 8, 9, 14, 17, 20, 23, 24, 27]",10,0.7142857142857143,0.5,0.5,1060.4236755371094
5,30,300,7,0.2,1.0,99.37858431337793,bootstrap_l1,2.0,14,530.3536145035752,5.336699231206307,0.15298865112722598,0.9911111111111112,"[0, 2, 3, 5, 6, 7, 8, 9, 12, 15, 16, 17, 22]",13,0.42857142857142855,0.23076923076923078,0.7692307692307693,1066.251430273056
