seed,p,n,k_star,p_edge,noise_scale,mu_scale,q_source,K_multiplier,K,mu_star,mu_star_relative,log_loss_star,auc_star,support,k_actual,S_recall,S_precision,C_inclusion,fit_seconds
4,30,300,5,0.7,1.0,7260.809554832656,oracle,2.0,10,0.0,0.0,0.10552702905505291,0.992,"[5, 13, 14, 23]",4,0.0,0.0,1.0,597.5031955242157
4,30,300,5,0.7,1.0,7260.809554832656,uniform,2.0,10,0.0,0.0,0.10202351338743279,0.9957777777777779,"[5, 13, 14, 23]",4,0.0,0.0,1.0,653.478456735611
4,30,300,5,0.7,1.0,7260.809554832656,adversarial,2.0,10,0.0,0.0,0.07618605299074528,0.9964444444444445,"[5, 13, 14, 23]",4,0.0,0.0,1.0,656.1967842578888
4,30,300,5,0.7,1.0,7260.809554832656,pc,2.0,10,0.0,0.0,0.045645053912340895,0.9997777777777778,"[5, 13, 14, 23]",4,0.0,0.0,1.0,623.3109550476074
4,30,300,5,0.7,1.0,7260.809554832656,ges,2.0,10,0.0,0.0,0.07723761126419657,0.9977777777777778,"[5, 13, 14, 23]",4,0.0,0.0,1.0,624.4740738868713
4,30,300,5,0.7,1.0,7260.809554832656,bootstrap_l1,2.0,10,895.1465385385238,0.12328467394420659,0.04053133983298305,0.9993333333333332,"[4, 5, 13, 14, 23]",5,0.0,0.0,1.0,656.8112108707428
