seed,p,n,k_star,p_edge,noise_scale,mu_scale,q_source,K_multiplier,K,mu_star,mu_star_relative,log_loss_star,auc_star,support,k_actual,S_recall,S_precision,C_inclusion,fit_seconds
10,30,300,5,0.5,1.0,1955.6910164608366,oracle,2.0,10,19.556910164608368,0.01,0.13105626962261757,0.9951111111111111,"[8, 10, 15, 16]",4,0.2,0.25,0.75,598.2933151721954
10,30,300,5,0.5,1.0,1955.6910164608366,uniform,2.0,10,0.0,0.0,0.16207957889651023,0.9951111111111111,"[8, 10, 15, 16]",4,0.2,0.25,0.75,604.7837491035461
10,30,300,5,0.5,1.0,1955.6910164608366,adversarial,2.0,10,0.0,0.0,0.15203118356882017,0.9893333333333334,"[8, 10, 15, 16]",4,0.2,0.25,0.75,613.8745319843292
10,30,300,5,0.5,1.0,1955.6910164608366,pc,2.0,10,846.5719549817637,0.4328761281083057,0.04349778902556219,0.9988888888888889,"[3, 6, 8, 15, 16, 29]",6,0.2,0.16666666666666666,0.8333333333333334,579.1601238250732
10,30,300,5,0.5,1.0,1955.6910164608366,ges,2.0,10,36.6460790037585,0.01873817422860384,0.016763801174556354,1.0,"[0, 3, 8, 10, 12, 14, 28]",7,1.0,0.7142857142857143,0.2857142857142857,553.2806596755981
10,30,300,5,0.5,1.0,1955.6910164608366,bootstrap_l1,2.0,10,846.5719549817637,0.4328761281083057,0.09792431914053253,0.9962222222222221,"[4, 12, 15, 16, 17, 22, 26]",7,0.2,0.14285714285714285,0.8571428571428571,629.1952800750732
