seed,p,n,k_star,p_edge,noise_scale,mu_scale,q_source,K_multiplier,K,mu_star,mu_star_relative,log_loss_star,auc_star,support,k_actual,S_recall,S_precision,C_inclusion,fit_seconds
4,30,75,5,0.2,1.0,31.873970208642696,oracle,2.0,10,0.318739702086427,0.01,0.3627853739936581,0.975,"[2, 4, 8, 9, 14, 20, 23, 26, 27, 29]",10,0.8,0.4,0.5,436.7739863395691
4,30,75,5,0.2,1.0,31.873970208642696,uniform,2.0,10,0.0,0.0,1.3361465728234663,0.8910714285714285,"[2, 8, 9, 14, 20, 23, 26, 27, 29]",9,0.8,0.4444444444444444,0.4444444444444444,467.2691340446472
4,30,75,5,0.2,1.0,31.873970208642696,adversarial,2.0,10,0.5972600071268751,0.01873817422860384,0.8297454577797871,0.9678571428571427,"[1, 5, 12, 14, 20, 23, 26, 28]",8,0.2,0.125,0.875,450.5498116016388
4,30,75,5,0.2,1.0,31.873970208642696,pc,2.0,10,7.36330052385513,0.23101297000831592,0.4995594223529788,0.9428571428571428,"[2, 8, 9, 14, 20, 23, 26, 27, 29]",9,0.8,0.4444444444444444,0.4444444444444444,461.7477779388428
4,30,75,5,0.2,1.0,31.873970208642696,ges,2.0,10,25.85395993590208,0.8111308307896868,0.17670784120871877,0.9892857142857142,"[7, 8, 14, 20, 26, 27, 29]",7,1.0,0.7142857142857143,0.2857142857142857,460.24548411369324
4,30,75,5,0.2,1.0,31.873970208642696,bootstrap_l1,2.0,10,318.739702086427,10.0,0.37531002668551205,0.9714285714285713,"[2, 8, 9, 14, 20, 23, 26, 27, 29]",9,0.8,0.4444444444444444,0.4444444444444444,450.8246052265167
