seed,p,n,k_star,p_edge,noise_scale,mu_scale,q_source,K_multiplier,K,mu_star,mu_star_relative,log_loss_star,auc_star,support,k_actual,S_recall,S_precision,C_inclusion,fit_seconds
0,30,300,5,0.2,1.0,264.92108798732727,oracle,2.0,10,0.0,0.0,0.06321140410136955,0.9975555555555555,"[2, 5, 7, 8, 9, 10, 11, 12, 17, 18]",10,0.6,0.3,0.7,579.8356101512909
0,30,300,5,0.2,1.0,264.92108798732727,uniform,2.0,10,0.0,0.0,0.09958555004891725,0.9959999999999999,"[2, 5, 7, 8, 9, 10, 11, 12, 17, 18]",10,0.6,0.3,0.7,580.5830039978027
0,30,300,5,0.2,1.0,264.92108798732727,adversarial,2.0,10,0.0,0.0,0.0870184222655056,0.9971111111111111,"[2, 5, 7, 8, 9, 10, 11, 12, 17, 18]",10,0.6,0.3,0.7,533.296590089798
0,30,300,5,0.2,1.0,264.92108798732727,pc,2.0,10,4.964137503537827,0.01873817422860384,0.08148637155455812,0.9975555555555555,"[2, 5, 7, 8, 10, 12, 17, 18, 22]",9,0.8,0.4444444444444444,0.5555555555555556,574.4326667785645
0,30,300,5,0.2,1.0,264.92108798732727,ges,2.0,10,754.5047608929443,2.848035868435799,0.06326378808763646,0.9975555555555555,"[2, 8, 10, 17, 18, 19, 22]",7,0.8,0.5714285714285714,0.42857142857142855,579.119478225708
0,30,300,5,0.2,1.0,264.92108798732727,bootstrap_l1,2.0,10,4.964137503537827,0.01873817422860384,0.0554265075238687,0.9986666666666668,"[2, 5, 7, 8, 10, 11, 17, 20, 21, 25]",10,0.8,0.4,0.6,552.0899922847748
