seed,p,n,k_star,p_edge,noise_scale,mu_scale,q_source,K_multiplier,K,mu_star,mu_star_relative,log_loss_star,auc_star,support,k_actual,S_recall,S_precision,C_inclusion,fit_seconds
10,30,300,5,0.1,1.0,56.63617613944838,oracle,2.0,10,0.0,0.0,0.0956593409386502,0.9955555555555555,"[1, 3, 10, 11, 12, 14, 16, 22, 25, 28]",10,1.0,0.5,0.4,488.96853733062744
10,30,300,5,0.1,1.0,56.63617613944838,uniform,2.0,10,0.0,0.0,0.13259213181125656,0.992,"[1, 3, 10, 11, 12, 14, 16, 22, 25, 28]",10,1.0,0.5,0.4,478.2754752635956
10,30,300,5,0.1,1.0,56.63617613944838,adversarial,2.0,10,0.0,0.0,0.0788836994877812,0.9964444444444445,"[1, 3, 10, 11, 12, 14, 16, 22, 25, 28]",10,1.0,0.5,0.4,526.7330451011658
10,30,300,5,0.1,1.0,56.63617613944838,pc,2.0,10,0.0,0.0,0.12108827947674512,0.9944444444444445,"[1, 3, 10, 11, 12, 14, 16, 22, 25, 28]",10,1.0,0.5,0.4,493.22221183776855
10,30,300,5,0.1,1.0,56.63617613944838,ges,2.0,10,566.3617613944838,10.0,0.07432889120433375,0.9975555555555555,"[3, 9, 10, 12, 14, 16, 28]",7,1.0,0.7142857142857143,0.2857142857142857,518.2338752746582
10,30,300,5,0.1,1.0,56.63617613944838,bootstrap_l1,2.0,10,1.9886047351838336,0.03511191734215131,0.08261362291935766,0.9971111111111111,"[1, 3, 10, 11, 12, 14, 16, 28]",8,1.0,0.625,0.25,542.9246716499329
