seed,p,n,k_star,p_edge,noise_scale,mu_scale,q_source,K_multiplier,K,mu_star,mu_star_relative,log_loss_star,auc_star,support,k_actual,S_recall,S_precision,C_inclusion,fit_seconds
15,30,300,5,0.3,1.0,1169.7358001082403,oracle,2.0,10,11.697358001082403,0.01,0.05243766690671381,0.9991111111111112,"[0, 6, 10, 17, 20, 21, 28]",7,1.0,0.7142857142857143,0.2857142857142857,574.3614585399628
15,30,300,5,0.3,1.0,1169.7358001082403,uniform,2.0,10,0.0,0.0,0.0946690986054741,0.9975555555555555,"[10, 12, 20, 21]",4,0.2,0.25,0.75,598.3424303531647
15,30,300,5,0.3,1.0,1169.7358001082403,adversarial,2.0,10,0.0,0.0,0.06536057539654229,0.9984444444444446,"[10, 12, 20, 21]",4,0.2,0.25,0.75,559.48432970047
15,30,300,5,0.3,1.0,1169.7358001082403,pc,2.0,10,11.697358001082403,0.01,0.07194469324609247,0.9982222222222223,"[3, 6, 7, 9, 10, 16, 20, 21, 28]",9,0.6,0.3333333333333333,0.6666666666666666,549.4573874473572
15,30,300,5,0.3,1.0,1169.7358001082403,ges,2.0,10,11.697358001082403,0.01,0.053489585169830114,0.9986666666666666,"[0, 6, 10, 15, 17, 21, 24]",7,0.8,0.5714285714285714,0.42857142857142855,596.0461072921753
15,30,300,5,0.3,1.0,1169.7358001082403,bootstrap_l1,2.0,10,21.91871322386352,0.01873817422860384,0.04777476751729896,0.9993333333333334,"[5, 10, 12, 20, 21]",5,0.2,0.2,0.8,658.3445682525635
