seed,p,n,k_star,p_edge,noise_scale,mu_scale,q_source,K_multiplier,K,mu_star,mu_star_relative,log_loss_star,auc_star,support,k_actual,S_recall,S_precision,C_inclusion,fit_seconds
12,30,300,5,0.4,1.0,1747.9705936851497,oracle,2.0,10,17.4797059368515,0.010000000000000002,0.020586426742862218,1.0,"[0, 2, 5, 8, 9, 11, 24, 27, 29]",9,1.0,0.5555555555555556,0.4444444444444444,583.5805222988129
12,30,300,5,0.4,1.0,1747.9705936851497,uniform,2.0,10,0.0,0.0,0.018757393915968763,1.0,"[0, 2, 8, 9, 16, 27]",6,0.4,0.3333333333333333,0.6666666666666666,649.600882768631
12,30,300,5,0.4,1.0,1747.9705936851497,adversarial,2.0,10,0.0,0.0,0.031489846306467686,0.9988888888888889,"[0, 2, 8, 9, 16, 27]",6,0.4,0.3333333333333333,0.6666666666666666,619.9203016757965
12,30,300,5,0.4,1.0,1747.9705936851497,pc,2.0,10,17.4797059368515,0.010000000000000002,0.027123763331432998,0.9993333333333332,"[0, 2, 5, 13, 16, 23, 27, 28]",8,0.4,0.25,0.75,617.6576709747314
12,30,300,5,0.4,1.0,1747.9705936851497,ges,2.0,10,17.4797059368515,0.010000000000000002,0.026243974291061744,1.0,"[0, 5, 8, 24, 29]",5,0.8,0.8,0.2,648.56023478508
12,30,300,5,0.4,1.0,1747.9705936851497,bootstrap_l1,2.0,10,17.4797059368515,0.010000000000000002,0.01763580547283142,1.0,"[0, 2, 8, 9, 11, 16, 27]",7,0.6,0.42857142857142855,0.5714285714285714,623.3367309570312
