seed,p,n,k_star,p_edge,noise_scale,mu_scale,q_source,K_multiplier,K,mu_star,mu_star_relative,log_loss_star,auc_star,support,k_actual,S_recall,S_precision,C_inclusion,fit_seconds
1,30,300,5,0.6,1.0,1079.1363082214955,oracle,2.0,10,10.791363082214955,0.01,0.22697414877679697,0.986,"[1, 5, 7, 13, 15, 16, 27]",7,1.0,0.7142857142857143,0.2857142857142857,600.4458351135254
1,30,300,5,0.6,1.0,1079.1363082214955,uniform,2.0,10,0.0,0.0,0.1525674080371618,0.9899999999999999,"[1, 5, 7, 13, 16, 27]",6,0.8,0.6666666666666666,0.3333333333333333,601.3222649097443
1,30,300,5,0.6,1.0,1079.1363082214955,adversarial,2.0,10,0.0,0.0,0.15147588636134168,0.9902222222222223,"[1, 5, 7, 13, 16, 27]",6,0.8,0.6666666666666666,0.3333333333333333,628.1388311386108
1,30,300,5,0.6,1.0,1079.1363082214955,pc,2.0,10,0.0,0.0,0.10418963665515346,0.9957777777777779,"[1, 5, 7, 13, 16, 27]",6,0.8,0.6666666666666666,0.3333333333333333,619.5588283538818
1,30,300,5,0.6,1.0,1079.1363082214955,ges,2.0,10,37.890544855187464,0.03511191734215131,0.08436859082695998,0.9959999999999999,"[1, 7, 13, 15, 27]",5,1.0,1.0,0.0,610.3284854888916
1,30,300,5,0.6,1.0,1079.1363082214955,bootstrap_l1,2.0,10,0.0,0.0,0.17242241861901386,0.9857777777777776,"[1, 5, 7, 13, 16, 27]",6,0.8,0.6666666666666666,0.3333333333333333,629.766134262085
