seed,p,n,k_star,p_edge,noise_scale,mu_scale,q_source,K_multiplier,K,mu_star,mu_star_relative,log_loss_star,auc_star,support,k_actual,S_recall,S_precision,C_inclusion,fit_seconds
14,30,300,5,0.1,1.0,35.15981149513256,oracle,2.0,10,0.0,0.0,0.14088440563570487,0.9917777777777779,"[0, 1, 2, 3, 4, 16, 17, 24]",8,0.8,0.5,0.5,548.0510473251343
14,30,300,5,0.1,1.0,35.15981149513256,uniform,2.0,10,0.0,0.0,0.19734792514468455,0.9860000000000001,"[0, 1, 2, 3, 4, 16, 17, 24]",8,0.8,0.5,0.5,551.0797760486603
14,30,300,5,0.1,1.0,35.15981149513256,adversarial,2.0,10,0.658830673640662,0.01873817422860384,0.11140989946497075,0.9937777777777779,"[0, 1, 2, 3, 4, 16, 17, 24]",8,0.8,0.5,0.5,620.8361413478851
14,30,300,5,0.1,1.0,35.15981149513256,pc,2.0,10,0.658830673640662,0.01873817422860384,0.1971578257513149,0.984888888888889,"[3, 4, 12, 16, 17, 22, 24]",7,1.0,0.7142857142857143,0.14285714285714285,525.8551478385925
14,30,300,5,0.1,1.0,35.15981149513256,ges,2.0,10,8.122372478423099,0.23101297000831592,0.16147095966895103,0.9886666666666667,"[3, 4, 12, 16, 17]",5,1.0,1.0,0.0,553.6868472099304
14,30,300,5,0.1,1.0,35.15981149513256,bootstrap_l1,2.0,10,8.122372478423099,0.23101297000831592,0.15903033531966876,0.99,"[3, 4, 12, 16, 17]",5,1.0,1.0,0.0,576.9662597179413
