seed,p,n,k_star,p_edge,noise_scale,mu_scale,q_source,K_multiplier,K,mu_star,mu_star_relative,log_loss_star,auc_star,support,k_actual,S_recall,S_precision,C_inclusion,fit_seconds
7,50,300,5,0.2,1.0,984.7423645910635,oracle,2.0,10,9.847423645910636,0.010000000000000002,0.20954356853490994,0.9824444444444443,"[7, 17, 40, 44, 49]",5,0.2,0.2,0.8,529.7607133388519
7,50,300,5,0.2,1.0,984.7423645910635,uniform,2.0,10,0.0,0.0,0.4040694057950029,0.9646666666666668,"[7, 34, 39, 44, 49]",5,0.0,0.0,1.0,592.1810564994812
7,50,300,5,0.2,1.0,984.7423645910635,adversarial,2.0,10,0.0,0.0,0.3151970242092904,0.9651111111111111,"[7, 34, 39, 44, 49]",5,0.0,0.0,1.0,568.8033106327057
7,50,300,5,0.2,1.0,984.7423645910635,pc,2.0,10,121.40364133765627,0.12328467394420659,0.28334634507495465,0.9693333333333334,"[7, 39, 40, 49]",4,0.0,0.0,1.0,554.3632888793945
7,50,300,5,0.2,1.0,984.7423645910635,ges,2.0,10,34.576192508836044,0.03511191734215131,0.12876482645074044,0.9922222222222222,"[7, 14, 26, 40, 44]",5,0.0,0.0,1.0,625.8353600502014
7,50,300,5,0.2,1.0,984.7423645910635,bootstrap_l1,2.0,10,121.40364133765627,0.12328467394420659,0.29630226410068256,0.97,"[7, 25, 28, 34, 47, 49]",6,0.0,0.0,1.0,591.2216830253601
