seed,p,n,k_star,p_edge,noise_scale,mu_scale,q_source,K_multiplier,K,mu_star,mu_star_relative,log_loss_star,auc_star,support,k_actual,S_recall,S_precision,C_inclusion,fit_seconds
8,30,300,5,0.2,1.0,489.23926882401105,oracle,2.0,10,4.89239268824011,0.01,0.03466904036331367,0.9997777777777778,"[3, 5, 6, 8, 9, 16, 20, 25, 29]",9,0.8,0.4444444444444444,0.5555555555555556,535.3417029380798
8,30,300,5,0.2,1.0,489.23926882401105,uniform,2.0,10,0.0,0.0,0.029699051836809664,0.9993333333333332,"[3, 6, 8, 9, 16, 20, 23, 25]",8,0.6,0.375,0.625,565.1914708614349
8,30,300,5,0.2,1.0,489.23926882401105,adversarial,2.0,10,0.0,0.0,0.05457674540043269,0.9966666666666667,"[3, 6, 8, 9, 16, 20, 23, 25]",8,0.6,0.375,0.625,559.2276322841644
8,30,300,5,0.2,1.0,489.23926882401105,pc,2.0,10,60.31570373767023,0.12328467394420659,0.03193823792728638,0.9991111111111112,"[6, 9, 16, 17, 20, 23, 25]",7,0.6,0.42857142857142855,0.5714285714285714,532.414220571518
8,30,300,5,0.2,1.0,489.23926882401105,ges,2.0,10,9.167450658699071,0.01873817422860384,0.034167236767948576,0.9995555555555555,"[5, 6, 9, 20, 25, 26]",6,1.0,0.8333333333333334,0.16666666666666666,621.8172435760498
8,30,300,5,0.2,1.0,489.23926882401105,bootstrap_l1,2.0,10,9.167450658699071,0.01873817422860384,0.02318161427933329,0.9997777777777778,"[3, 6, 9, 16, 20, 23, 25]",7,0.6,0.42857142857142855,0.5714285714285714,569.5445296764374
