seed,p,n,k_star,p_edge,noise_scale,mu_scale,q_source,K_multiplier,K,mu_star,mu_star_relative,log_loss_star,auc_star,support,k_actual,S_recall,S_precision,C_inclusion,fit_seconds
19,30,300,5,0.1,1.0,33.59118507163136,oracle,2.0,10,0.0,0.0,0.06087668348336078,0.9991111111111112,"[1, 3, 7, 9, 10, 11, 18, 22, 23, 29]",10,0.8,0.4,0.5,501.633748292923
19,30,300,5,0.1,1.0,33.59118507163136,uniform,2.0,10,0.0,0.0,0.09740729646047531,0.9951111111111111,"[1, 3, 7, 9, 10, 11, 18, 22, 23, 29]",10,0.8,0.4,0.5,491.5352394580841
19,30,300,5,0.1,1.0,33.59118507163136,adversarial,2.0,10,0.0,0.0,0.04988946270545179,0.9988888888888889,"[1, 3, 7, 9, 10, 11, 18, 22, 23, 29]",10,0.8,0.4,0.5,518.8225164413452
19,30,300,5,0.1,1.0,33.59118507163136,pc,2.0,10,179.26605154708383,5.336699231206307,0.039653236973936315,0.9991111111111112,"[1, 3, 7, 9, 10, 18, 22, 23, 29]",9,0.8,0.4444444444444444,0.4444444444444444,523.708146572113
19,30,300,5,0.1,1.0,33.59118507163136,ges,2.0,10,95.66889994727127,2.848035868435799,0.05500578735807478,0.9975555555555555,"[0, 1, 3, 5, 7, 10, 11, 20, 23, 29]",10,1.0,0.5,0.4,528.1708288192749
19,30,300,5,0.1,1.0,33.59118507163136,bootstrap_l1,2.0,10,2.210075671424758,0.0657933224657568,0.056169291945444386,0.998,"[3, 7, 8, 10, 11, 22, 23, 25, 29]",9,0.8,0.4444444444444444,0.4444444444444444,531.0514488220215
