seed,p,n,k_star,p_edge,noise_scale,mu_scale,q_source,K_multiplier,K,mu_star,mu_star_relative,log_loss_star,auc_star,support,k_actual,S_recall,S_precision,C_inclusion,fit_seconds
6,30,300,5,0.2,0.5,220.2373678597217,oracle,2.0,10,4.126846170604581,0.01873817422860384,0.12935019143077586,0.9942222222222223,"[10, 13, 19, 21, 22, 23, 25, 26, 29]",9,0.8,0.4444444444444444,0.5555555555555556,591.8135251998901
6,30,300,5,0.2,0.5,220.2373678597217,uniform,2.0,10,0.0,0.0,0.14971913081935867,0.9924444444444444,"[3, 10, 13, 14, 19, 21, 22, 23, 25]",9,0.6,0.3333333333333333,0.6666666666666666,597.8314487934113
6,30,300,5,0.2,0.5,220.2373678597217,adversarial,2.0,10,0.0,0.0,0.1982500481022993,0.984888888888889,"[3, 10, 13, 14, 19, 21, 22, 23, 25]",9,0.6,0.3333333333333333,0.6666666666666666,591.237904548645
6,30,300,5,0.2,0.5,220.2373678597217,pc,2.0,10,95.33549906388095,0.4328761281083057,0.10686825469656962,0.9942222222222222,"[1, 8, 11, 13, 19, 21, 23, 24, 29]",9,0.8,0.4444444444444444,0.5555555555555556,593.8663561344147
6,30,300,5,0.2,0.5,220.2373678597217,ges,2.0,10,2.202373678597217,0.01,0.10048240480752131,0.9942222222222222,"[1, 3, 9, 15, 19, 21, 23, 29]",8,0.8,0.5,0.5,598.1418514251709
6,30,300,5,0.2,0.5,220.2373678597217,bootstrap_l1,2.0,10,4.126846170604581,0.01873817422860384,0.09881395386196934,0.9953333333333333,"[3, 10, 11, 13, 19, 21, 23, 25, 29]",9,0.8,0.4444444444444444,0.5555555555555556,612.7418601512909
