seed,p,n,k_star,p_edge,noise_scale,mu_scale,q_source,K_multiplier,K,mu_star,mu_star_relative,log_loss_star,auc_star,support,k_actual,S_recall,S_precision,C_inclusion,fit_seconds
14,30,300,5,0.6,1.0,35465.396444025784,oracle,2.0,10,0.0,0.0,0.05908283642777754,0.9977777777777778,"[7, 10, 11, 13, 16]",5,0.2,0.2,0.8,596.2781703472137
14,30,300,5,0.6,1.0,35465.396444025784,uniform,2.0,10,0.0,0.0,0.09733627215767882,0.9957777777777779,"[7, 10, 11, 13, 16]",5,0.2,0.2,0.8,653.941811800003
14,30,300,5,0.6,1.0,35465.396444025784,adversarial,2.0,10,0.0,0.0,0.06553122730094571,0.9964444444444445,"[7, 10, 11, 13, 16]",5,0.2,0.2,0.8,652.866783618927
14,30,300,5,0.6,1.0,35465.396444025784,pc,2.0,10,0.0,0.0,0.05023219012311447,0.9993333333333332,"[7, 10, 11, 13, 16]",5,0.2,0.2,0.8,633.1362478733063
14,30,300,5,0.6,1.0,35465.396444025784,ges,2.0,10,0.0,0.0,0.07157485771398735,0.9975555555555555,"[7, 10, 11, 13, 16]",5,0.2,0.2,0.8,630.5028851032257
14,30,300,5,0.6,1.0,35465.396444025784,bootstrap_l1,2.0,10,4372.339836903742,0.12328467394420659,0.03388326548452496,0.9991111111111112,"[7, 10, 11, 12, 19, 22]",6,0.2,0.16666666666666666,0.8333333333333334,686.9954032897949
