seed,p,n,k_star,p_edge,noise_scale,mu_scale,q_source,K_multiplier,K,mu_star,mu_star_relative,log_loss_star,auc_star,support,k_actual,S_recall,S_precision,C_inclusion,fit_seconds
3,30,150,5,0.2,1.0,55.39689804835092,oracle,2.0,10,3.644745976897805,0.0657933224657568,0.09824685827228072,0.9937777777777779,"[0, 1, 7, 12, 15, 16, 19, 23, 28, 29]",10,0.8,0.4,0.6,467.1577513217926
3,30,150,5,0.2,1.0,55.39689804835092,uniform,2.0,10,0.0,0.0,0.09820902616248137,0.9946666666666667,"[7, 10, 12, 15, 16, 17, 27, 28]",8,0.6,0.375,0.625,472.14068961143494
3,30,150,5,0.2,1.0,55.39689804835092,adversarial,2.0,10,0.0,0.0,0.22541824834919216,0.9848888888888888,"[7, 10, 12, 15, 16, 17, 27, 28]",8,0.6,0.375,0.625,466.91943645477295
3,30,150,5,0.2,1.0,55.39689804835092,pc,2.0,10,0.0,0.0,0.15069415253399754,0.9920000000000002,"[7, 10, 12, 15, 16, 17, 27, 28]",8,0.6,0.375,0.625,507.7485673427582
3,30,150,5,0.2,1.0,55.39689804835092,ges,2.0,10,1.9450913052852805,0.03511191734215131,0.10594955893692051,0.9946666666666667,"[1, 3, 7, 12, 15, 16, 17, 18, 28]",9,1.0,0.5555555555555556,0.4444444444444444,514.8512156009674
3,30,150,5,0.2,1.0,55.39689804835092,bootstrap_l1,2.0,10,0.0,0.0,0.13033716359641567,0.9920000000000002,"[7, 10, 12, 15, 16, 17, 27, 28]",8,0.6,0.375,0.625,481.1974754333496
