seed,p,n,k_star,p_edge,noise_scale,mu_scale,q_source,K_multiplier,K,mu_star,mu_star_relative,log_loss_star,auc_star,support,k_actual,S_recall,S_precision,C_inclusion,fit_seconds
15,30,300,5,0.4,1.0,3555.8872139605205,oracle,2.0,10,35.55887213960521,0.01,0.06422029666660414,0.9975555555555555,"[0, 6, 10, 11, 17, 25, 28]",7,1.0,0.7142857142857143,0.2857142857142857,672.456437587738
15,30,300,5,0.4,1.0,3555.8872139605205,uniform,2.0,10,0.0,0.0,0.20458885092743978,0.9891111111111112,"[8, 10, 12]",3,0.2,0.3333333333333333,0.6666666666666666,652.9811275005341
15,30,300,5,0.4,1.0,3555.8872139605205,adversarial,2.0,10,0.0,0.0,0.36306710122765806,0.9848888888888888,"[8, 10, 12]",3,0.2,0.3333333333333333,0.6666666666666666,680.9470772743225
15,30,300,5,0.4,1.0,3555.8872139605205,pc,2.0,10,0.0,0.0,0.22759479324484602,0.9917777777777778,"[8, 10, 12]",3,0.2,0.3333333333333333,0.6666666666666666,602.929018497467
15,30,300,5,0.4,1.0,3555.8872139605205,ges,2.0,10,35.55887213960521,0.01,0.02543434905703379,1.0,"[4, 5, 6, 17]",4,0.4,0.5,0.5,676.2717452049255
15,30,300,5,0.4,1.0,3555.8872139605205,bootstrap_l1,2.0,10,0.0,0.0,0.18438402770854606,0.9953333333333333,"[8, 10, 12]",3,0.2,0.3333333333333333,0.6666666666666666,678.1192791461945
