seed,p,n,k_star,p_edge,noise_scale,mu_scale,q_source,K_multiplier,K,mu_star,mu_star_relative,log_loss_star,auc_star,support,k_actual,S_recall,S_precision,C_inclusion,fit_seconds
1,30,300,5,0.4,1.0,487.4230310417024,oracle,2.0,10,4.874230310417024,0.01,0.16570449974751056,0.9880000000000001,"[1, 5, 7, 8, 9, 11, 13, 15, 27]",9,1.0,0.5555555555555556,0.4444444444444444,533.1873350143433
1,30,300,5,0.4,1.0,487.4230310417024,uniform,2.0,10,0.0,0.0,0.2015692066016653,0.9808888888888889,"[0, 1, 7, 9, 13, 15, 27]",7,1.0,0.7142857142857143,0.2857142857142857,536.4533898830414
1,30,300,5,0.4,1.0,487.4230310417024,adversarial,2.0,10,0.0,0.0,0.1785114233572986,0.9846666666666666,"[0, 1, 7, 9, 13, 15, 27]",7,1.0,0.7142857142857143,0.2857142857142857,600.5708231925964
1,30,300,5,0.4,1.0,487.4230310417024,pc,2.0,10,0.0,0.0,0.18198555695501187,0.9837777777777778,"[0, 1, 7, 9, 13, 15, 27]",7,1.0,0.7142857142857143,0.2857142857142857,541.7822406291962
1,30,300,5,0.4,1.0,487.4230310417024,ges,2.0,10,17.114357176597107,0.03511191734215131,0.06741667267159182,0.9975555555555555,"[1, 7, 11, 13, 15, 27, 29]",7,1.0,0.7142857142857143,0.2857142857142857,566.599850654602
1,30,300,5,0.4,1.0,487.4230310417024,bootstrap_l1,2.0,10,60.091789454873165,0.12328467394420659,0.10616282176949068,0.9931111111111111,"[1, 5, 7, 8, 9, 12, 13, 15, 18, 27]",10,1.0,0.5,0.5,550.1470799446106
