seed,p,n,k_star,p_edge,noise_scale,mu_scale,q_source,K_multiplier,K,mu_star,mu_star_relative,log_loss_star,auc_star,support,k_actual,S_recall,S_precision,C_inclusion,fit_seconds
9,30,500,5,0.2,1.0,778.1499572484074,oracle,2.0,10,7.7814995724840745,0.01,0.03262132106739195,0.99928,"[0, 1, 5, 16, 18, 20, 21, 27, 29]",9,1.0,0.5555555555555556,0.4444444444444444,600.0073528289795
9,30,500,5,0.2,1.0,778.1499572484074,uniform,2.0,10,0.0,0.0,0.027673110722299676,0.9996,"[1, 3, 5, 8, 16, 18, 21, 27, 29]",9,0.8,0.4444444444444444,0.5555555555555556,602.8080167770386
9,30,500,5,0.2,1.0,778.1499572484074,adversarial,2.0,10,0.0,0.0,0.02149880437054644,0.9998400000000001,"[1, 3, 5, 8, 16, 18, 21, 27, 29]",9,0.8,0.4444444444444444,0.5555555555555556,623.6950294971466
9,30,500,5,0.2,1.0,778.1499572484074,pc,2.0,10,336.8425405813342,0.4328761281083057,0.027792205940414448,0.9996,"[1, 3, 5, 16, 21, 24, 27, 29]",8,0.6,0.375,0.625,370.45902585983276
9,30,500,5,0.2,1.0,778.1499572484074,ges,2.0,10,1182.7187442212055,1.519911082952933,0.03258065491236353,0.9994400000000001,"[1, 3, 5, 12, 18, 21, 27, 29]",8,0.6,0.375,0.625,331.00921082496643
9,30,500,5,0.2,1.0,778.1499572484074,bootstrap_l1,2.0,10,14.581109474901288,0.01873817422860384,0.02578778799437078,0.9994400000000001,"[1, 3, 5, 16, 21, 24, 27, 29]",8,0.6,0.375,0.625,330.91192865371704
