seed,p,n,k_star,p_edge,noise_scale,mu_scale,q_source,K_multiplier,K,mu_star,mu_star_relative,log_loss_star,auc_star,support,k_actual,S_recall,S_precision,C_inclusion,fit_seconds
6,30,300,5,0.3,1.0,265.2154104250701,oracle,2.0,10,2.6521541042507013,0.01,0.029906385669551505,0.9991111111111112,"[2, 3, 7, 19, 21, 23, 25]",7,0.8,0.5714285714285714,0.42857142857142855,556.3234603404999
6,30,300,5,0.3,1.0,265.2154104250701,uniform,2.0,10,0.0,0.0,0.05140442241118683,0.9975555555555555,"[2, 7, 9, 12, 24]",5,0.2,0.2,0.8,584.3758525848389
6,30,300,5,0.3,1.0,265.2154104250701,adversarial,2.0,10,0.0,0.0,0.04717472193991064,0.9982222222222221,"[2, 7, 9, 12, 24]",5,0.2,0.2,0.8,592.3890836238861
6,30,300,5,0.3,1.0,265.2154104250701,pc,2.0,10,0.0,0.0,0.04283751756569622,0.9984444444444444,"[2, 7, 9, 12, 24]",5,0.2,0.2,0.8,634.3013205528259
6,30,300,5,0.3,1.0,265.2154104250701,ges,2.0,10,4.969652568655639,0.01873817422860384,0.03847795745144196,0.9997777777777778,"[3, 7, 13, 19, 21]",5,0.6,0.6,0.4,667.0744624137878
6,30,300,5,0.3,1.0,265.2154104250701,bootstrap_l1,2.0,10,2.6521541042507013,0.01,0.034754007788382564,0.9995555555555555,"[2, 7, 9, 10, 15, 19, 20, 23]",8,0.6,0.375,0.625,614.3567926883698
