seed,p,n,k_star,p_edge,noise_scale,mu_scale,q_source,K_multiplier,K,criterion,mu_star,mu_star_relative,log_loss_star,auc_star,stability_star,support,k_actual,S_recall,S_precision,C_inclusion,fit_seconds
10,30,300,5,0.2,1.0,134.40001758643473,oracle,2.0,10,stability,1.3440001758643474,0.01,0.07714085669825596,0.9953333333333333,0.6043006993006992,"[3, 8, 9, 10, 12, 14, 26, 28]",8,1.0,0.625,0.375,517.0178883075714
10,30,300,5,0.2,1.0,134.40001758643473,uniform,2.0,10,stability,0.0,0.0,0.11270110713443426,0.994,0.4407509157509157,"[2, 3, 8, 9, 10, 12, 19, 23, 26, 28]",10,0.8,0.4,0.6,555.0050628185272
10,30,300,5,0.2,1.0,134.40001758643473,adversarial,2.0,10,stability,0.0,0.0,0.19608109167594528,0.9868888888888889,0.4104578754578755,"[2, 3, 8, 9, 10, 12, 19, 23, 26, 28]",10,0.8,0.4,0.6,545.7961382865906
10,30,300,5,0.2,1.0,134.40001758643473,pc,2.0,10,stability,8.842623696467685,0.0657933224657568,0.11063222652517113,0.9951111111111113,0.5551864801864802,"[2, 3, 8, 10, 12, 15, 24, 26, 27, 28]",10,0.8,0.4,0.6,556.7917165756226
10,30,300,5,0.2,1.0,134.40001758643473,ges,2.0,10,stability,382.7760708045683,2.848035868435799,0.07725918792193176,0.9946666666666667,0.8200000000000001,"[1, 3, 10, 12, 14, 15, 17, 27, 28]",9,1.0,0.5555555555555556,0.4444444444444444,550.7511086463928
10,30,300,5,0.2,1.0,134.40001758643473,bootstrap_l1,2.0,10,stability,717.2524705276403,5.336699231206307,0.098326925444467,0.9940000000000001,0.7392424242424244,"[1, 2, 3, 8, 10, 15, 16, 26, 27]",9,0.4,0.2222222222222222,0.7777777777777778,563.0888004302979
