seed,p,n,k_star,p_edge,noise_scale,mu_scale,q_source,K_multiplier,K,criterion,mu_star,mu_star_relative,log_loss_star,auc_star,stability_star,support,k_actual,S_recall,S_precision,C_inclusion,fit_seconds
19,30,300,5,0.2,1.0,262.26171855866664,oracle,2.0,10,stability,4.914305775845361,0.01873817422860384,0.06649672843763495,0.998,0.727972027972028,"[1, 3, 5, 7, 10, 14, 20, 23, 25, 28]",10,1.0,0.5,0.5,565.3607640266418
19,30,300,5,0.2,1.0,262.26171855866664,uniform,2.0,10,stability,0.0,0.0,0.06809924303152624,0.9977777777777778,0.5394055944055944,"[1, 5, 7, 15, 19, 21, 23, 25, 28]",9,0.4,0.2222222222222222,0.7777777777777778,570.7970478534698
19,30,300,5,0.2,1.0,262.26171855866664,adversarial,2.0,10,stability,2.6226171855866665,0.01,0.13007644833035067,0.9942222222222222,0.4819047619047619,"[1, 4, 5, 6, 9, 15, 16, 19, 25, 29]",10,0.0,0.0,1.0,562.9926998615265
19,30,300,5,0.2,1.0,262.26171855866664,pc,2.0,10,stability,60.58585852372265,0.23101297000831592,0.11442748475868354,0.9940000000000001,0.5931457431457432,"[5, 7, 8, 19, 23, 25, 28]",7,0.4,0.2857142857142857,0.7142857142857143,564.7230892181396
19,30,300,5,0.2,1.0,262.26171855866664,ges,2.0,10,stability,2622.6171855866664,10.0,0.05921976876762926,0.9982222222222223,0.6703030303030303,"[1, 9, 13, 15, 22, 23, 25, 27]",8,0.2,0.125,0.875,629.5919568538666
19,30,300,5,0.2,1.0,262.26171855866664,bootstrap_l1,2.0,10,stability,17.255069819553906,0.0657933224657568,0.02386083778829343,0.9997777777777778,0.8454545454545455,"[5, 7, 10, 13, 14, 19, 23, 25, 29]",9,0.6,0.3333333333333333,0.6666666666666666,546.1362330913544
