seed,p,n,k_star,p_edge,noise_scale,mu_scale,q_source,K_multiplier,K,criterion,mu_star,mu_star_relative,log_loss_star,auc_star,stability_star,support,k_actual,S_recall,S_precision,C_inclusion,fit_seconds
10,30,300,5,0.7,1.0,9910.212475188286,oracle,2.0,10,stability,99.10212475188285,0.01,0.15449312860100367,0.9973333333333333,0.7166666666666667,"[9, 10]",2,0.2,0.5,0.5,614.7741129398346
10,30,300,5,0.7,1.0,9910.212475188286,uniform,2.0,10,stability,0.0,0.0,0.4402320404050083,0.9339999999999999,0.5483333333333335,"[0, 4, 9, 17]",4,0.0,0.0,1.0,645.5156672000885
10,30,300,5,0.7,1.0,9910.212475188286,adversarial,2.0,10,stability,0.0,0.0,0.2439922917847857,0.9944444444444445,0.4133333333333334,"[0, 4, 9, 17]",4,0.0,0.0,1.0,629.0553715229034
10,30,300,5,0.7,1.0,9910.212475188286,pc,2.0,10,stability,99.10212475188285,0.01,0.4622611772494558,0.9095555555555557,0.5666666666666667,"[9, 10, 26]",3,0.2,0.3333333333333333,0.6666666666666666,657.453804731369
10,30,300,5,0.7,1.0,9910.212475188286,ges,2.0,10,stability,99.10212475188285,0.01,0.030052727967895303,1.0,0.7,"[14, 16, 22]",3,0.2,0.3333333333333333,0.6666666666666666,683.0977642536163
10,30,300,5,0.7,1.0,9910.212475188286,bootstrap_l1,2.0,10,stability,99.10212475188285,0.01,0.07252935636245893,0.9995555555555555,1.0,"[0, 9, 10]",3,0.2,0.3333333333333333,0.6666666666666666,656.7706015110016
