seed,p,n,k_star,p_edge,noise_scale,mu_scale,q_source,K_multiplier,K,criterion,mu_star,mu_star_relative,log_loss_star,auc_star,stability_star,support,k_actual,S_recall,S_precision,C_inclusion,fit_seconds
18,30,300,5,0.1,1.0,49.92866721885643,oracle,2.0,10,stability,0.0,0.0,0.10127703622558859,0.9948888888888888,0.4155677655677656,"[4, 8, 10, 11, 13, 18, 19]",7,0.8,0.5714285714285714,0.42857142857142855,545.621342420578
18,30,300,5,0.1,1.0,49.92866721885643,uniform,2.0,10,stability,0.0,0.0,0.0886412190110956,0.9957777777777779,0.5266133866133866,"[4, 8, 10, 11, 13, 18, 19]",7,0.8,0.5714285714285714,0.42857142857142855,531.2262115478516
18,30,300,5,0.1,1.0,49.92866721885643,adversarial,2.0,10,stability,6.155439458545511,0.12328467394420659,0.22732203143787216,0.9777777777777776,0.5687451437451436,"[3, 6, 7, 13, 16, 22, 23, 28, 29]",9,0.2,0.1111111111111111,0.8888888888888888,610.1299302577972
18,30,300,5,0.1,1.0,49.92866721885643,pc,2.0,10,stability,142.1986351024978,2.848035868435799,0.10223867691172998,0.9955555555555555,0.5690909090909091,"[4, 5, 8, 10, 11, 13, 21, 24]",8,1.0,0.625,0.375,594.9741065502167
18,30,300,5,0.1,1.0,49.92866721885643,ges,2.0,10,stability,40.49868132145282,0.8111308307896868,0.05605913838549226,0.9975555555555555,0.6372222222222221,"[4, 5, 8, 10, 11, 13, 24]",7,1.0,0.7142857142857143,0.2857142857142857,571.9345090389252
18,30,300,5,0.1,1.0,49.92866721885643,bootstrap_l1,2.0,10,stability,11.534169702784867,0.23101297000831592,0.09305005727540798,0.9951111111111111,0.5476984126984127,"[4, 10, 11, 13, 18, 24]",6,1.0,0.8333333333333334,0.16666666666666666,580.3312323093414
