seed,p,n,k_star,p_edge,noise_scale,mu_scale,q_source,K_multiplier,K,criterion,mu_star,mu_star_relative,log_loss_star,auc_star,stability_star,support,k_actual,S_recall,S_precision,C_inclusion,fit_seconds
15,30,300,5,0.3,1.0,1169.7358001082403,oracle,2.0,10,stability,11.697358001082403,0.01,0.05243766690671381,0.9991111111111112,0.41373348873348875,"[0, 6, 10, 17, 20, 21, 28]",7,1.0,0.7142857142857143,0.2857142857142857,576.3016684055328
15,30,300,5,0.3,1.0,1169.7358001082403,uniform,2.0,10,stability,0.0,0.0,0.0946690986054741,0.9975555555555555,0.3408474858474858,"[10, 12, 20, 21]",4,0.2,0.25,0.75,585.6303887367249
15,30,300,5,0.3,1.0,1169.7358001082403,adversarial,2.0,10,stability,11.697358001082403,0.01,0.15008552767525907,0.9891111111111112,0.37725829725829724,"[3, 11, 12, 16, 20, 21]",6,0.0,0.0,1.0,544.8012051582336
15,30,300,5,0.3,1.0,1169.7358001082403,pc,2.0,10,stability,41.07166672555576,0.03511191734215131,0.07291559449388833,0.9982222222222223,0.5079254079254079,"[3, 6, 7, 9, 10, 16, 20, 21, 28]",9,0.6,0.3333333333333333,0.6666666666666666,546.1795434951782
15,30,300,5,0.3,1.0,1169.7358001082403,ges,2.0,10,stability,11.697358001082403,0.01,0.053489585169830114,0.9986666666666666,0.4908369408369409,"[0, 6, 10, 15, 17, 21, 24]",7,0.8,0.5714285714285714,0.42857142857142855,596.090441942215
15,30,300,5,0.3,1.0,1169.7358001082403,bootstrap_l1,2.0,10,stability,21.91871322386352,0.01873817422860384,0.04777476751729896,0.9993333333333334,0.8238095238095238,"[5, 10, 12, 20, 21]",5,0.2,0.2,0.8,659.2178387641907
