seed,p,n,k_star,p_edge,noise_scale,mu_scale,q_source,K_multiplier,K,criterion,mu_star,mu_star_relative,log_loss_star,auc_star,stability_star,support,k_actual,S_recall,S_precision,C_inclusion,fit_seconds
13,30,300,5,0.4,1.0,931.7520100464353,oracle,2.0,10,stability,9.317520100464353,0.01,0.3007996069452757,0.963111111111111,0.329491341991342,"[6, 10, 17, 18]",4,0.6,0.75,0.25,593.7353994846344
13,30,300,5,0.4,1.0,931.7520100464353,uniform,2.0,10,stability,0.0,0.0,0.3879328835456953,0.9424444444444443,0.16575396825396826,"[2, 10, 16, 23, 26]",5,0.4,0.4,0.6,619.4850392341614
13,30,300,5,0.4,1.0,931.7520100464353,adversarial,2.0,10,stability,0.0,0.0,0.5051405397269892,0.8879999999999999,0.25408730158730164,"[2, 10, 16, 23, 26]",5,0.4,0.4,0.6,621.8692586421967
13,30,300,5,0.4,1.0,931.7520100464353,pc,2.0,10,stability,17.45933150210194,0.018738174228603837,0.22780124663951168,0.9673333333333334,0.21258658008658005,"[2, 3, 10, 16, 18, 26]",6,0.4,0.3333333333333333,0.6666666666666666,607.9005188941956
13,30,300,5,0.4,1.0,931.7520100464353,ges,2.0,10,stability,32.71559956013377,0.03511191734215131,0.08655360574566245,0.9935555555555556,0.6799999999999999,"[16, 17, 23, 26]",4,0.4,0.5,0.5,681.3653342723846
13,30,300,5,0.4,1.0,931.7520100464353,bootstrap_l1,2.0,10,stability,0.0,0.0,0.18573152673818763,0.9746666666666666,0.4074603174603174,"[2, 10, 16, 23, 26]",5,0.4,0.4,0.6,634.6082935333252
