seed,p,n,k_star,p_edge,noise_scale,mu_scale,q_source,K_multiplier,K,criterion,mu_star,mu_star_relative,log_loss_star,auc_star,stability_star,support,k_actual,S_recall,S_precision,C_inclusion,fit_seconds
15,30,300,5,0.7,1.0,2845.518195956837,oracle,2.0,10,stability,28.45518195956837,0.01,0.3274863087157707,0.9757777777777779,0.5277777777777777,"[0, 5, 8, 17, 28]",5,0.6,0.6,0.4,574.2187354564667
15,30,300,5,0.7,1.0,2845.518195956837,uniform,2.0,10,stability,0.0,0.0,0.3951495018892093,0.9535555555555556,0.4366666666666667,"[5, 8, 15, 17, 21]",5,0.2,0.2,0.8,639.524594783783
15,30,300,5,0.7,1.0,2845.518195956837,adversarial,2.0,10,stability,28.45518195956837,0.01,0.34339504897173195,0.9584444444444445,0.5185714285714286,"[5, 8, 15]",3,0.0,0.0,1.0,627.4014008045197
15,30,300,5,0.7,1.0,2845.518195956837,pc,2.0,10,stability,187.21609624876672,0.0657933224657568,0.32473084357281345,0.9711111111111113,0.7366666666666666,"[0, 4, 5, 8, 12, 13]",6,0.2,0.16666666666666666,0.8333333333333334,598.4766523838043
15,30,300,5,0.7,1.0,2845.518195956837,ges,2.0,10,stability,28.45518195956837,0.01,0.1898060065699747,0.9866666666666667,0.655952380952381,"[0, 4, 10, 12, 24, 28]",6,0.6,0.5,0.5,584.2890465259552
15,30,300,5,0.7,1.0,2845.518195956837,bootstrap_l1,2.0,10,stability,28.45518195956837,0.01,0.6380668329047106,0.8780000000000001,0.8666666666666666,"[0, 5, 8]",3,0.2,0.3333333333333333,0.6666666666666666,655.2933602333069
