seed,p,n,k_star,p_edge,noise_scale,mu_scale,q_source,K_multiplier,K,criterion,mu_star,mu_star_relative,log_loss_star,auc_star,stability_star,support,k_actual,S_recall,S_precision,C_inclusion,fit_seconds
19,30,300,5,0.3,1.0,338.56591196286917,oracle,2.0,10,stability,3.385659119628692,0.01,0.13366089897445535,0.9913333333333334,0.45212121212121215,"[3, 7, 10, 14, 17, 21, 23, 29]",8,0.8,0.5,0.5,555.6616430282593
19,30,300,5,0.3,1.0,338.56591196286917,uniform,2.0,10,stability,0.0,0.0,0.11027943405419498,0.9964444444444445,0.28496336996336996,"[0, 3, 10, 14, 17, 20, 21, 23]",8,0.8,0.5,0.5,598.2794978618622
19,30,300,5,0.3,1.0,338.56591196286917,adversarial,2.0,10,stability,3.385659119628692,0.01,0.07349478034908853,0.9997777777777778,0.46118686868686865,"[0, 1, 2, 6, 8, 15, 17, 21]",8,0.0,0.0,1.0,586.7983891963959
19,30,300,5,0.3,1.0,338.56591196286917,pc,2.0,10,stability,146.55710107994432,0.4328761281083057,0.06595525275574879,0.9982222222222223,0.46388888888888885,"[2, 7, 8, 19, 25]",5,0.2,0.2,0.8,561.8281724452972
19,30,300,5,0.3,1.0,338.56591196286917,ges,2.0,10,stability,6.344107046226392,0.01873817422860384,0.07934300622320085,0.9975555555555555,0.7096031746031746,"[3, 7, 8, 10, 14, 20, 23, 29]",8,1.0,0.625,0.375,565.6582863330841
19,30,300,5,0.3,1.0,338.56591196286917,bootstrap_l1,2.0,10,stability,78.21311686611642,0.23101297000831592,0.1370166935567898,0.9899999999999999,0.7916666666666667,"[2, 8, 10, 15, 17, 19, 21, 23]",8,0.4,0.25,0.75,599.9275319576263
