seed,p,n,k_star,p_edge,noise_scale,mu_scale,q_source,K_multiplier,K,criterion,mu_star,mu_star_relative,log_loss_star,auc_star,stability_star,support,k_actual,S_recall,S_precision,C_inclusion,fit_seconds
0,30,300,5,0.5,1.0,9413.758868006451,oracle,2.0,10,stability,0.0,0.0,0.07024109276340677,0.9977777777777778,0.6347619047619047,"[0, 3, 15, 19, 20, 25]",6,0.0,0.0,1.0,669.5781688690186
0,30,300,5,0.5,1.0,9413.758868006451,uniform,2.0,10,stability,0.0,0.0,0.15915561306713788,0.9895555555555555,0.5261904761904761,"[0, 3, 15, 19, 20, 25]",6,0.0,0.0,1.0,650.6301362514496
0,30,300,5,0.5,1.0,9413.758868006451,adversarial,2.0,10,stability,94.13758868006451,0.01,0.13978489869193353,0.9935555555555554,0.6160714285714286,"[3, 9, 12, 15, 19, 25]",6,0.0,0.0,1.0,596.1532332897186
0,30,300,5,0.5,1.0,9413.758868006451,pc,2.0,10,stability,0.0,0.0,0.14836657909594525,0.9817777777777777,0.5590476190476191,"[0, 3, 15, 19, 20, 25]",6,0.0,0.0,1.0,602.9578986167908
0,30,300,5,0.5,1.0,9413.758868006451,ges,2.0,10,stability,0.0,0.0,0.17364396411585592,0.9851111111111113,0.5952380952380952,"[0, 3, 15, 19, 20, 25]",6,0.0,0.0,1.0,736.2282223701477
0,30,300,5,0.5,1.0,9413.758868006451,bootstrap_l1,2.0,10,stability,2174.7003950402923,0.23101297000831592,0.2125367432954385,0.9855555555555554,0.8071428571428572,"[3, 15, 16, 19, 25]",5,0.0,0.0,1.0,652.1442320346832
