seed,p,n,k_star,p_edge,noise_scale,mu_scale,q_source,K_multiplier,K,criterion,mu_star,mu_star_relative,log_loss_star,auc_star,stability_star,support,k_actual,S_recall,S_precision,C_inclusion,fit_seconds
17,30,300,5,0.4,1.0,2043.0558077223436,oracle,2.0,10,stability,20.430558077223438,0.01,0.2352636455705853,0.9719999999999999,0.5942857142857143,"[4, 6, 15, 17]",4,0.4,0.5,0.5,568.5697543621063
17,30,300,5,0.4,1.0,2043.0558077223436,uniform,2.0,10,stability,0.0,0.0,0.04740908066431595,0.9977777777777778,0.4119047619047619,"[3, 6, 15, 17, 25]",5,0.2,0.2,0.8,599.5577487945557
17,30,300,5,0.4,1.0,2043.0558077223436,adversarial,2.0,10,stability,0.0,0.0,0.14881768257274025,0.9813333333333333,0.44107142857142856,"[3, 6, 15, 17, 25]",5,0.2,0.2,0.8,621.1978566646576
17,30,300,5,0.4,1.0,2043.0558077223436,pc,2.0,10,stability,20.430558077223438,0.01,0.24389111807051425,0.9606666666666668,0.5766666666666668,"[6, 13, 15, 25]",4,0.2,0.25,0.75,562.8855454921722
17,30,300,5,0.4,1.0,2043.0558077223436,ges,2.0,10,stability,20.430558077223438,0.01,0.12738926272612341,0.992,0.6971428571428572,"[4, 6, 13, 15, 22]",5,0.6,0.6,0.4,562.5014152526855
17,30,300,5,0.4,1.0,2043.0558077223436,bootstrap_l1,2.0,10,stability,471.9723900346774,0.23101297000831592,0.18581101878951106,0.9788888888888889,0.8,"[6, 15, 25, 29]",4,0.2,0.25,0.75,653.7151720523834
