seed,p,n,k_star,p_edge,noise_scale,mu_scale,q_source,K_multiplier,K,criterion,mu_star,mu_star_relative,log_loss_star,auc_star,stability_star,support,k_actual,S_recall,S_precision,C_inclusion,fit_seconds
6,30,300,5,0.2,0.5,220.2373678597217,oracle,2.0,10,stability,0.0,0.0,0.1875299702762463,0.9893333333333333,0.5440656565656565,"[3, 10, 13, 14, 19, 21, 22, 23, 25]",9,0.6,0.3333333333333333,0.6666666666666666,593.6595261096954
6,30,300,5,0.2,0.5,220.2373678597217,uniform,2.0,10,stability,0.0,0.0,0.14971913081935867,0.9924444444444444,0.411010101010101,"[3, 10, 13, 14, 19, 21, 22, 23, 25]",9,0.6,0.3333333333333333,0.6666666666666666,595.6953523159027
6,30,300,5,0.2,0.5,220.2373678597217,adversarial,2.0,10,stability,0.0,0.0,0.1982500481022993,0.984888888888889,0.4682950382950383,"[3, 10, 13, 14, 19, 21, 22, 23, 25]",9,0.6,0.3333333333333333,0.6666666666666666,574.9384343624115
6,30,300,5,0.2,0.5,220.2373678597217,pc,2.0,10,stability,14.490148162604171,0.0657933224657568,0.12772927245024046,0.9911111111111112,0.535922410922411,"[1, 13, 19, 21, 23, 29]",6,0.8,0.6666666666666666,0.3333333333333333,620.6500990390778
6,30,300,5,0.2,0.5,220.2373678597217,ges,2.0,10,stability,27.151892086916074,0.1232846739442066,0.3058701310786491,0.9762222222222222,0.6926587301587301,"[1, 7, 13, 15, 21, 23, 29]",7,0.8,0.5714285714285714,0.42857142857142855,627.0392639636993
6,30,300,5,0.2,0.5,220.2373678597217,bootstrap_l1,2.0,10,stability,27.151892086916074,0.1232846739442066,0.10889016549578098,0.9944444444444445,0.678939393939394,"[3, 9, 13, 19, 21, 23, 25, 29]",8,0.8,0.5,0.5,648.3620798587799
