seed,p,n,k_star,p_edge,noise_scale,mu_scale,q_source,K_multiplier,K,criterion,mu_star,mu_star_relative,log_loss_star,auc_star,stability_star,support,k_actual,S_recall,S_precision,C_inclusion,fit_seconds
15,30,300,5,0.2,1.0,204.52164432961715,oracle,2.0,10,stability,0.0,0.0,0.10416890952125524,0.9935555555555556,0.647062937062937,"[0, 2, 6, 10, 11, 12, 17, 23, 24, 28]",10,1.0,0.5,0.4,511.61784076690674
15,30,300,5,0.2,1.0,204.52164432961715,uniform,2.0,10,stability,0.0,0.0,0.18313865708668117,0.9880000000000001,0.5737121212121212,"[0, 2, 6, 10, 11, 12, 17, 23, 24, 28]",10,1.0,0.5,0.4,538.8843660354614
15,30,300,5,0.2,1.0,204.52164432961715,adversarial,2.0,10,stability,0.0,0.0,0.21825531374399168,0.9833333333333334,0.6103030303030302,"[0, 2, 6, 10, 11, 12, 17, 23, 24, 28]",10,1.0,0.5,0.4,600.1372463703156
15,30,300,5,0.2,1.0,204.52164432961715,pc,2.0,10,stability,2.0452164432961717,0.010000000000000002,0.09448727135984747,0.9953333333333333,0.696969696969697,"[0, 6, 10, 11, 12, 17, 20, 28]",8,1.0,0.625,0.25,519.9791524410248
15,30,300,5,0.2,1.0,204.52164432961715,ges,2.0,10,stability,13.45615849660532,0.0657933224657568,0.12882277180666385,0.9931111111111111,0.875,"[0, 6, 10, 12, 17, 21, 28]",7,1.0,0.7142857142857143,0.2857142857142857,571.2612490653992
15,30,300,5,0.2,1.0,204.52164432961715,bootstrap_l1,2.0,10,stability,13.45615849660532,0.0657933224657568,0.1567291492605754,0.9886666666666667,0.770909090909091,"[0, 2, 6, 10, 11, 12, 17, 21, 23, 28]",10,1.0,0.5,0.4,551.5749592781067
