seed,p,n,k_star,p_edge,noise_scale,mu_scale,q_source,K_multiplier,K,criterion,mu_star,mu_star_relative,log_loss_star,auc_star,stability_star,support,k_actual,S_recall,S_precision,C_inclusion,fit_seconds
16,30,300,5,0.1,1.0,46.902069981794256,oracle,2.0,10,stability,0.0,0.0,0.2596581395464084,0.9731111111111111,0.5295027195027195,"[4, 9, 15, 18, 24, 26, 27]",7,1.0,0.7142857142857143,0.14285714285714285,530.7534465789795
16,30,300,5,0.1,1.0,46.902069981794256,uniform,2.0,10,stability,0.0,0.0,0.2919036266630556,0.9671111111111111,0.5008424908424909,"[4, 9, 15, 18, 24, 26, 27]",7,1.0,0.7142857142857143,0.14285714285714285,550.7747945785522
16,30,300,5,0.1,1.0,46.902069981794256,adversarial,2.0,10,stability,38.04371499008881,0.8111308307896868,0.3066029589580329,0.9528888888888888,0.7375793650793651,"[1, 6, 7, 16, 21, 24, 28]",7,0.2,0.14285714285714285,0.8571428571428571,611.3381435871124
16,30,300,5,0.1,1.0,46.902069981794256,pc,2.0,10,stability,5.782306405013864,0.12328467394420659,0.35366235471845914,0.9577777777777777,0.5998629148629149,"[4, 9, 15, 18, 24, 26, 27]",7,1.0,0.7142857142857143,0.14285714285714285,541.8991367816925
16,30,300,5,0.1,1.0,46.902069981794256,ges,2.0,10,stability,133.57877761203602,2.848035868435799,0.2472488408885583,0.9728888888888889,0.7138888888888889,"[4, 9, 18, 24, 26]",5,1.0,1.0,0.0,583.3283431529999
16,30,300,5,0.1,1.0,46.902069981794256,bootstrap_l1,2.0,10,stability,20.30278645398389,0.4328761281083057,0.2495176833957229,0.9735555555555555,0.8428571428571429,"[4, 9, 18, 24, 26]",5,1.0,1.0,0.0,609.4143054485321
