seed,p,n,k_star,p_edge,noise_scale,mu_scale,q_source,K_multiplier,K,criterion,mu_star,mu_star_relative,log_loss_star,auc_star,stability_star,support,k_actual,S_recall,S_precision,C_inclusion,fit_seconds
19,30,300,5,0.1,1.0,33.59118507163136,oracle,2.0,10,stability,0.6294374784175047,0.01873817422860384,0.07127350541680602,0.9988888888888889,0.6408508158508159,"[0, 3, 7, 10, 11, 16, 20, 22, 23, 25]",10,1.0,0.5,0.5,510.69652128219604
19,30,300,5,0.1,1.0,33.59118507163136,uniform,2.0,10,stability,0.0,0.0,0.09740729646047531,0.9951111111111111,0.43598901098901094,"[1, 3, 7, 9, 10, 11, 18, 22, 23, 29]",10,0.8,0.4,0.5,505.6198306083679
19,30,300,5,0.1,1.0,33.59118507163136,adversarial,2.0,10,stability,7.759999429496564,0.23101297000831592,0.17036186072650764,0.99,0.5867615717615717,"[1, 3, 6, 8, 9, 22, 24, 25, 26, 27]",10,0.2,0.1,0.9,527.7644190788269
19,30,300,5,0.1,1.0,33.59118507163136,pc,2.0,10,stability,2.210075671424758,0.0657933224657568,0.04626345800123029,0.9986666666666666,0.6865151515151516,"[1, 3, 7, 9, 10, 11, 18, 22, 23, 29]",10,0.8,0.4,0.5,526.4548728466034
19,30,300,5,0.1,1.0,33.59118507163136,ges,2.0,10,stability,2.210075671424758,0.0657933224657568,0.0740780598306523,0.9948888888888889,0.6822727272727274,"[0, 1, 3, 7, 10, 11, 20, 23, 25]",9,1.0,0.5555555555555556,0.4444444444444444,537.9129593372345
19,30,300,5,0.1,1.0,33.59118507163136,bootstrap_l1,2.0,10,stability,2.210075671424758,0.0657933224657568,0.056169291945444386,0.998,0.7812121212121212,"[3, 7, 8, 10, 11, 22, 23, 25, 29]",9,0.8,0.4444444444444444,0.4444444444444444,537.6169867515564
