seed,p,n,k_star,p_edge,noise_scale,mu_scale,q_source,K_multiplier,K,criterion,mu_star,mu_star_relative,log_loss_star,auc_star,stability_star,support,k_actual,S_recall,S_precision,C_inclusion,fit_seconds
14,30,300,5,0.4,1.0,2612.6105244888677,oracle,2.0,10,stability,26.126105244888677,0.01,0.33947251557138336,0.9284444444444444,0.5891666666666667,"[4, 7, 12, 13, 24]",5,0.4,0.4,0.6,581.7034749984741
14,30,300,5,0.4,1.0,2612.6105244888677,uniform,2.0,10,stability,0.0,0.0,0.2689333089456646,0.9333333333333333,0.4404365079365079,"[3, 4, 7, 13, 24, 28]",6,0.4,0.3333333333333333,0.6666666666666666,596.2328863143921
14,30,300,5,0.4,1.0,2612.6105244888677,adversarial,2.0,10,stability,0.0,0.0,0.2569242040388685,0.9313333333333335,0.5278571428571428,"[3, 4, 7, 13, 24, 28]",6,0.4,0.3333333333333333,0.6666666666666666,604.8856537342072
14,30,300,5,0.4,1.0,2612.6105244888677,pc,2.0,10,stability,91.7337647830877,0.03511191734215131,0.3266818043476684,0.9166666666666666,0.5452380952380953,"[3, 7, 11, 13, 16, 24, 28]",7,0.4,0.2857142857142857,0.7142857142857143,596.7637588977814
14,30,300,5,0.4,1.0,2612.6105244888677,ges,2.0,10,stability,26.126105244888677,0.01,0.06361107942213343,0.9988888888888889,0.6616666666666665,"[0, 3, 4, 8, 10, 12, 13, 16, 17]",9,1.0,0.5555555555555556,0.4444444444444444,609.6598620414734
14,30,300,5,0.4,1.0,2612.6105244888677,bootstrap_l1,2.0,10,stability,91.7337647830877,0.03511191734215131,0.22959925047024834,0.9697777777777778,0.7274999999999999,"[4, 7, 11, 13, 24]",5,0.2,0.2,0.8,630.2135155200958
