seed,p,n,k_star,p_edge,noise_scale,mu_scale,q_source,K_multiplier,K,criterion,mu_star,mu_star_relative,log_loss_star,auc_star,stability_star,support,k_actual,S_recall,S_precision,C_inclusion,fit_seconds
5,30,300,5,0.5,1.0,2350.2959425008517,oracle,2.0,10,stability,23.502959425008516,0.01,0.041204310045439854,0.998888888888889,0.5305952380952381,"[7, 19, 20, 22, 27]",5,0.6,0.6,0.4,614.2552909851074
5,30,300,5,0.5,1.0,2350.2959425008517,uniform,2.0,10,stability,0.0,0.0,0.0950468502679623,0.9913333333333334,0.36194444444444446,"[1, 6, 12, 16, 19, 27]",6,0.2,0.16666666666666666,0.8333333333333334,636.2706038951874
5,30,300,5,0.5,1.0,2350.2959425008517,adversarial,2.0,10,stability,23.502959425008516,0.01,0.10569845164454342,0.9908888888888889,0.3638600288600289,"[1, 3, 7, 19]",4,0.0,0.0,1.0,634.9911849498749
5,30,300,5,0.5,1.0,2350.2959425008517,pc,2.0,10,stability,44.04025485936163,0.01873817422860384,0.033647547662850386,0.9986666666666666,0.33819624819624816,"[1, 2, 14, 19, 27, 28]",6,0.4,0.3333333333333333,0.6666666666666666,564.7299838066101
5,30,300,5,0.5,1.0,2350.2959425008517,ges,2.0,10,stability,23.502959425008516,0.01,0.06665914361808914,0.998,0.4619047619047619,"[7, 13, 14, 16, 22, 28]",6,0.2,0.16666666666666666,0.8333333333333334,653.6188921928406
5,30,300,5,0.5,1.0,2350.2959425008517,bootstrap_l1,2.0,10,stability,82.5233968626835,0.03511191734215131,0.05198396228068551,0.9991111111111112,0.5873809523809523,"[3, 6, 7, 14, 27]",5,0.2,0.2,0.8,660.7928583621979
