seed,p,n,k_star,p_edge,noise_scale,mu_scale,q_source,K_multiplier,K,criterion,mu_star,mu_star_relative,log_loss_star,auc_star,stability_star,support,k_actual,S_recall,S_precision,C_inclusion,fit_seconds
1,30,300,5,0.7,1.0,10369.178212416977,oracle,2.0,10,stability,103.69178212416978,0.01,0.06338810229325238,0.9995555555555555,0.7494047619047619,"[1, 5, 7, 8, 15, 28]",6,0.6,0.5,0.5,591.2556347846985
1,30,300,5,0.7,1.0,10369.178212416977,uniform,2.0,10,stability,0.0,0.0,0.06255793676278762,0.9968888888888889,0.5008333333333334,"[0, 5, 8, 12, 18, 28]",6,0.0,0.0,1.0,670.3216533660889
1,30,300,5,0.7,1.0,10369.178212416977,adversarial,2.0,10,stability,103.69178212416978,0.01,0.2209127942424975,0.9757777777777777,0.5971428571428572,"[0, 5, 8, 12, 18, 28]",6,0.0,0.0,1.0,674.7167885303497
1,30,300,5,0.7,1.0,10369.178212416977,pc,2.0,10,stability,1278.3607549871979,0.12328467394420659,0.06690115132277807,0.9977777777777778,0.8,"[1, 5, 8, 28]",4,0.2,0.25,0.75,599.571347951889
1,30,300,5,0.7,1.0,10369.178212416977,ges,2.0,10,stability,2395.414655395966,0.23101297000831592,0.045981864171932896,0.9993333333333332,0.75,"[1, 7, 8, 11, 12, 15]",6,0.6,0.5,0.5,662.9800934791565
1,30,300,5,0.7,1.0,10369.178212416977,bootstrap_l1,2.0,10,stability,194.29946795171224,0.01873817422860384,0.048775991505965455,0.9986666666666668,0.7773809523809524,"[0, 5, 8, 12, 18, 28]",6,0.0,0.0,1.0,682.368813753128
