seed,p,n,k_star,p_edge,noise_scale,mu_scale,q_source,K_multiplier,K,criterion,mu_star,mu_star_relative,log_loss_star,auc_star,stability_star,support,k_actual,S_recall,S_precision,C_inclusion,fit_seconds
16,30,300,5,0.4,1.0,1118.3249598810744,oracle,2.0,10,stability,11.183249598810745,0.01,0.05212009375183981,0.9988888888888889,0.6013095238095237,"[1, 9, 16, 18, 24, 26]",6,0.8,0.6666666666666666,0.3333333333333333,625.3233218193054
16,30,300,5,0.4,1.0,1118.3249598810744,uniform,2.0,10,stability,0.0,0.0,0.053483510649546026,0.9973333333333333,0.5244047619047619,"[0, 9, 15, 16, 18, 24, 26]",7,0.8,0.5714285714285714,0.42857142857142855,597.5195217132568
16,30,300,5,0.4,1.0,1118.3249598810744,adversarial,2.0,10,stability,11.183249598810745,0.01,0.1578993990264134,0.9942222222222223,0.43072066822066823,"[0, 1, 3, 5, 9, 10, 14, 27]",8,0.2,0.125,0.875,634.7326080799103
16,30,300,5,0.4,1.0,1118.3249598810744,pc,2.0,10,stability,0.0,0.0,0.055816356845462246,0.9988888888888889,0.49071428571428577,"[0, 9, 15, 16, 18, 24, 26]",7,0.8,0.5714285714285714,0.42857142857142855,583.6908810138702
16,30,300,5,0.4,1.0,1118.3249598810744,ges,2.0,10,stability,11.183249598810745,0.01,0.02563017361936923,0.9993333333333332,0.8,"[9, 18, 24, 26]",4,0.8,1.0,0.0,625.8373138904572
16,30,300,5,0.4,1.0,1118.3249598810744,bootstrap_l1,2.0,10,stability,39.26653355300896,0.03511191734215131,0.036589556828168515,0.9995555555555555,0.780952380952381,"[9, 14, 16, 18, 24, 26]",6,0.8,0.6666666666666666,0.3333333333333333,604.0580432415009
