seed,p,n,k_star,p_edge,noise_scale,mu_scale,q_source,K_multiplier,K,criterion,mu_star,mu_star_relative,log_loss_star,auc_star,stability_star,support,k_actual,S_recall,S_precision,C_inclusion,fit_seconds
1,30,300,5,0.2,1.0,128.95265180031151,oracle,2.0,10,stability,0.0,0.0,0.1121207565855759,0.9933333333333334,0.6390873015873015,"[1, 7, 13, 15, 27, 29]",6,1.0,0.8333333333333334,0.16666666666666666,515.9035239219666
1,30,300,5,0.2,1.0,128.95265180031151,uniform,2.0,10,stability,0.0,0.0,0.12736623970580185,0.9924444444444445,0.5597619047619047,"[1, 7, 13, 15, 27, 29]",6,1.0,0.8333333333333334,0.16666666666666666,524.451318025589
1,30,300,5,0.2,1.0,128.95265180031151,adversarial,2.0,10,stability,0.0,0.0,0.09835993174725251,0.9959999999999999,0.6762878787878788,"[1, 7, 13, 15, 27, 29]",6,1.0,0.8333333333333334,0.16666666666666666,514.2330510616302
1,30,300,5,0.2,1.0,128.95265180031151,pc,2.0,10,stability,104.59747158731989,0.8111308307896868,0.10980337375197,0.9931111111111111,0.8476190476190476,"[1, 7, 13, 15, 26, 27]",6,1.0,0.8333333333333334,0.16666666666666666,570.7331216335297
1,30,300,5,0.2,1.0,128.95265180031151,ges,2.0,10,stability,4.527774851063757,0.03511191734215131,0.0649174523756185,0.9968888888888889,0.7561507936507936,"[1, 7, 13, 15, 27]",5,1.0,1.0,0.0,570.9889469146729
1,30,300,5,0.2,1.0,128.95265180031151,bootstrap_l1,2.0,10,stability,8.484223402712349,0.0657933224657568,0.06794045276562266,0.9973333333333334,0.8267857142857142,"[1, 7, 11, 13, 15, 27, 29]",7,1.0,0.7142857142857143,0.2857142857142857,546.3745031356812
