seed,p,n,k_star,p_edge,noise_scale,mu_scale,q_source,K_multiplier,K,criterion,mu_star,mu_star_relative,log_loss_star,auc_star,stability_star,support,k_actual,S_recall,S_precision,C_inclusion,fit_seconds
9,30,300,5,0.2,0.5,232.54267131973472,oracle,2.0,10,stability,2.325426713197347,0.01,0.02638997441800981,0.9995555555555555,0.6281385281385281,"[1, 5, 8, 16, 18, 20, 21, 24, 28, 29]",10,1.0,0.5,0.5,527.8489418029785
9,30,300,5,0.2,0.5,232.54267131973472,uniform,2.0,10,stability,0.0,0.0,0.02039509665837432,1.0,0.48277777777777775,"[1, 5, 8, 16, 18, 20, 21, 24]",8,0.8,0.5,0.5,543.2838680744171
9,30,300,5,0.2,0.5,232.54267131973472,adversarial,2.0,10,stability,2.325426713197347,0.01,0.05526992769887158,0.9986666666666666,0.4500757575757576,"[1, 3, 10, 12, 15, 20, 21]",7,0.2,0.14285714285714285,0.8571428571428571,604.9500494003296
9,30,300,5,0.2,0.5,232.54267131973472,pc,2.0,10,stability,188.62253018162951,0.8111308307896868,0.031055318855842024,0.9997777777777778,0.6079797979797978,"[0, 1, 3, 5, 8, 12, 13, 19, 20]",9,0.4,0.2222222222222222,0.7777777777777778,559.0985314846039
9,30,300,5,0.2,0.5,232.54267131973472,ges,2.0,10,stability,4.3574250907741465,0.01873817422860384,0.02136057694010694,0.9997777777777778,0.8699999999999999,"[0, 1, 3, 5, 8, 12, 18, 20]",8,0.6,0.375,0.625,494.3761749267578
9,30,300,5,0.2,0.5,232.54267131973472,bootstrap_l1,2.0,10,stability,8.165019053901585,0.03511191734215131,0.03980703386664588,0.9993333333333332,0.4093822843822844,"[1, 5, 8, 16, 18, 20, 21, 24]",8,0.8,0.5,0.5,282.62997698783875
