seed,p,n,k_star,p_edge,noise_scale,mu_scale,q_source,K_multiplier,K,criterion,mu_star,mu_star_relative,log_loss_star,auc_star,stability_star,support,k_actual,S_recall,S_precision,C_inclusion,fit_seconds
0,30,300,5,0.2,1.0,264.92108798732727,oracle,2.0,10,stability,2.6492108798732725,0.01,0.07646980511111556,0.9973333333333334,0.651052836052836,"[2, 5, 7, 8, 9, 10, 11, 12, 17, 21]",10,0.8,0.4,0.6,580.391679763794
0,30,300,5,0.2,1.0,264.92108798732727,uniform,2.0,10,stability,0.0,0.0,0.09958555004891725,0.9959999999999999,0.4835447885447886,"[2, 5, 7, 8, 9, 10, 11, 12, 17, 18]",10,0.6,0.3,0.7,581.9254715442657
0,30,300,5,0.2,1.0,264.92108798732727,adversarial,2.0,10,stability,0.0,0.0,0.0870184222655056,0.9971111111111111,0.6304545454545455,"[2, 5, 7, 8, 9, 10, 11, 12, 17, 18]",10,0.6,0.3,0.7,529.2744626998901
0,30,300,5,0.2,1.0,264.92108798732727,pc,2.0,10,stability,402.65649773988787,1.5199110829529332,0.09740580704006149,0.9953333333333333,0.5998989898989899,"[2, 7, 8, 10, 17, 18, 20, 22, 27, 28]",10,0.8,0.4,0.6,557.4734017848969
0,30,300,5,0.2,1.0,264.92108798732727,ges,2.0,10,stability,17.43003856992935,0.0657933224657568,0.06917170643073065,0.9968888888888889,0.6125,"[2, 9, 10, 12, 17, 18, 22]",7,0.8,0.5714285714285714,0.42857142857142855,578.015310049057
0,30,300,5,0.2,1.0,264.92108798732727,bootstrap_l1,2.0,10,stability,61.20020735378686,0.23101297000831592,0.06323712752930476,0.9975555555555555,0.7555555555555556,"[2, 7, 8, 10, 11, 12, 17, 25]",8,0.6,0.375,0.625,543.3817718029022
