seed,p,n,k_star,p_edge,noise_scale,mu_scale,q_source,K_multiplier,K,criterion,mu_star,mu_star_relative,log_loss_star,auc_star,stability_star,support,k_actual,S_recall,S_precision,C_inclusion,fit_seconds
9,30,300,5,0.1,1.0,64.10163624590263,oracle,2.0,10,stability,2.250731353362783,0.03511191734215131,0.09886862630627949,0.9948888888888889,0.4573359973359973,"[2, 5, 11, 16, 17, 18, 20, 25, 28, 29]",10,1.0,0.5,0.4,504.0240783691406
9,30,300,5,0.1,1.0,64.10163624590263,uniform,2.0,10,stability,0.0,0.0,0.09771844828921347,0.994,0.47876456876456874,"[1, 3, 5, 8, 16, 18, 20, 24, 28]",9,0.8,0.4444444444444444,0.5555555555555556,546.2422275543213
9,30,300,5,0.1,1.0,64.10163624590263,adversarial,2.0,10,stability,4.217459624109315,0.0657933224657568,0.1837335363019947,0.9882222222222223,0.5956931956931957,"[1, 3, 8, 10, 12, 13, 14, 19, 20, 26]",10,0.2,0.1,0.9,499.82036995887756
9,30,300,5,0.1,1.0,64.10163624590263,pc,2.0,10,stability,641.0163624590263,10.0,0.06118164076841255,0.9975555555555555,0.7401010101010101,"[1, 3, 5, 8, 16, 18, 21, 26, 28]",9,0.6,0.3333333333333333,0.6666666666666666,571.9365315437317
9,30,300,5,0.1,1.0,64.10163624590263,ges,2.0,10,stability,51.994813463117296,0.8111308307896868,0.09819440296431328,0.9957777777777779,0.6261111111111111,"[5, 16, 18, 20, 28, 29]",6,1.0,0.8333333333333334,0.16666666666666666,574.580023765564
9,30,300,5,0.1,1.0,64.10163624590263,bootstrap_l1,2.0,10,stability,2.250731353362783,0.03511191734215131,0.06516014460307104,0.9957777777777779,0.602012432012432,"[1, 3, 5, 8, 16, 18, 21, 24, 25, 28]",10,0.6,0.3,0.6,608.2975251674652
