seed,p,n,k_star,p_edge,noise_scale,mu_scale,q_source,K_multiplier,K,criterion,mu_star,mu_star_relative,log_loss_star,auc_star,stability_star,support,k_actual,S_recall,S_precision,C_inclusion,fit_seconds
11,30,300,5,0.5,1.0,2821.152871326974,oracle,2.0,10,stability,28.21152871326974,0.01,0.14687812275452516,0.9913333333333334,0.6079365079365079,"[1, 13, 17, 18, 19, 28, 29]",7,0.6,0.42857142857142855,0.5714285714285714,568.4611713886261
11,30,300,5,0.5,1.0,2821.152871326974,uniform,2.0,10,stability,0.0,0.0,0.05165025518284975,0.9988888888888889,0.4097727272727273,"[10, 16, 17, 19, 20, 24, 25, 29]",8,0.2,0.125,0.875,605.7682707309723
11,30,300,5,0.5,1.0,2821.152871326974,adversarial,2.0,10,stability,28.21152871326974,0.01,0.04429393046560541,0.9988888888888889,0.4873085248085248,"[2, 10, 16, 19, 20, 24, 25, 29]",8,0.0,0.0,1.0,612.7612383365631
11,30,300,5,0.5,1.0,2821.152871326974,pc,2.0,10,stability,0.0,0.0,0.0703770494514864,0.9966666666666667,0.24915917415917416,"[10, 16, 17, 19, 20, 24, 25, 29]",8,0.2,0.125,0.875,561.6737534999847
11,30,300,5,0.5,1.0,2821.152871326974,ges,2.0,10,stability,28.21152871326974,0.01,0.17275627291939744,0.9811111111111112,0.37357142857142855,"[24, 25]",2,0.0,0.0,1.0,695.7689504623413
11,30,300,5,0.5,1.0,2821.152871326974,bootstrap_l1,2.0,10,stability,347.8049118883082,0.12328467394420659,0.042570985141957195,0.9993333333333332,0.7563636363636363,"[1, 7, 13, 16, 17, 18, 19, 20, 28, 29]",10,0.6,0.3,0.7,611.6968011856079
