seed,p,n,k_star,p_edge,noise_scale,mu_scale,q_source,K_multiplier,K,criterion,mu_star,mu_star_relative,log_loss_star,auc_star,stability_star,support,k_actual,S_recall,S_precision,C_inclusion,fit_seconds
19,30,300,5,0.6,1.0,3328.0730963015985,oracle,2.0,10,stability,0.0,0.0,0.3441731768117132,0.9477777777777778,0.45666666666666667,"[2, 19, 21, 29]",4,0.0,0.0,1.0,591.0873017311096
19,30,300,5,0.6,1.0,3328.0730963015985,uniform,2.0,10,stability,0.0,0.0,0.344338393096446,0.9400000000000001,0.45999999999999996,"[2, 19, 21, 29]",4,0.0,0.0,1.0,666.1713240146637
19,30,300,5,0.6,1.0,3328.0730963015985,adversarial,2.0,10,stability,33.28073096301598,0.01,0.38482185787158035,0.9279999999999999,0.5800000000000001,"[2, 19, 21, 22, 29]",5,0.0,0.0,1.0,638.3457088470459
19,30,300,5,0.6,1.0,3328.0730963015985,pc,2.0,10,stability,0.0,0.0,0.4133505816830231,0.9168888888888889,0.46976190476190477,"[2, 19, 21, 29]",4,0.0,0.0,1.0,599.9519264698029
19,30,300,5,0.6,1.0,3328.0730963015985,ges,2.0,10,stability,33.28073096301598,0.01,0.06305701826043675,0.9986666666666666,0.5208333333333333,"[2, 7, 20, 21, 22]",5,0.4,0.4,0.6,624.2635176181793
19,30,300,5,0.6,1.0,3328.0730963015985,bootstrap_l1,2.0,10,stability,116.85502746597929,0.03511191734215131,0.2567716487417714,0.9702222222222222,0.7204761904761905,"[2, 14, 19, 20, 21, 29]",6,0.2,0.16666666666666666,0.8333333333333334,663.8599379062653
