seed,p,n,k_star,p_edge,noise_scale,mu_scale,q_source,K_multiplier,K,criterion,mu_star,mu_star_relative,log_loss_star,auc_star,stability_star,support,k_actual,S_recall,S_precision,C_inclusion,fit_seconds
14,30,300,5,0.3,1.0,1062.4479886717436,oracle,2.0,10,stability,10.624479886717436,0.01,0.22024403629017092,0.9824444444444443,0.538968253968254,"[4, 11, 12, 13, 16, 28]",6,0.6,0.5,0.5,548.5488381385803
14,30,300,5,0.3,1.0,1062.4479886717436,uniform,2.0,10,stability,0.0,0.0,0.07391009749587663,0.9960000000000001,0.5004473304473305,"[1, 4, 6, 8, 11, 25, 28]",7,0.2,0.14285714285714285,0.8571428571428571,600.2090620994568
14,30,300,5,0.3,1.0,1062.4479886717436,adversarial,2.0,10,stability,10.624479886717436,0.01,0.14183397077600518,0.9948888888888888,0.35744949494949496,"[4, 6, 8, 11, 13, 25, 28]",7,0.2,0.14285714285714285,0.8571428571428571,591.6863782405853
14,30,300,5,0.3,1.0,1062.4479886717436,pc,2.0,10,stability,69.90198312177475,0.0657933224657568,0.08343834866328849,0.9984444444444444,0.7214285714285714,"[1, 4, 6, 11, 14]",5,0.2,0.2,0.8,553.6429927349091
14,30,300,5,0.3,1.0,1062.4479886717436,ges,2.0,10,stability,37.30458595857717,0.03511191734215131,0.05158832718225611,0.9986666666666666,0.7607142857142858,"[3, 4, 8, 11, 12, 16, 19]",7,0.8,0.5714285714285714,0.42857142857142855,614.9299302101135
14,30,300,5,0.3,1.0,1062.4479886717436,bootstrap_l1,2.0,10,stability,37.30458595857717,0.03511191734215131,0.04142809176971061,0.9986666666666666,0.6484126984126983,"[1, 4, 6, 7, 11, 12]",6,0.4,0.3333333333333333,0.6666666666666666,632.3705084323883
