seed,p,n,k_star,p_edge,noise_scale,mu_scale,q_source,K_multiplier,K,criterion,mu_star,mu_star_relative,log_loss_star,auc_star,stability_star,support,k_actual,S_recall,S_precision,C_inclusion,fit_seconds
11,30,300,5,0.3,1.0,341.4490471416383,oracle,2.0,10,stability,6.398131735530784,0.01873817422860384,0.041656572588202254,0.9995555555555555,0.63010101010101,"[8, 9, 13, 17, 25, 27, 28]",7,0.8,0.5714285714285714,0.42857142857142855,608.9396908283234
11,30,300,5,0.3,1.0,341.4490471416383,uniform,2.0,10,stability,0.0,0.0,0.10134595571639919,0.998,0.36812742812742816,"[1, 4, 5, 8, 25, 27, 28, 29]",8,0.4,0.25,0.75,619.6634192466736
11,30,300,5,0.3,1.0,341.4490471416383,adversarial,2.0,10,stability,3.414490471416383,0.01,0.19818313380819982,0.992,0.36707792207792206,"[1, 4, 5, 11, 19, 21, 24, 25, 29]",9,0.0,0.0,1.0,607.5933289527893
11,30,300,5,0.3,1.0,341.4490471416383,pc,2.0,10,stability,11.988930719793528,0.03511191734215131,0.04397074698217946,0.9988888888888889,0.5182983682983683,"[1, 4, 7, 8, 16, 17, 20, 25]",8,0.4,0.25,0.75,606.6427416801453
11,30,300,5,0.3,1.0,341.4490471416383,ges,2.0,10,stability,3.414490471416383,0.01,0.03552732038666555,0.9991111111111112,0.6637878787878788,"[7, 8, 9, 13, 17, 18, 22, 24, 28, 29]",10,1.0,0.5,0.5,545.1587641239166
11,30,300,5,0.3,1.0,341.4490471416383,bootstrap_l1,2.0,10,stability,42.0954344454169,0.12328467394420659,0.041660989342122624,0.9997777777777778,0.6597222222222222,"[1, 5, 7, 8, 16, 17, 27, 28]",8,0.6,0.375,0.625,603.6193046569824
