seed,p,n,k_star,p_edge,noise_scale,mu_scale,q_source,K_multiplier,K,criterion,mu_star,mu_star_relative,log_loss_star,auc_star,stability_star,support,k_actual,S_recall,S_precision,C_inclusion,fit_seconds
5,30,300,5,0.7,1.0,8869.22174454897,oracle,2.0,10,stability,88.6922174454897,0.01,0.0785190027395354,0.9977777777777778,0.4699999999999999,"[3, 20, 22]",3,0.4,0.6666666666666666,0.3333333333333333,627.2750232219696
5,30,300,5,0.7,1.0,8869.22174454897,uniform,2.0,10,stability,0.0,0.0,0.2370391439159393,0.9957777777777779,0.2558730158730159,"[3, 19]",2,0.0,0.0,1.0,676.2186739444733
5,30,300,5,0.7,1.0,8869.22174454897,adversarial,2.0,10,stability,88.6922174454897,0.01,0.3247999004311617,0.9908888888888889,0.24666666666666667,"[3, 5, 14, 19]",4,0.0,0.0,1.0,681.515022277832
5,30,300,5,0.7,1.0,8869.22174454897,pc,2.0,10,stability,166.1930223214803,0.01873817422860384,0.21280146112610715,0.994,0.32666666666666666,"[5, 20]",2,0.2,0.5,0.5,593.6092031002045
5,30,300,5,0.7,1.0,8869.22174454897,ges,2.0,10,stability,88.6922174454897,0.01,0.9991153500294689,0.9546666666666667,0.6,[0],1,0.0,0.0,1.0,785.2100059986115
5,30,300,5,0.7,1.0,8869.22174454897,bootstrap_l1,2.0,10,stability,88.6922174454897,0.01,0.046662728999079105,0.9986666666666666,0.7416666666666666,"[3, 6, 14, 20]",4,0.2,0.25,0.75,667.2260594367981
