seed,p,n,k_star,p_edge,noise_scale,mu_scale,q_source,K_multiplier,K,criterion,mu_star,mu_star_relative,log_loss_star,auc_star,stability_star,support,k_actual,S_recall,S_precision,C_inclusion,fit_seconds
10,30,300,5,0.6,1.0,5075.0646673774045,oracle,2.0,10,stability,50.75064667377404,0.01,0.09734722747964393,0.9955555555555555,0.5316666666666666,"[9, 10, 14]",3,0.4,0.6666666666666666,0.3333333333333333,646.8049681186676
10,30,300,5,0.6,1.0,5075.0646673774045,uniform,2.0,10,stability,0.0,0.0,0.12235839053874391,0.9935555555555556,0.24805555555555556,"[4, 9, 10, 11]",4,0.2,0.25,0.75,639.8266475200653
10,30,300,5,0.6,1.0,5075.0646673774045,adversarial,2.0,10,stability,0.0,0.0,0.08579061656324312,0.9953333333333333,0.3140873015873016,"[4, 9, 10, 11]",4,0.2,0.25,0.75,673.8202197551727
10,30,300,5,0.6,1.0,5075.0646673774045,pc,2.0,10,stability,0.0,0.0,0.14865692611637754,0.9891111111111112,0.3738095238095238,"[4, 9, 10, 11]",4,0.2,0.25,0.75,553.1222574710846
10,30,300,5,0.6,1.0,5075.0646673774045,ges,2.0,10,stability,333.9053661953303,0.0657933224657568,0.024374359766274535,1.0,0.7047619047619047,"[3, 10, 14, 19, 28, 29]",6,0.8,0.6666666666666666,0.3333333333333333,674.0050868988037
10,30,300,5,0.6,1.0,5075.0646673774045,bootstrap_l1,2.0,10,stability,50.75064667377404,0.01,1.241137994105966,0.4822222222222223,0.5483333333333333,"[4, 9, 25]",3,0.0,0.0,1.0,649.7805378437042
