seed,p,n,k_star,p_edge,noise_scale,mu_scale,q_source,K_multiplier,K,criterion,mu_star,mu_star_relative,log_loss_star,auc_star,stability_star,support,k_actual,S_recall,S_precision,C_inclusion,fit_seconds
3,30,300,5,0.4,1.0,932.6269327115605,oracle,2.0,10,stability,0.0,0.0,0.32771287768701796,0.9366666666666668,0.41000000000000003,"[0, 3, 4, 21, 24]",5,0.2,0.2,0.8,579.6557388305664
3,30,300,5,0.4,1.0,932.6269327115605,uniform,2.0,10,stability,0.0,0.0,0.31534959137663526,0.9493333333333333,0.3651984126984127,"[0, 3, 4, 21, 24]",5,0.2,0.2,0.8,598.0828838348389
3,30,300,5,0.4,1.0,932.6269327115605,adversarial,2.0,10,stability,0.0,0.0,0.15932347679173003,0.9906666666666666,0.7150000000000001,"[0, 3, 4, 21, 24]",5,0.2,0.2,0.8,580.8112313747406
3,30,300,5,0.4,1.0,932.6269327115605,pc,2.0,10,stability,0.0,0.0,0.18589372556030048,0.9873333333333335,0.4933333333333333,"[0, 3, 4, 21, 24]",5,0.2,0.2,0.8,593.4523220062256
3,30,300,5,0.4,1.0,932.6269327115605,ges,2.0,10,stability,0.0,0.0,0.24480391186805664,0.9664444444444443,0.5452380952380953,"[0, 3, 4, 21, 24]",5,0.2,0.2,0.8,595.2361793518066
3,30,300,5,0.4,1.0,932.6269327115605,bootstrap_l1,2.0,10,stability,0.0,0.0,0.2961208777612948,0.9513333333333334,0.35619047619047617,"[0, 3, 4, 21, 24]",5,0.2,0.2,0.8,619.3282999992371
