seed,p,n,k_star,p_edge,noise_scale,mu_scale,q_source,K_multiplier,K,criterion,mu_star,mu_star_relative,log_loss_star,auc_star,stability_star,support,k_actual,S_recall,S_precision,C_inclusion,fit_seconds
11,30,300,5,0.2,1.0,361.40791749345817,oracle,2.0,10,stability,3.6140791749345818,0.01,0.03930121965103916,0.9988888888888889,0.4436130536130536,"[0, 2, 4, 5, 8, 9, 17, 18, 29]",9,0.8,0.4444444444444444,0.5555555555555556,547.9095106124878
11,30,300,5,0.2,1.0,361.40791749345817,uniform,2.0,10,stability,0.0,0.0,0.07819112393652511,0.9953333333333333,0.3950252525252525,"[2, 4, 5, 8, 9, 27]",6,0.4,0.3333333333333333,0.6666666666666666,555.0161483287811
11,30,300,5,0.2,1.0,361.40791749345817,adversarial,2.0,10,stability,3.6140791749345818,0.01,0.07440225794362093,0.9973333333333333,0.454090909090909,"[0, 1, 2, 3, 4, 12, 13, 27]",8,0.0,0.0,1.0,555.1895232200623
11,30,300,5,0.2,1.0,361.40791749345817,pc,2.0,10,stability,6.772124525589301,0.01873817422860384,0.030908191093731534,0.9995555555555555,0.5613888888888889,"[0, 2, 4, 5, 8, 9, 27]",7,0.4,0.2857142857142857,0.7142857142857143,526.7018711566925
11,30,300,5,0.2,1.0,361.40791749345817,ges,2.0,10,stability,44.556057269035705,0.12328467394420659,0.02525056784133987,0.9997777777777778,0.825,"[2, 4, 8, 9, 13, 27, 28]",7,0.6,0.42857142857142855,0.5714285714285714,581.4997458457947
11,30,300,5,0.2,1.0,361.40791749345817,bootstrap_l1,2.0,10,stability,293.1491043704393,0.8111308307896868,0.03478177104747591,0.9993333333333334,0.700050505050505,"[2, 3, 8, 9, 13, 25, 27]",7,0.4,0.2857142857142857,0.7142857142857143,591.4892344474792
