seed,p,n,k_star,p_edge,noise_scale,mu_scale,q_source,K_multiplier,K,criterion,mu_star,mu_star_relative,log_loss_star,auc_star,stability_star,support,k_actual,S_recall,S_precision,C_inclusion,fit_seconds
7,30,300,5,0.6,1.0,323.0899011839391,oracle,2.0,10,stability,3.230899011839391,0.01,0.3441992251845985,0.947111111111111,0.7004761904761904,"[6, 21, 23]",3,0.4,0.6666666666666666,0.3333333333333333,576.7481617927551
7,30,300,5,0.6,1.0,323.0899011839391,uniform,2.0,10,stability,0.0,0.0,0.8806451993122577,0.8262222222222222,0.39,"[3, 15, 19, 21]",4,0.0,0.0,1.0,629.1724286079407
7,30,300,5,0.6,1.0,323.0899011839391,adversarial,2.0,10,stability,3.230899011839391,0.01,1.0483231213748994,0.8792222222222221,0.4939105339105339,"[0, 1, 3, 4, 15, 21, 22, 25]",8,0.0,0.0,1.0,605.567667722702
7,30,300,5,0.6,1.0,323.0899011839391,pc,2.0,10,stability,74.63795765219508,0.23101297000831594,0.45751591689155563,0.9477777777777778,0.7642857142857142,"[0, 1, 3, 4, 6, 19, 21, 25]",8,0.2,0.125,0.875,564.1624460220337
7,30,300,5,0.6,1.0,323.0899011839391,ges,2.0,10,stability,6.054114859887049,0.01873817422860384,0.5571424331725947,0.858,0.5333333333333333,"[3, 19]",2,0.0,0.0,1.0,631.0365138053894
7,30,300,5,0.6,1.0,323.0899011839391,bootstrap_l1,2.0,10,stability,39.83203312212786,0.1232846739442066,0.5646675584561207,0.9671111111111111,0.925,"[0, 1, 3, 4, 7, 15, 21, 25]",8,0.0,0.0,1.0,593.6095659732819
