seed,p,n,k_star,p_edge,noise_scale,mu_scale,q_source,K_multiplier,K,criterion,mu_star,mu_star_relative,log_loss_star,auc_star,stability_star,support,k_actual,S_recall,S_precision,C_inclusion,fit_seconds
8,30,300,5,0.2,0.5,244.61963441200552,oracle,2.0,10,stability,4.5837253293495355,0.01873817422860384,0.03048407918362156,0.9991111111111112,0.661060606060606,"[3, 5, 6, 8, 9, 16, 20, 25, 29]",9,0.8,0.4444444444444444,0.5555555555555556,539.1668012142181
8,30,300,5,0.2,0.5,244.61963441200552,uniform,2.0,10,stability,0.0,0.0,0.04348566630638815,0.9993333333333332,0.7211904761904762,"[3, 6, 8, 9, 16, 20, 23, 25]",8,0.6,0.375,0.625,554.1719269752502
8,30,300,5,0.2,0.5,244.61963441200552,adversarial,2.0,10,stability,0.0,0.0,0.050292471726215184,0.9975555555555555,0.5396950271950273,"[3, 6, 8, 9, 16, 20, 23, 25]",8,0.6,0.375,0.625,565.2089807987213
8,30,300,5,0.2,0.5,244.61963441200552,pc,2.0,10,stability,2.446196344120055,0.01,0.042830622533124654,0.9988888888888889,0.5915656565656566,"[3, 6, 8, 9, 16, 20, 23, 25]",8,0.6,0.375,0.625,565.4483110904694
8,30,300,5,0.2,0.5,244.61963441200552,ges,2.0,10,stability,2.446196344120055,0.01,0.029724076809303578,0.9997777777777778,0.7277777777777776,"[5, 6, 9, 16, 20, 23, 25]",7,0.8,0.5714285714285714,0.42857142857142855,620.4707663059235
8,30,300,5,0.2,0.5,244.61963441200552,bootstrap_l1,2.0,10,stability,8.58906438374161,0.03511191734215131,0.019340252985344225,0.9997777777777778,1.0,"[3, 6, 9, 16, 20, 23, 25]",7,0.6,0.42857142857142855,0.5714285714285714,603.6251220703125
