seed,p,n,k_star,p_edge,noise_scale,mu_scale,q_source,K_multiplier,K,criterion,mu_star,mu_star_relative,log_loss_star,auc_star,stability_star,support,k_actual,S_recall,S_precision,C_inclusion,fit_seconds
14,30,300,5,0.1,1.0,35.15981149513256,oracle,2.0,10,stability,1.2345283949827157,0.03511191734215131,0.19946664142735768,0.9844444444444445,0.5592948717948718,"[3, 4, 12, 16, 17, 22, 24]",7,1.0,0.7142857142857143,0.14285714285714285,547.9541058540344
14,30,300,5,0.1,1.0,35.15981149513256,uniform,2.0,10,stability,0.0,0.0,0.19734792514468455,0.9860000000000001,0.47750000000000004,"[0, 1, 2, 3, 4, 16, 17, 24]",8,0.8,0.5,0.5,565.1289966106415
14,30,300,5,0.1,1.0,35.15981149513256,adversarial,2.0,10,stability,0.658830673640662,0.01873817422860384,0.11140989946497075,0.9937777777777779,0.6706818181818182,"[0, 1, 2, 3, 4, 16, 17, 24]",8,0.8,0.5,0.5,629.108261346817
14,30,300,5,0.1,1.0,35.15981149513256,pc,2.0,10,stability,15.219843065030881,0.4328761281083057,0.1972919400791254,0.9868888888888889,0.6777777777777778,"[3, 4, 12, 16, 17, 24]",6,1.0,0.8333333333333334,0.16666666666666666,547.090499162674
14,30,300,5,0.1,1.0,35.15981149513256,ges,2.0,10,stability,2.313280815534479,0.0657933224657568,0.26849296741902323,0.9799999999999999,0.6795238095238095,"[3, 4, 12, 16, 17, 24]",6,1.0,0.8333333333333334,0.16666666666666666,565.615749835968
14,30,300,5,0.1,1.0,35.15981149513256,bootstrap_l1,2.0,10,stability,2.313280815534479,0.0657933224657568,0.16109492789087956,0.9904444444444446,0.6897902097902098,"[3, 4, 12, 16, 17, 22]",6,1.0,0.8333333333333334,0.0,590.1859941482544
