seed,p,n,k_star,p_edge,noise_scale,mu_scale,q_source,K_multiplier,K,criterion,mu_star,mu_star_relative,log_loss_star,auc_star,stability_star,support,k_actual,S_recall,S_precision,C_inclusion,fit_seconds
17,30,300,5,0.7,1.0,6124.441999942144,oracle,2.0,10,stability,61.244419999421446,0.01,0.09105789062494216,0.9935555555555556,0.6386868686868687,"[4, 6, 12, 16, 22, 26, 27, 29]",8,1.0,0.625,0.375,583.6394340991974
17,30,300,5,0.7,1.0,6124.441999942144,uniform,2.0,10,stability,0.0,0.0,0.05728755754877091,0.9984444444444444,0.47666666666666657,"[1, 12, 15, 16]",4,0.0,0.0,1.0,623.1546189785004
17,30,300,5,0.7,1.0,6124.441999942144,adversarial,2.0,10,stability,61.244419999421446,0.01,0.041954125567216616,0.9986666666666666,0.695,"[1, 12, 16, 29]",4,0.0,0.0,1.0,616.9703078269958
17,30,300,5,0.7,1.0,6124.441999942144,pc,2.0,10,stability,61.244419999421446,0.01,0.058884008562373705,0.9993333333333332,0.58,"[1, 12, 16, 29]",4,0.0,0.0,1.0,579.0662217140198
17,30,300,5,0.7,1.0,6124.441999942144,ges,2.0,10,stability,61.244419999421446,0.01,0.10180748859198566,0.9984444444444446,0.6571428571428571,"[4, 6, 12, 15, 16, 22, 26, 27]",8,1.0,0.625,0.375,682.1612961292267
17,30,300,5,0.7,1.0,6124.441999942144,bootstrap_l1,2.0,10,stability,1414.825536050305,0.23101297000831592,0.02080199582412612,0.9995555555555555,0.768452380952381,"[1, 12, 15, 16, 20, 27]",6,0.2,0.16666666666666666,0.8333333333333334,660.2639932632446
