seed,p,n,k_star,p_edge,noise_scale,mu_scale,q_source,K_multiplier,K,criterion,mu_star,mu_star_relative,log_loss_star,auc_star,stability_star,support,k_actual,S_recall,S_precision,C_inclusion,fit_seconds
7,30,300,5,0.7,1.0,54879.680213800566,oracle,2.0,10,stability,548.7968021380057,0.01,0.1428441395627444,0.9888888888888889,0.7714285714285715,"[4, 15, 21, 23, 25]",5,0.2,0.2,0.8,673.5525164604187
7,30,300,5,0.7,1.0,54879.680213800566,uniform,2.0,10,stability,0.0,0.0,4.708627695248093,0.40088888888888885,0.6788095238095238,"[3, 4, 15, 21, 25]",5,0.0,0.0,1.0,631.7188031673431
7,30,300,5,0.7,1.0,54879.680213800566,adversarial,2.0,10,stability,548.7968021380057,0.01,0.8644207886599051,0.8626666666666667,0.74,"[3, 4, 15, 21]",4,0.0,0.0,1.0,660.6289963722229
7,30,300,5,0.7,1.0,54879.680213800566,pc,2.0,10,stability,548.7968021380057,0.01,3.017602858443038,0.6046666666666666,0.85,"[4, 15, 25]",3,0.0,0.0,1.0,575.1560406684875
7,30,300,5,0.7,1.0,54879.680213800566,ges,2.0,10,stability,1028.345009456258,0.01873817422860384,0.3937851025664191,0.9853333333333334,1.0,"[3, 4, 21]",3,0.0,0.0,1.0,722.8827991485596
7,30,300,5,0.7,1.0,54879.680213800566,bootstrap_l1,2.0,10,stability,0.0,0.0,2.8541628030602966,0.34744444444444444,0.51,"[3, 4, 15, 21, 25]",5,0.0,0.0,1.0,621.1308763027191
