seed,p,n,k_star,p_edge,noise_scale,mu_scale,q_source,K_multiplier,K,criterion,mu_star,mu_star_relative,log_loss_star,auc_star,stability_star,support,k_actual,S_recall,S_precision,C_inclusion,fit_seconds
18,30,300,5,0.7,1.0,9690.369046668031,oracle,2.0,10,stability,96.90369046668032,0.01,0.2561144230303102,0.9777777777777776,0.6799999999999999,"[10, 17, 19, 24]",4,0.4,0.5,0.5,593.4156124591827
18,30,300,5,0.7,1.0,9690.369046668031,uniform,2.0,10,stability,0.0,0.0,0.10909926367924952,0.9953333333333333,0.40753968253968254,"[17, 19, 23, 24, 25]",5,0.2,0.2,0.8,668.2825145721436
18,30,300,5,0.7,1.0,9690.369046668031,adversarial,2.0,10,stability,0.0,0.0,0.07421125899927188,0.9960000000000001,0.675595238095238,"[17, 19, 23, 24, 25]",5,0.2,0.2,0.8,667.7114398479462
18,30,300,5,0.7,1.0,9690.369046668031,pc,2.0,10,stability,0.0,0.0,0.08239371152510991,0.9946666666666667,0.6603571428571429,"[17, 19, 23, 24, 25]",5,0.2,0.2,0.8,570.4386267662048
18,30,300,5,0.7,1.0,9690.369046668031,ges,2.0,10,stability,96.90369046668032,0.01,0.05462464154244513,0.9986666666666666,0.4616666666666666,"[4, 11, 17, 18]",4,0.4,0.5,0.5,701.4523921012878
18,30,300,5,0.7,1.0,9690.369046668031,bootstrap_l1,2.0,10,stability,2238.600933947435,0.23101297000831594,0.07687595676401955,0.9993333333333332,0.7071428571428572,"[5, 10, 17, 18, 19, 24, 25]",7,0.4,0.2857142857142857,0.7142857142857143,643.5495674610138
