seed,p,n,k_star,p_edge,noise_scale,mu_scale,q_source,K_multiplier,K,criterion,mu_star,mu_star_relative,log_loss_star,auc_star,stability_star,support,k_actual,S_recall,S_precision,C_inclusion,fit_seconds
7,30,300,5,0.4,1.0,2448.2944397798565,oracle,2.0,10,stability,0.0,0.0,0.06362524586473225,0.9968888888888889,0.505952380952381,"[7, 18, 19, 22]",4,0.2,0.25,0.75,554.6372077465057
7,30,300,5,0.4,1.0,2448.2944397798565,uniform,2.0,10,stability,0.0,0.0,0.2962174576418506,0.9784444444444447,0.22916666666666666,"[7, 18, 19, 22]",4,0.2,0.25,0.75,616.6952455043793
7,30,300,5,0.4,1.0,2448.2944397798565,adversarial,2.0,10,stability,24.482944397798565,0.01,0.0552949835638634,0.9982222222222223,0.5002380952380953,"[7, 15, 20, 22, 27]",5,0.0,0.0,1.0,613.3733167648315
7,30,300,5,0.4,1.0,2448.2944397798565,pc,2.0,10,stability,161.08142556755547,0.0657933224657568,0.06350153363864386,0.9988888888888889,0.8099999999999999,"[6, 19, 22]",3,0.2,0.3333333333333333,0.6666666666666666,538.2175042629242
7,30,300,5,0.4,1.0,2448.2944397798565,ges,2.0,10,stability,161.08142556755547,0.0657933224657568,0.1182675774678906,0.9984444444444444,0.586111111111111,"[6, 17, 18, 19, 20, 23]",6,0.8,0.6666666666666666,0.3333333333333333,620.2535629272461
7,30,300,5,0.4,1.0,2448.2944397798565,bootstrap_l1,2.0,10,stability,24.482944397798565,0.01,0.23366572701242547,0.9848888888888888,0.5266666666666666,"[19, 22]",2,0.0,0.0,1.0,617.6235840320587
