seed,p,n,k_star,p_edge,noise_scale,mu_scale,q_source,K_multiplier,K,criterion,mu_star,mu_star_relative,log_loss_star,auc_star,stability_star,support,k_actual,S_recall,S_precision,C_inclusion,fit_seconds
0,30,300,5,0.1,1.0,83.80067662777299,oracle,2.0,10,stability,0.8380067662777299,0.01,0.06399729968111204,0.9977777777777778,0.6646969696969698,"[2, 7, 9, 10, 16, 17, 20, 21, 27]",9,0.8,0.4444444444444444,0.4444444444444444,526.7601959705353
0,30,300,5,0.1,1.0,83.80067662777299,uniform,2.0,10,stability,0.0,0.0,0.13291349790715928,0.9928888888888888,0.6475757575757575,"[2, 7, 10, 17, 20, 21, 27]",7,0.8,0.5714285714285714,0.2857142857142857,541.0092036724091
0,30,300,5,0.1,1.0,83.80067662777299,adversarial,2.0,10,stability,0.0,0.0,0.14171513784027592,0.9904444444444443,0.5853379953379954,"[2, 7, 10, 17, 20, 21, 27]",7,0.8,0.5714285714285714,0.2857142857142857,554.4234368801117
0,30,300,5,0.1,1.0,83.80067662777299,pc,2.0,10,stability,19.3590431964883,0.23101297000831592,0.1757116660718493,0.9899999999999999,0.6066233766233766,"[2, 7, 9, 10, 16, 17, 20, 21, 27]",9,0.8,0.4444444444444444,0.4444444444444444,572.6460354328156
0,30,300,5,0.1,1.0,83.80067662777299,ges,2.0,10,stability,0.8380067662777299,0.01,0.08968805134824956,0.9964444444444445,0.7650505050505052,"[2, 7, 9, 10, 16, 17, 20, 21, 27]",9,0.8,0.4444444444444444,0.4444444444444444,578.7652897834778
0,30,300,5,0.1,1.0,83.80067662777299,bootstrap_l1,2.0,10,stability,36.27531243148656,0.4328761281083057,0.0716846713516868,0.9964444444444445,0.8600000000000001,"[2, 7, 10, 16, 17, 20, 21, 22, 25, 27]",10,1.0,0.5,0.4,556.9802095890045
