seed,p,n,k_star,p_edge,noise_scale,mu_scale,q_source,K_multiplier,K,criterion,mu_star,mu_star_relative,log_loss_star,auc_star,stability_star,support,k_actual,S_recall,S_precision,C_inclusion,fit_seconds
16,30,300,5,0.6,1.0,28257.42860375203,oracle,2.0,10,stability,282.57428603752027,0.009999999999999998,0.04789959500171287,0.9975555555555555,0.6561904761904762,"[0, 4, 9, 18, 24]",5,0.8,0.8,0.2,613.3848919868469
16,30,300,5,0.6,1.0,28257.42860375203,uniform,2.0,10,stability,0.0,0.0,0.05016039502841698,0.998,0.48857142857142855,"[0, 9, 15, 16, 21, 29]",6,0.2,0.16666666666666666,0.8333333333333334,659.2365744113922
16,30,300,5,0.6,1.0,28257.42860375203,adversarial,2.0,10,stability,0.0,0.0,0.025884923336150646,0.9997777777777778,0.6267857142857143,"[0, 9, 15, 16, 21, 29]",6,0.2,0.16666666666666666,0.8333333333333334,653.456475019455
16,30,300,5,0.6,1.0,28257.42860375203,pc,2.0,10,stability,282.57428603752027,0.009999999999999998,0.026796104116067716,0.9995555555555555,0.6799999999999999,"[0, 9, 21, 29]",4,0.2,0.25,0.75,647.8766117095947
16,30,300,5,0.6,1.0,28257.42860375203,ges,2.0,10,stability,282.57428603752027,0.009999999999999998,0.03654722324111513,0.9995555555555555,0.76,"[0, 9, 18, 24, 25, 28]",6,0.6,0.5,0.5,653.3574161529541
16,30,300,5,0.6,1.0,28257.42860375203,bootstrap_l1,2.0,10,stability,282.57428603752027,0.009999999999999998,0.04136546312917189,0.9977777777777778,0.610952380952381,"[0, 9, 15, 21, 25]",5,0.2,0.2,0.8,637.3446023464203
