seed,p,n,k_star,p_edge,noise_scale,mu_scale,q_source,K_multiplier,K,criterion,mu_star,mu_star_relative,log_loss_star,auc_star,stability_star,support,k_actual,S_recall,S_precision,C_inclusion,fit_seconds
15,30,300,5,0.6,1.0,2469.817860905467,oracle,2.0,10,stability,24.698178609054672,0.01,0.1322234299487964,0.9875555555555555,0.41948412698412696,"[0, 2, 8, 10, 12, 28]",6,0.6,0.5,0.5,636.5418961048126
15,30,300,5,0.6,1.0,2469.817860905467,uniform,2.0,10,stability,0.0,0.0,0.3075587773359236,0.9302222222222223,0.21857142857142858,"[6, 20, 21, 28]",4,0.4,0.5,0.5,709.0072085857391
15,30,300,5,0.6,1.0,2469.817860905467,adversarial,2.0,10,stability,24.698178609054672,0.01,0.20222070356018046,0.9682222222222222,0.27730158730158727,"[2, 12, 21, 23, 24]",5,0.0,0.0,1.0,684.0635237693787
15,30,300,5,0.6,1.0,2469.817860905467,pc,2.0,10,stability,0.0,0.0,0.16608160674927747,0.978,0.24841269841269842,"[6, 20, 21, 28]",4,0.4,0.5,0.5,709.72767329216
15,30,300,5,0.6,1.0,2469.817860905467,ges,2.0,10,stability,46.27987739056429,0.01873817422860384,0.0404510908906527,1.0,0.7440476190476191,"[0, 3, 5, 7, 12, 13, 17, 21, 28]",9,0.6,0.3333333333333333,0.6666666666666666,656.3805770874023
15,30,300,5,0.6,1.0,2469.817860905467,bootstrap_l1,2.0,10,stability,24.698178609054672,0.01,0.32760916459015477,0.9388888888888889,0.5366666666666666,"[0, 12, 28]",3,0.4,0.6666666666666666,0.3333333333333333,675.157464504242
