seed,p,n,k_star,p_edge,noise_scale,mu_scale,q_source,K_multiplier,K,criterion,mu_star,mu_star_relative,log_loss_star,auc_star,stability_star,support,k_actual,S_recall,S_precision,C_inclusion,fit_seconds
16,30,300,5,0.7,1.0,5932.716119741617,oracle,2.0,10,stability,59.327161197416174,0.01,0.16111737988890956,0.9920000000000002,0.6217857142857143,"[4, 9, 24, 25]",4,0.6,0.75,0.25,619.7843127250671
16,30,300,5,0.7,1.0,5932.716119741617,uniform,2.0,10,stability,0.0,0.0,0.6148128901079696,0.7408888888888889,0.3519047619047619,"[4, 9, 21, 25, 26]",5,0.6,0.6,0.4,644.9714593887329
16,30,300,5,0.7,1.0,5932.716119741617,adversarial,2.0,10,stability,0.0,0.0,0.42240758919639854,0.9153333333333332,0.3895238095238095,"[4, 9, 21, 25, 26]",5,0.6,0.6,0.4,645.479658126831
16,30,300,5,0.7,1.0,5932.716119741617,pc,2.0,10,stability,0.0,0.0,0.48254355294797974,0.8699999999999999,0.42000000000000004,"[4, 9, 21, 25, 26]",5,0.6,0.6,0.4,663.4328057765961
16,30,300,5,0.7,1.0,5932.716119741617,ges,2.0,10,stability,0.0,0.0,0.5273607155169152,0.8915555555555557,0.5238095238095238,"[4, 9, 21, 25, 26]",5,0.6,0.6,0.4,654.1369833946228
16,30,300,5,0.7,1.0,5932.716119741617,bootstrap_l1,2.0,10,stability,59.327161197416174,0.01,1.6650395011863997,0.25666666666666665,0.4083333333333334,"[9, 14]",2,0.2,0.5,0.5,654.9933519363403
