seed,p,n,k_star,p_edge,noise_scale,mu_scale,q_source,K_multiplier,K,criterion,mu_star,mu_star_relative,log_loss_star,auc_star,stability_star,support,k_actual,S_recall,S_precision,C_inclusion,fit_seconds
3,30,300,5,0.5,1.0,2197.356621869396,oracle,2.0,10,stability,21.97356621869396,0.01,0.1092519041963635,0.9917777777777778,0.4675000000000001,"[1, 3, 19, 20, 24]",5,0.4,0.4,0.6,572.6483292579651
3,30,300,5,0.5,1.0,2197.356621869396,uniform,2.0,10,stability,0.0,0.0,0.15340356669095717,0.9888888888888889,0.38630952380952377,"[3, 19, 20, 24]",4,0.2,0.25,0.75,632.6115047931671
3,30,300,5,0.5,1.0,2197.356621869396,adversarial,2.0,10,stability,21.97356621869396,0.01,0.07068865032103619,0.9982222222222221,0.5967063492063491,"[6, 11, 19, 20, 21, 24]",6,0.0,0.0,1.0,604.4478578567505
3,30,300,5,0.5,1.0,2197.356621869396,pc,2.0,10,stability,41.17445122296511,0.01873817422860384,0.14179870782942075,0.9904444444444443,0.5038095238095238,"[3, 20, 21, 23, 24]",5,0.2,0.2,0.8,571.1088836193085
3,30,300,5,0.5,1.0,2197.356621869396,ges,2.0,10,stability,21.97356621869396,0.01,0.08396683546445227,0.9973333333333333,0.5249999999999999,"[1, 3, 28]",3,0.4,0.6666666666666666,0.3333333333333333,653.363897562027
3,30,300,5,0.5,1.0,2197.356621869396,bootstrap_l1,2.0,10,stability,21.97356621869396,0.01,0.4505619816028849,0.8906666666666666,0.62,"[19, 20, 24]",3,0.0,0.0,1.0,572.8298966884613
