seed,p,n,k_star,p_edge,noise_scale,mu_scale,q_source,K_multiplier,K,criterion,mu_star,mu_star_relative,log_loss_star,auc_star,stability_star,support,k_actual,S_recall,S_precision,C_inclusion,fit_seconds
4,30,300,5,0.3,1.0,685.8291610924193,oracle,2.0,10,stability,6.858291610924193,0.01,0.027076469176572766,0.9995555555555555,0.5152777777777777,"[1, 6, 7, 20, 26, 27, 29]",7,0.8,0.5714285714285714,0.42857142857142855,622.9261286258698
4,30,300,5,0.3,1.0,685.8291610924193,uniform,2.0,10,stability,0.0,0.0,0.09640116704610198,0.9944444444444445,0.41930014430014434,"[1, 10, 19, 20, 26]",5,0.2,0.2,0.8,614.6715340614319
4,30,300,5,0.3,1.0,685.8291610924193,adversarial,2.0,10,stability,6.858291610924193,0.01,0.2749815837665535,0.9755555555555556,0.46944444444444444,"[1, 10, 19, 26]",4,0.0,0.0,1.0,595.3837056159973
4,30,300,5,0.3,1.0,685.8291610924193,pc,2.0,10,stability,6.858291610924193,0.01,0.02328029858147856,0.9995555555555555,0.7566666666666666,"[1, 20, 26, 29]",4,0.4,0.5,0.5,599.4666166305542
4,30,300,5,0.3,1.0,685.8291610924193,ges,2.0,10,stability,45.12297915217301,0.0657933224657568,0.022817538495010063,0.9997777777777778,0.65,"[20, 26, 29]",3,0.4,0.6666666666666666,0.3333333333333333,577.5352833271027
4,30,300,5,0.3,1.0,685.8291610924193,bootstrap_l1,2.0,10,stability,6.858291610924193,0.01,0.025893982977763214,1.0,0.795,"[1, 20, 23, 26, 29]",5,0.4,0.4,0.6,599.1103761196136
