seed,p,n,k_star,p_edge,noise_scale,mu_scale,q_source,K_multiplier,K,criterion,mu_star,mu_star_relative,log_loss_star,auc_star,stability_star,support,k_actual,S_recall,S_precision,C_inclusion,fit_seconds
14,30,300,5,0.2,1.0,370.2134502222028,oracle,2.0,10,stability,0.0,0.0,0.09264962374021649,0.9955555555555555,0.43159548784548785,"[2, 3, 4, 12, 13, 17, 18, 22, 25, 26]",10,0.8,0.4,0.5,546.6405639648438
14,30,300,5,0.2,1.0,370.2134502222028,uniform,2.0,10,stability,0.0,0.0,0.08452977979516683,0.9964444444444445,0.45938311688311695,"[2, 3, 4, 12, 13, 17, 18, 22, 25, 26]",10,0.8,0.4,0.5,593.087174654007
14,30,300,5,0.2,1.0,370.2134502222028,adversarial,2.0,10,stability,3.7021345022220284,0.01,0.14822075511434873,0.9915555555555555,0.5305749805749806,"[2, 7, 10, 13, 21, 22, 24, 25, 26, 28]",10,0.0,0.0,0.9,556.023930311203
14,30,300,5,0.2,1.0,370.2134502222028,pc,2.0,10,stability,300.29154344825173,0.8111308307896868,0.09852810578806874,0.9951111111111111,0.5825174825174826,"[2, 3, 4, 12, 13, 17, 18, 22, 25, 26]",10,0.8,0.4,0.5,541.2300894260406
14,30,300,5,0.2,1.0,370.2134502222028,ges,2.0,10,stability,85.5241086728569,0.23101297000831592,0.05363146699152792,0.9973333333333333,0.5681818181818181,"[3, 4, 6, 12, 17, 26, 27, 29]",8,0.8,0.5,0.5,629.4966237545013
14,30,300,5,0.2,1.0,370.2134502222028,bootstrap_l1,2.0,10,stability,85.5241086728569,0.23101297000831592,0.054686292319585474,0.9982222222222223,0.7695454545454545,"[2, 3, 4, 12, 13, 18, 22, 23, 25, 26]",10,0.6,0.3,0.6,610.40225481987
