seed,p,n,k_star,p_edge,noise_scale,mu_scale,q_source,K_multiplier,K,criterion,mu_star,mu_star_relative,log_loss_star,auc_star,stability_star,support,k_actual,S_recall,S_precision,C_inclusion,fit_seconds
10,30,300,5,0.3,1.0,413.2558264473598,oracle,2.0,10,stability,4.132558264473598,0.01,0.035792563106646705,0.9997777777777778,0.3758413808413808,"[3, 9, 12, 15, 16, 24]",6,0.4,0.3333333333333333,0.6666666666666666,596.8146317005157
10,30,300,5,0.3,1.0,413.2558264473598,uniform,2.0,10,stability,0.0,0.0,0.12112956925757087,0.9951111111111111,0.2719164169164169,"[0, 3, 9, 12, 24]",5,0.4,0.4,0.6,587.1719038486481
10,30,300,5,0.3,1.0,413.2558264473598,adversarial,2.0,10,stability,4.132558264473598,0.01,0.19547678329901752,0.9866666666666667,0.3813888888888889,"[0, 1, 2, 6, 9, 11, 21, 24]",8,0.0,0.0,1.0,554.1333394050598
10,30,300,5,0.3,1.0,413.2558264473598,pc,2.0,10,stability,50.94810981910638,0.12328467394420659,0.037245834056989904,0.9995555555555555,0.4931263181263181,"[0, 3, 9, 12, 16, 24]",6,0.4,0.3333333333333333,0.6666666666666666,563.1980102062225
10,30,300,5,0.3,1.0,413.2558264473598,ges,2.0,10,stability,50.94810981910638,0.12328467394420659,0.03310764761433795,0.9986666666666666,0.611904761904762,"[3, 9, 12, 24, 28, 29]",6,0.6,0.5,0.5,652.3711864948273
10,30,300,5,0.3,1.0,413.2558264473598,bootstrap_l1,2.0,10,stability,50.94810981910638,0.12328467394420659,0.08187957061581685,0.9986666666666666,0.8043434343434344,"[0, 3, 4, 7, 9, 11, 14, 17, 25]",9,0.4,0.2222222222222222,0.7777777777777778,615.0021150112152
