seed,p,n,k_star,p_edge,noise_scale,mu_scale,q_source,K_multiplier,K,criterion,mu_star,mu_star_relative,log_loss_star,auc_star,stability_star,support,k_actual,S_recall,S_precision,C_inclusion,fit_seconds
10,30,300,5,0.5,1.0,1955.6910164608366,oracle,2.0,10,stability,19.556910164608368,0.01,0.13105626962261757,0.9951111111111111,0.5097619047619047,"[8, 10, 15, 16]",4,0.2,0.25,0.75,601.9250342845917
10,30,300,5,0.5,1.0,1955.6910164608366,uniform,2.0,10,stability,0.0,0.0,0.16207957889651023,0.9951111111111111,0.39595238095238094,"[8, 10, 15, 16]",4,0.2,0.25,0.75,618.2644772529602
10,30,300,5,0.5,1.0,1955.6910164608366,adversarial,2.0,10,stability,19.556910164608368,0.01,0.18600650613291933,0.9884444444444445,0.39206349206349206,"[4, 15, 16, 17, 24, 27]",6,0.0,0.0,1.0,606.1535904407501
10,30,300,5,0.5,1.0,1955.6910164608366,pc,2.0,10,stability,451.7899901312001,0.23101297000831592,0.04512777779481968,0.9988888888888889,0.6207142857142858,"[3, 6, 8, 10, 15, 16, 29]",7,0.4,0.2857142857142857,0.7142857142857143,575.4603991508484
10,30,300,5,0.5,1.0,1955.6910164608366,ges,2.0,10,stability,36.6460790037585,0.01873817422860384,0.016763801174556354,1.0,0.7666666666666667,"[0, 3, 8, 10, 12, 14, 28]",7,1.0,0.7142857142857143,0.2857142857142857,550.1146726608276
10,30,300,5,0.5,1.0,1955.6910164608366,bootstrap_l1,2.0,10,stability,19.556910164608368,0.01,0.13807794120714634,0.9935555555555554,0.7428571428571429,"[4, 12, 15, 16, 17, 22, 26]",7,0.2,0.14285714285714285,0.8571428571428571,628.7168779373169
