seed,p,n,k_star,p_edge,noise_scale,mu_scale,q_source,K_multiplier,K,criterion,mu_star,mu_star_relative,log_loss_star,auc_star,stability_star,support,k_actual,S_recall,S_precision,C_inclusion,fit_seconds
0,30,300,5,0.6,1.0,16265.968515502795,oracle,2.0,10,stability,0.0,0.0,0.04747855249427363,0.9997777777777778,0.4680952380952381,"[0, 3, 18, 19, 25]",5,0.0,0.0,1.0,639.2334685325623
0,30,300,5,0.6,1.0,16265.968515502795,uniform,2.0,10,stability,0.0,0.0,0.050526705560098195,0.9988888888888889,0.49071428571428577,"[0, 3, 18, 19, 25]",5,0.0,0.0,1.0,662.862738609314
0,30,300,5,0.6,1.0,16265.968515502795,adversarial,2.0,10,stability,162.65968515502794,0.01,0.03863467373714896,0.9997777777777778,0.5488095238095239,"[3, 6, 12, 15, 19, 25]",6,0.0,0.0,1.0,606.2295958995819
0,30,300,5,0.6,1.0,16265.968515502795,pc,2.0,10,stability,0.0,0.0,0.05117546248135361,0.9997777777777778,0.5617857142857143,"[0, 3, 18, 19, 25]",5,0.0,0.0,1.0,636.190762758255
0,30,300,5,0.6,1.0,16265.968515502795,ges,2.0,10,stability,0.0,0.0,0.03582226492108692,0.9995555555555555,0.5651190476190476,"[0, 3, 18, 19, 25]",5,0.0,0.0,1.0,684.627031326294
0,30,300,5,0.6,1.0,16265.968515502795,bootstrap_l1,2.0,10,stability,162.65968515502794,0.01,0.03186495728662227,1.0,0.5285714285714286,"[3, 12, 15, 19, 25]",5,0.0,0.0,1.0,700.0219419002533
