seed,p,n,k_star,p_edge,noise_scale,mu_scale,q_source,K_multiplier,K,criterion,mu_star,mu_star_relative,log_loss_star,auc_star,stability_star,support,k_actual,S_recall,S_precision,C_inclusion,fit_seconds
13,30,300,5,0.7,1.0,2498.7388845484866,oracle,2.0,10,stability,87.73551317388582,0.03511191734215131,0.2962087108502077,0.984,0.38357142857142856,"[6, 10, 14]",3,0.4,0.6666666666666666,0.3333333333333333,630.75257563591
13,30,300,5,0.7,1.0,2498.7388845484866,uniform,2.0,10,stability,0.0,0.0,0.0893623324671694,0.9933333333333334,0.21821428571428575,"[3, 18]",2,0.0,0.0,1.0,619.6312000751495
13,30,300,5,0.7,1.0,2498.7388845484866,adversarial,2.0,10,stability,0.0,0.0,0.1091335976862681,0.9973333333333333,0.3457142857142857,"[3, 18]",2,0.0,0.0,1.0,652.9729034900665
13,30,300,5,0.7,1.0,2498.7388845484866,pc,2.0,10,stability,24.987388845484865,0.01,0.4176101302367775,0.9602222222222222,0.21182539682539683,"[2, 3, 9, 10, 13, 18]",6,0.2,0.16666666666666666,0.8333333333333334,631.8209364414215
13,30,300,5,0.7,1.0,2498.7388845484866,ges,2.0,10,stability,24.987388845484865,0.01,0.542787322257252,0.9546666666666667,0.5366666666666667,"[2, 12, 18]",3,0.0,0.0,1.0,589.8643269538879
13,30,300,5,0.7,1.0,2498.7388845484866,bootstrap_l1,2.0,10,stability,24.987388845484865,0.01,0.03595899273739422,0.9993333333333332,0.825,"[2, 3, 13, 16, 18, 21, 28]",7,0.0,0.0,1.0,609.2372169494629
