seed,p,n,k_star,p_edge,noise_scale,mu_scale,q_source,K_multiplier,K,criterion,mu_star,mu_star_relative,log_loss_star,auc_star,stability_star,support,k_actual,S_recall,S_precision,C_inclusion,fit_seconds
8,30,300,5,0.6,1.0,3096.153669553574,oracle,2.0,10,stability,30.96153669553574,0.01,0.19781270007029494,0.979111111111111,0.6699999999999999,"[3, 5, 20, 28]",4,0.4,0.5,0.5,615.2498619556427
8,30,300,5,0.6,1.0,3096.153669553574,uniform,2.0,10,stability,0.0,0.0,0.0937116272989263,0.9955555555555555,0.3786904761904762,"[3, 5, 8, 19]",4,0.2,0.25,0.75,672.5228247642517
8,30,300,5,0.6,1.0,3096.153669553574,adversarial,2.0,10,stability,30.96153669553574,0.01,0.04470225498587337,0.9984444444444444,0.6023809523809522,"[3, 17, 19, 23, 28]",5,0.0,0.0,1.0,649.263635635376
8,30,300,5,0.6,1.0,3096.153669553574,pc,2.0,10,stability,58.01626689862599,0.01873817422860384,0.09602194690658558,0.9966666666666667,0.4585714285714285,"[3, 8, 19]",3,0.0,0.0,1.0,653.5839064121246
8,30,300,5,0.6,1.0,3096.153669553574,ges,2.0,10,stability,58.01626689862599,0.01873817422860384,0.161029917442208,0.9891111111111112,0.6849999999999999,"[9, 19, 20]",3,0.2,0.3333333333333333,0.6666666666666666,694.181548833847
8,30,300,5,0.6,1.0,3096.153669553574,bootstrap_l1,2.0,10,stability,30.96153669553574,0.01,0.1860707834521404,0.9833333333333334,0.85,"[3, 5, 9, 19]",4,0.2,0.25,0.75,443.87880396842957
