seed,p,n,k_star,p_edge,noise_scale,mu_scale,q_source,K_multiplier,K,criterion,mu_star,mu_star_relative,log_loss_star,auc_star,stability_star,support,k_actual,S_recall,S_precision,C_inclusion,fit_seconds
6,30,300,5,0.2,1.0,440.4747357194434,oracle,2.0,10,stability,0.0,0.0,0.15937676459438585,0.9911111111111112,0.5665656565656565,"[3, 10, 13, 14, 19, 21, 22, 23, 25]",9,0.6,0.3333333333333333,0.6666666666666666,610.4497029781342
6,30,300,5,0.2,1.0,440.4747357194434,uniform,2.0,10,stability,0.0,0.0,0.17211034368244923,0.9879999999999999,0.3395165945165945,"[3, 10, 13, 14, 19, 21, 22, 23, 25]",9,0.6,0.3333333333333333,0.6666666666666666,613.1519184112549
6,30,300,5,0.2,1.0,440.4747357194434,adversarial,2.0,10,stability,0.0,0.0,0.15175285771616343,0.9904444444444446,0.41366133866133864,"[3, 10, 13, 14, 19, 21, 22, 23, 25]",9,0.6,0.3333333333333333,0.6666666666666666,600.0386831760406
6,30,300,5,0.2,1.0,440.4747357194434,pc,2.0,10,stability,15.465912511887039,0.03511191734215131,0.13147814912186928,0.9935555555555556,0.5118220668220668,"[1, 13, 19, 21, 23, 29]",6,0.8,0.6666666666666666,0.3333333333333333,652.9174287319183
6,30,300,5,0.2,1.0,440.4747357194434,ges,2.0,10,stability,54.30378417383215,0.1232846739442066,0.2912675643167262,0.9774444444444444,0.6627777777777777,"[1, 7, 9, 15, 21, 23, 29]",7,0.8,0.5714285714285714,0.42857142857142855,651.9531781673431
6,30,300,5,0.2,1.0,440.4747357194434,bootstrap_l1,2.0,10,stability,28.980296325208343,0.0657933224657568,0.11757661456458149,0.994,0.6724242424242425,"[3, 9, 10, 11, 19, 21, 23, 25, 29]",9,0.8,0.4444444444444444,0.5555555555555556,677.8908290863037
