seed,p,n,k_star,p_edge,noise_scale,mu_scale,q_source,K_multiplier,K,criterion,mu_star,mu_star_relative,log_loss_star,auc_star,stability_star,support,k_actual,S_recall,S_precision,C_inclusion,fit_seconds
2,30,300,5,0.2,2.0,306.10064551424443,oracle,2.0,10,stability,3.0610064551424445,0.01,0.06958179844797079,0.9977777777777778,0.6031468531468531,"[0, 2, 8, 10, 12, 14, 15, 19, 23, 29]",10,1.0,0.5,0.5,514.2193076610565
2,30,300,5,0.2,2.0,306.10064551424443,uniform,2.0,10,stability,0.0,0.0,0.10322251465486468,0.9960000000000001,0.4587162837162837,"[0, 2, 10, 14, 19, 23, 26, 28]",8,0.6,0.375,0.625,552.2342700958252
2,30,300,5,0.2,2.0,306.10064551424443,adversarial,2.0,10,stability,3.0610064551424445,0.01,0.2216838150580014,0.9835555555555556,0.5095571095571095,"[4, 7, 9, 12, 15, 16, 17, 19, 22, 27]",10,0.0,0.0,1.0,515.9550659656525
2,30,300,5,0.2,2.0,306.10064551424443,pc,2.0,10,stability,5.735767227134015,0.01873817422860384,0.10094148222793717,0.9951111111111113,0.5865884115884116,"[0, 2, 10, 12, 14, 19, 23, 29]",8,0.8,0.5,0.5,565.5888800621033
2,30,300,5,0.2,2.0,306.10064551424443,ges,2.0,10,stability,3.0610064551424445,0.01,0.17668301282438487,0.9904444444444443,0.6531740481740481,"[2, 8, 10, 11, 14, 19, 23, 29]",8,1.0,0.625,0.375,565.5025589466095
2,30,300,5,0.2,2.0,306.10064551424443,bootstrap_l1,2.0,10,stability,20.139378477294997,0.0657933224657568,0.053136905925603786,0.9984444444444446,0.9272727272727274,"[0, 2, 10, 12, 14, 15, 17, 19, 25, 29]",10,0.8,0.4,0.6,559.2623515129089
