seed,p,n,k_star,p_edge,noise_scale,mu_scale,q_source,K_multiplier,K,criterion,mu_star,mu_star_relative,log_loss_star,auc_star,stability_star,support,k_actual,S_recall,S_precision,C_inclusion,fit_seconds
2,30,300,5,0.2,1.0,153.05032275712222,oracle,2.0,10,stability,2.8678836135670074,0.01873817422860384,0.08444556740860894,0.9971111111111112,0.6303613053613054,"[0, 2, 8, 10, 12, 14, 15, 19, 23, 29]",10,1.0,0.5,0.5,510.3270888328552
2,30,300,5,0.2,1.0,153.05032275712222,uniform,2.0,10,stability,0.0,0.0,0.09051159705786863,0.9973333333333333,0.45263736263736265,"[0, 2, 10, 14, 19, 23, 26, 28]",8,0.6,0.375,0.625,537.9222228527069
2,30,300,5,0.2,1.0,153.05032275712222,adversarial,2.0,10,stability,2.8678836135670074,0.01873817422860384,0.23186058248964764,0.9806666666666667,0.5055006105006105,"[4, 7, 9, 12, 15, 16, 17, 19, 22, 27]",10,0.0,0.0,1.0,510.87698101997375
2,30,300,5,0.2,1.0,153.05032275712222,pc,2.0,10,stability,35.356609620854144,0.23101297000831592,0.1004179200291776,0.9946666666666667,0.6212975912975913,"[0, 2, 8, 10, 12, 14, 19, 25, 28, 29]",10,1.0,0.5,0.5,560.3258242607117
2,30,300,5,0.2,1.0,153.05032275712222,ges,2.0,10,stability,2.8678836135670074,0.01873817422860384,0.16843993280105857,0.9891111111111112,0.6384265734265735,"[0, 2, 8, 10, 14, 19, 23, 25, 28, 29]",10,1.0,0.5,0.5,558.1289608478546
2,30,300,5,0.2,1.0,153.05032275712222,bootstrap_l1,2.0,10,stability,35.356609620854144,0.23101297000831592,0.05463031667767658,0.9988888888888889,0.9272727272727274,"[0, 2, 10, 12, 14, 15, 17, 19, 25, 29]",10,0.8,0.4,0.6,554.1579444408417
