seed,p,n,k_star,p_edge,noise_scale,mu_scale,q_source,K_multiplier,K,criterion,mu_star,mu_star_relative,log_loss_star,auc_star,stability_star,support,k_actual,S_recall,S_precision,C_inclusion,fit_seconds
4,30,300,5,0.1,1.0,87.26178563464222,oracle,2.0,10,stability,0.0,0.0,0.12145164008815594,0.9946666666666667,0.5636863136863137,"[5, 6, 7, 8, 12, 20, 23, 26, 27, 29]",10,1.0,0.5,0.3,501.342081785202
4,30,300,5,0.1,1.0,87.26178563464222,uniform,2.0,10,stability,0.0,0.0,0.14095797201395296,0.9935555555555556,0.42527472527472526,"[5, 6, 7, 8, 12, 20, 23, 26, 27, 29]",10,1.0,0.5,0.3,504.48659896850586
4,30,300,5,0.1,1.0,87.26178563464222,adversarial,2.0,10,stability,0.8726178563464222,0.01,0.12511399244598265,0.9975555555555555,0.6025452325452326,"[0, 1, 2, 3, 7, 8, 13, 15, 20, 29]",10,0.8,0.4,0.6,535.9987945556641
4,30,300,5,0.1,1.0,87.26178563464222,pc,2.0,10,stability,37.7735438973409,0.4328761281083057,0.0980112804925907,0.9951111111111113,0.6221134421134422,"[5, 6, 7, 8, 12, 13, 20, 26, 27, 29]",10,1.0,0.5,0.4,491.9181561470032
4,30,300,5,0.1,1.0,87.26178563464222,ges,2.0,10,stability,132.63015510435577,1.5199110829529332,0.08060026610520805,0.9964444444444445,0.6711111111111111,"[5, 7, 8, 20, 26, 27, 29]",7,1.0,0.7142857142857143,0.2857142857142857,545.5618364810944
4,30,300,5,0.1,1.0,87.26178563464222,bootstrap_l1,2.0,10,stability,70.78072467801891,0.811130830789687,0.1160751912633998,0.9946666666666667,0.6718181818181819,"[5, 6, 7, 8, 13, 20, 26, 27, 29]",9,1.0,0.5555555555555556,0.3333333333333333,521.1175804138184
