seed,p,n,k_star,p_edge,noise_scale,mu_scale,q_source,K_multiplier,K,criterion,mu_star,mu_star_relative,log_loss_star,auc_star,stability_star,support,k_actual,S_recall,S_precision,C_inclusion,fit_seconds
2,30,300,5,0.5,1.0,5099.770731265026,oracle,2.0,10,stability,50.99770731265026,0.01,0.07754928321864982,0.9962222222222223,0.6095238095238095,"[2, 8, 10]",3,0.6,1.0,0.0,615.8198871612549
2,30,300,5,0.5,1.0,5099.770731265026,uniform,2.0,10,stability,0.0,0.0,0.033460518003678455,0.9997777777777778,0.27103174603174607,"[8, 12, 16, 17, 18, 27]",6,0.2,0.16666666666666666,0.8333333333333334,652.1235582828522
2,30,300,5,0.5,1.0,5099.770731265026,adversarial,2.0,10,stability,50.99770731265026,0.01,0.07176905032243723,0.9977777777777778,0.3163095238095238,"[4, 13, 17, 18, 27]",5,0.0,0.0,1.0,609.9891986846924
2,30,300,5,0.5,1.0,5099.770731265026,pc,2.0,10,stability,50.99770731265026,0.01,0.03789444646763904,0.9995555555555555,0.3712301587301587,"[3, 10, 11, 12, 16, 17, 18]",7,0.2,0.14285714285714285,0.8571428571428571,619.4590332508087
2,30,300,5,0.5,1.0,5099.770731265026,ges,2.0,10,stability,50.99770731265026,0.01,0.03817189759551444,0.9982222222222223,0.4821428571428571,"[2, 5, 6, 10, 14, 28]",6,0.6,0.5,0.5,670.9202990531921
2,30,300,5,0.5,1.0,5099.770731265026,bootstrap_l1,2.0,10,stability,95.56039248837848,0.01873817422860384,0.14960680013558,0.9944444444444445,0.5175,"[2, 8, 12, 13, 15, 16, 18]",7,0.4,0.2857142857142857,0.7142857142857143,689.1088552474976
