seed,p,n,k_star,p_edge,noise_scale,mu_scale,q_source,K_multiplier,K,criterion,mu_star,mu_star_relative,log_loss_star,auc_star,stability_star,support,k_actual,S_recall,S_precision,C_inclusion,fit_seconds
9,30,300,5,0.6,1.0,2201.7426042244397,oracle,2.0,10,stability,0.0,0.0,0.3066206825742578,0.9357777777777777,0.23166666666666663,[28],1,0.0,0.0,1.0,586.6614799499512
9,30,300,5,0.6,1.0,2201.7426042244397,uniform,2.0,10,stability,0.0,0.0,0.43194195796112683,0.8784444444444445,0.265,[28],1,0.0,0.0,1.0,659.1826560497284
9,30,300,5,0.6,1.0,2201.7426042244397,adversarial,2.0,10,stability,0.0,0.0,0.09768920455077564,0.9928888888888888,0.3085714285714286,[28],1,0.0,0.0,1.0,597.6352207660675
9,30,300,5,0.6,1.0,2201.7426042244397,pc,2.0,10,stability,22.0174260422444,0.01,0.4481683950986507,0.8704444444444445,0.12,"[0, 24, 28]",3,0.0,0.0,1.0,352.99578523635864
9,30,300,5,0.6,1.0,2201.7426042244397,ges,2.0,10,stability,1785.9013077496184,0.8111308307896868,0.11681284181422744,0.9942222222222222,0.475,"[12, 15, 16, 23, 29]",5,0.4,0.4,0.6,356.4995000362396
9,30,300,5,0.6,1.0,2201.7426042244397,bootstrap_l1,2.0,10,stability,22.0174260422444,0.01,0.6594869907294172,0.6962222222222223,0.5266666666666666,[28],1,0.0,0.0,1.0,354.7635905742645
