seed,p,n,k_star,p_edge,noise_scale,mu_scale,q_source,K_multiplier,K,criterion,mu_star,mu_star_relative,log_loss_star,auc_star,stability_star,support,k_actual,S_recall,S_precision,C_inclusion,fit_seconds
17,30,300,5,0.6,1.0,3564.2374650443803,oracle,2.0,10,stability,35.642374650443806,0.01,0.22984574126326507,0.9671111111111111,0.41261904761904755,"[4, 6, 22]",3,0.6,1.0,0.0,636.7976124286652
17,30,300,5,0.6,1.0,3564.2374650443803,uniform,2.0,10,stability,0.0,0.0,0.1689231745430598,0.9846666666666668,0.36630952380952375,"[6, 8, 13, 29]",4,0.2,0.25,0.75,653.0534303188324
17,30,300,5,0.6,1.0,3564.2374650443803,adversarial,2.0,10,stability,35.642374650443806,0.01,0.27197716764602875,0.9488888888888889,0.284047619047619,"[1, 8, 13, 20]",4,0.0,0.0,1.0,637.1765129566193
17,30,300,5,0.6,1.0,3564.2374650443803,pc,2.0,10,stability,35.642374650443806,0.01,0.2099448004840057,0.9731111111111111,0.4023809523809524,"[6, 13, 28, 29]",4,0.2,0.25,0.75,628.5712385177612
17,30,300,5,0.6,1.0,3564.2374650443803,ges,2.0,10,stability,2891.0628961531756,0.8111308307896868,0.03880926777023115,0.998,0.725,"[6, 8]",2,0.2,0.5,0.5,662.8005523681641
17,30,300,5,0.6,1.0,3564.2374650443803,bootstrap_l1,2.0,10,stability,35.642374650443806,0.01,0.13872745021973146,0.9844444444444445,0.6880952380952381,"[6, 8, 13, 16, 17]",5,0.2,0.2,0.8,639.5487382411957
