seed,p,n,k_star,p_edge,noise_scale,mu_scale,q_source,K_multiplier,K,criterion,mu_star,mu_star_relative,log_loss_star,auc_star,stability_star,support,k_actual,S_recall,S_precision,C_inclusion,fit_seconds
12,30,300,5,0.7,1.0,45102.91292794975,oracle,2.0,10,stability,451.0291292794975,0.01,0.13870741762137284,0.9877777777777779,0.63,"[3, 11, 12, 27, 29]",5,0.4,0.4,0.6,614.8996453285217
12,30,300,5,0.7,1.0,45102.91292794975,uniform,2.0,10,stability,0.0,0.0,0.040897415469862995,0.9991111111111112,0.4874603174603174,"[2, 3, 12, 16, 26, 27, 29]",7,0.2,0.14285714285714285,0.8571428571428571,644.8796360492706
12,30,300,5,0.7,1.0,45102.91292794975,adversarial,2.0,10,stability,451.0291292794975,0.01,0.05569021082552174,0.9997777777777778,0.4489285714285714,"[2, 12, 16, 26, 27]",5,0.0,0.0,1.0,629.6954545974731
12,30,300,5,0.7,1.0,45102.91292794975,pc,2.0,10,stability,0.0,0.0,0.08480258448371038,0.9960000000000001,0.42630952380952375,"[2, 3, 12, 16, 26, 27, 29]",7,0.2,0.14285714285714285,0.8571428571428571,644.0538547039032
12,30,300,5,0.7,1.0,45102.91292794975,ges,2.0,10,stability,451.0291292794975,0.01,0.022859710318433896,1.0,0.5599999999999999,"[0, 12, 29]",3,0.4,0.6666666666666666,0.3333333333333333,638.2292540073395
12,30,300,5,0.7,1.0,45102.91292794975,bootstrap_l1,2.0,10,stability,19523.974314656934,0.4328761281083057,0.023203344614853526,0.9997777777777778,0.6633333333333333,"[11, 12, 17, 27, 29]",5,0.4,0.4,0.6,605.3667922019958
