seed,p,n,k_star,p_edge,noise_scale,mu_scale,q_source,K_multiplier,K,criterion,mu_star,mu_star_relative,log_loss_star,auc_star,stability_star,support,k_actual,S_recall,S_precision,C_inclusion,fit_seconds
6,30,300,5,0.2,2.0,880.9494714388868,oracle,2.0,10,stability,0.0,0.0,0.1618096709879895,0.9911111111111112,0.5665656565656565,"[3, 10, 13, 14, 19, 21, 22, 23, 25]",9,0.6,0.3333333333333333,0.6666666666666666,592.1129283905029
6,30,300,5,0.2,2.0,880.9494714388868,uniform,2.0,10,stability,0.0,0.0,0.17547679445125516,0.9866666666666667,0.3322727272727272,"[3, 10, 13, 14, 19, 21, 22, 23, 25]",9,0.6,0.3333333333333333,0.6666666666666666,602.9788119792938
6,30,300,5,0.2,2.0,880.9494714388868,adversarial,2.0,10,stability,0.0,0.0,0.14652607708318538,0.9904444444444446,0.4254822954822955,"[3, 10, 13, 14, 19, 21, 22, 23, 25]",9,0.6,0.3333333333333333,0.6666666666666666,584.3099110126495
6,30,300,5,0.2,2.0,880.9494714388868,pc,2.0,10,stability,16.507384682418323,0.01873817422860384,0.14371337628322303,0.992,0.5018803418803419,"[1, 13, 19, 21, 23, 29]",6,0.8,0.6666666666666666,0.3333333333333333,643.7255442142487
6,30,300,5,0.2,2.0,880.9494714388868,ges,2.0,10,stability,108.6075683476643,0.1232846739442066,0.3087515838304572,0.975888888888889,0.6530555555555555,"[1, 7, 15, 21, 23, 29]",6,0.8,0.6666666666666666,0.3333333333333333,633.9937281608582
6,30,300,5,0.2,2.0,880.9494714388868,bootstrap_l1,2.0,10,stability,57.960592650416686,0.0657933224657568,0.11539700074653816,0.9942222222222222,0.638510101010101,"[3, 9, 13, 19, 21, 23, 25, 29]",8,0.8,0.5,0.5,660.0871765613556
