seed,p,n,k_star,p_edge,noise_scale,mu_scale,q_source,K_multiplier,K,criterion,mu_star,mu_star_relative,log_loss_star,auc_star,stability_star,support,k_actual,S_recall,S_precision,C_inclusion,fit_seconds
6,30,300,5,0.1,1.0,44.4903040435251,oracle,2.0,10,stability,0.0,0.0,0.2949375300358091,0.9704444444444444,0.5530808080808081,"[6, 7, 9, 19, 21, 22, 23, 29]",8,1.0,0.625,0.125,475.16201972961426
6,30,300,5,0.1,1.0,44.4903040435251,uniform,2.0,10,stability,0.0,0.0,0.18025532283902862,0.985111111111111,0.5242191142191144,"[6, 7, 9, 19, 21, 22, 23, 29]",8,1.0,0.625,0.125,487.0267107486725
6,30,300,5,0.1,1.0,44.4903040435251,adversarial,2.0,10,stability,5.484972627684607,0.12328467394420657,0.1730290456329512,0.9837777777777778,0.7337373737373738,"[3, 5, 13, 17, 21, 23, 28, 29]",8,0.6,0.375,0.625,527.5794064998627
6,30,300,5,0.1,1.0,44.4903040435251,pc,2.0,10,stability,126.70998171357375,2.848035868435799,0.18367301489518256,0.9868888888888888,0.685873015873016,"[3, 7, 15, 19, 21, 22, 23, 25, 29]",9,1.0,0.5555555555555556,0.2222222222222222,500.56223940849304
6,30,300,5,0.1,1.0,44.4903040435251,ges,2.0,10,stability,67.6213061996995,1.5199110829529334,0.1888278196934551,0.9828888888888889,0.7175,"[7, 19, 21, 22, 23, 25, 29]",7,1.0,0.7142857142857143,0.0,470.7453317642212
6,30,300,5,0.1,1.0,44.4903040435251,bootstrap_l1,2.0,10,stability,36.08745728091028,0.8111308307896868,0.1818182582980909,0.9837777777777778,0.7018181818181819,"[3, 6, 7, 19, 20, 21, 23, 24, 28, 29]",10,1.0,0.5,0.4,463.02601885795593
