seed,p,n,k_star,p_edge,noise_scale,mu_scale,q_source,K_multiplier,K,criterion,mu_star,mu_star_relative,log_loss_star,auc_star,stability_star,support,k_actual,S_recall,S_precision,C_inclusion,fit_seconds
8,30,300,5,0.7,1.0,13927.556730460254,oracle,2.0,10,stability,139.27556730460253,0.01,0.6399604704671183,0.9764444444444444,0.58,"[3, 5, 17, 20, 24]",5,0.4,0.4,0.6,579.1245045661926
8,30,300,5,0.7,1.0,13927.556730460254,uniform,2.0,10,stability,0.0,0.0,0.26848105219574925,0.984,0.515,"[13, 17, 20]",3,0.2,0.3333333333333333,0.6666666666666666,610.9902765750885
8,30,300,5,0.7,1.0,13927.556730460254,adversarial,2.0,10,stability,0.0,0.0,0.6189706917902545,0.9475555555555555,0.4833333333333333,"[13, 17, 20]",3,0.2,0.3333333333333333,0.6666666666666666,653.2868971824646
8,30,300,5,0.7,1.0,13927.556730460254,pc,2.0,10,stability,139.27556730460253,0.01,0.8661808534915775,0.8026666666666668,0.48500000000000004,"[12, 17, 20]",3,0.2,0.3333333333333333,0.6666666666666666,572.602222442627
8,30,300,5,0.7,1.0,13927.556730460254,ges,2.0,10,stability,0.0,0.0,0.25032618057929934,0.99,0.56,"[13, 17, 20]",3,0.2,0.3333333333333333,0.6666666666666666,626.8236784934998
8,30,300,5,0.7,1.0,13927.556730460254,bootstrap_l1,2.0,10,stability,139.27556730460253,0.01,1.1612408838865225,0.8953333333333333,0.75,"[17, 20]",2,0.2,0.5,0.5,435.1687476634979
