seed,p,n,k_star,p_edge,noise_scale,mu_scale,q_source,K_multiplier,K,criterion,mu_star,mu_star_relative,log_loss_star,auc_star,stability_star,support,k_actual,S_recall,S_precision,C_inclusion,fit_seconds
2,30,300,5,0.6,1.0,4555.801078610122,oracle,2.0,10,stability,45.55801078610122,0.01,0.07325915378219576,0.9971111111111111,0.7333333333333333,"[2, 8, 15]",3,0.4,0.6666666666666666,0.3333333333333333,644.0424814224243
2,30,300,5,0.6,1.0,4555.801078610122,uniform,2.0,10,stability,0.0,0.0,0.38991800657705905,0.9377777777777778,0.4083333333333333,"[13, 15]",2,0.0,0.0,1.0,665.0562510490417
2,30,300,5,0.6,1.0,4555.801078610122,adversarial,2.0,10,stability,45.55801078610122,0.01,0.3353810014378433,0.961111111111111,0.37999999999999995,"[13, 15, 16]",3,0.0,0.0,1.0,660.769623041153
2,30,300,5,0.6,1.0,4555.801078610122,pc,2.0,10,stability,45.55801078610122,0.01,0.4033838235840238,0.9380000000000001,0.625,"[13, 15]",2,0.0,0.0,1.0,665.7821233272552
2,30,300,5,0.6,1.0,4555.801078610122,ges,2.0,10,stability,159.9629108994424,0.03511191734215131,0.264768580090187,0.9733333333333334,0.5266666666666666,"[13, 15, 24, 25, 29]",5,0.2,0.2,0.8,633.6630177497864
2,30,300,5,0.6,1.0,4555.801078610122,bootstrap_l1,2.0,10,stability,45.55801078610122,0.01,0.4863010176876471,0.9266666666666665,0.625,"[13, 15]",2,0.0,0.0,1.0,635.0280346870422
