seed,p,n,k_star,p_edge,noise_scale,mu_scale,q_source,K_multiplier,K,criterion,mu_star,mu_star_relative,log_loss_star,auc_star,stability_star,support,k_actual,S_recall,S_precision,C_inclusion,fit_seconds
5,30,300,5,0.2,1.0,128.0199694119309,oracle,2.0,10,stability,1.280199694119309,0.01,0.07771352614369204,0.9982222222222221,0.6098556998556998,"[2, 4, 7, 12, 14, 20, 22, 27]",8,1.0,0.625,0.375,523.6272506713867
5,30,300,5,0.2,1.0,128.0199694119309,uniform,2.0,10,stability,0.0,0.0,0.09651656561953893,0.9946666666666667,0.4243989343989344,"[2, 4, 6, 7, 9, 11, 12, 14, 22, 26]",10,0.6,0.3,0.7,546.4258031845093
5,30,300,5,0.2,1.0,128.0199694119309,adversarial,2.0,10,stability,2.3988604915812957,0.01873817422860384,0.19050719669263033,0.9884444444444445,0.49810606060606066,"[2, 7, 8, 9, 11, 12, 14, 22, 26]",9,0.4,0.2222222222222222,0.7777777777777778,561.1349987983704
5,30,300,5,0.2,1.0,128.0199694119309,pc,2.0,10,stability,55.41678867958038,0.4328761281083057,0.10718545035267676,0.9948888888888888,0.6241414141414141,"[1, 2, 4, 7, 9, 12, 14, 18, 20, 24]",10,0.6,0.3,0.7,550.9274151325226
5,30,300,5,0.2,1.0,128.0199694119309,ges,2.0,10,stability,55.41678867958038,0.4328761281083057,0.09177370517334475,0.9931111111111111,0.8,"[0, 2, 4, 7, 8, 9, 14, 24]",8,0.4,0.25,0.75,556.8286969661713
5,30,300,5,0.2,1.0,128.0199694119309,bootstrap_l1,2.0,10,stability,103.84094414676981,0.8111308307896868,0.1132257482581921,0.9937777777777779,0.7248484848484849,"[1, 2, 4, 7, 9, 14, 19, 20, 22, 24]",10,0.8,0.4,0.6,526.0362505912781
