seed,p,n,k_star,p_edge,noise_scale,mu_scale,q_source,K_multiplier,K,criterion,mu_star,mu_star_relative,log_loss_star,auc_star,stability_star,support,k_actual,S_recall,S_precision,C_inclusion,fit_seconds
9,30,300,5,0.5,1.0,7531.871654365653,oracle,2.0,10,stability,75.31871654365654,0.01,0.1528129037535105,0.9911111111111112,0.24277777777777776,"[1, 14, 16, 20, 28]",5,0.4,0.4,0.6,571.5570292472839
9,30,300,5,0.5,1.0,7531.871654365653,uniform,2.0,10,stability,0.0,0.0,0.08953534125309295,0.9986666666666666,0.18428571428571427,"[10, 14, 20, 21]",4,0.2,0.25,0.75,595.9423577785492
9,30,300,5,0.5,1.0,7531.871654365653,adversarial,2.0,10,stability,75.31871654365654,0.01,0.08978581863669917,0.9964444444444446,0.42428571428571427,"[1, 10, 14, 17, 24]",5,0.0,0.0,1.0,614.484783411026
9,30,300,5,0.5,1.0,7531.871654365653,pc,2.0,10,stability,75.31871654365654,0.01,0.0857346791488654,0.9968888888888889,0.34273809523809523,"[1, 14, 17, 28]",4,0.0,0.0,1.0,433.40862917900085
9,30,300,5,0.5,1.0,7531.871654365653,ges,2.0,10,stability,75.31871654365654,0.01,0.03434827577402732,0.9991111111111112,0.7,"[16, 21, 24]",3,0.2,0.3333333333333333,0.6666666666666666,348.45191073417664
9,30,300,5,0.5,1.0,7531.871654365653,bootstrap_l1,2.0,10,stability,75.31871654365654,0.01,0.09385833187941887,0.9977777777777778,0.825,"[1, 14, 17, 28]",4,0.0,0.0,1.0,341.02935767173767
