seed,p,n,k_star,p_edge,noise_scale,mu_scale,q_source,K_multiplier,K,criterion,mu_star,mu_star_relative,log_loss_star,auc_star,stability_star,support,k_actual,S_recall,S_precision,C_inclusion,fit_seconds
2,30,300,5,0.7,1.0,22828.906867254096,oracle,2.0,10,stability,228.28906867254096,0.01,0.05154534668933049,0.9982222222222223,0.7166666666666666,"[2, 8, 13, 15, 22, 29]",6,0.6,0.5,0.5,571.0968523025513
2,30,300,5,0.7,1.0,22828.906867254096,uniform,2.0,10,stability,0.0,0.0,0.12743812499308216,0.9913333333333332,0.5399999999999999,"[8, 11, 13, 15]",4,0.2,0.25,0.75,658.3363738059998
2,30,300,5,0.7,1.0,22828.906867254096,adversarial,2.0,10,stability,228.28906867254096,0.01,0.10043907131864353,0.9955555555555555,0.75,"[11, 13, 15]",3,0.0,0.0,1.0,652.9191188812256
2,30,300,5,0.7,1.0,22828.906867254096,pc,2.0,10,stability,228.28906867254096,0.01,0.14398548203518696,0.9895555555555555,0.5833333333333333,"[11, 13, 15, 18]",4,0.0,0.0,1.0,643.707682132721
2,30,300,5,0.7,1.0,22828.906867254096,ges,2.0,10,stability,228.28906867254096,0.01,0.09041324651212737,0.9955555555555555,0.5916666666666667,"[2, 15]",2,0.2,0.5,0.5,672.5519933700562
2,30,300,5,0.7,1.0,22828.906867254096,bootstrap_l1,2.0,10,stability,228.28906867254096,0.01,0.10760832475465254,0.9915555555555555,0.6136904761904762,"[8, 11, 13, 15, 24]",5,0.2,0.2,0.8,661.9425086975098
