seed,p,n,k_star,p_edge,noise_scale,mu_scale,q_source,K_multiplier,K,criterion,mu_star,mu_star_relative,log_loss_star,auc_star,stability_star,support,k_actual,S_recall,S_precision,C_inclusion,fit_seconds
7,30,300,5,0.3,1.0,1100.127776033975,oracle,2.0,10,stability,0.0,0.0,0.04138287836524357,0.9991111111111112,0.5112878787878788,"[10, 14, 20, 23, 24, 25, 26]",7,0.2,0.14285714285714285,0.8571428571428571,565.2524816989899
7,30,300,5,0.3,1.0,1100.127776033975,uniform,2.0,10,stability,0.0,0.0,0.04054620652330354,0.9991111111111112,0.6465909090909092,"[10, 14, 20, 23, 24, 25, 26]",7,0.2,0.14285714285714285,0.8571428571428571,593.2219481468201
7,30,300,5,0.3,1.0,1100.127776033975,adversarial,2.0,10,stability,0.0,0.0,0.04242434753121644,0.998,0.6293253968253969,"[10, 14, 20, 23, 24, 25, 26]",7,0.2,0.14285714285714285,0.8571428571428571,593.5984888076782
7,30,300,5,0.3,1.0,1100.127776033975,pc,2.0,10,stability,0.0,0.0,0.03238083799414153,0.9991111111111112,0.6777777777777778,"[10, 14, 20, 23, 24, 25, 26]",7,0.2,0.14285714285714285,0.8571428571428571,589.2613866329193
7,30,300,5,0.3,1.0,1100.127776033975,ges,2.0,10,stability,20.614385941051086,0.01873817422860384,0.027383456071555456,0.9997777777777778,1.0,"[10, 20, 21, 23, 26]",5,0.2,0.2,0.8,687.833004951477
7,30,300,5,0.3,1.0,1100.127776033975,bootstrap_l1,2.0,10,stability,20.614385941051086,0.01873817422860384,0.0252762988784549,1.0,0.9555555555555555,"[4, 10, 14, 15, 19, 20, 23, 24, 25]",9,0.2,0.1111111111111111,0.8888888888888888,566.0961465835571
