seed,p,n,k_star,p_edge,noise_scale,mu_scale,q_source,K_multiplier,K,criterion,mu_star,mu_star_relative,log_loss_star,auc_star,stability_star,support,k_actual,S_recall,S_precision,C_inclusion,fit_seconds
18,30,300,5,0.6,1.0,6928.625146099948,oracle,2.0,10,stability,69.28625146099948,0.01,0.5460708588914814,0.7097777777777778,0.5716666666666667,"[10, 24, 26]",3,0.4,0.6666666666666666,0.3333333333333333,641.4266393184662
18,30,300,5,0.6,1.0,6928.625146099948,uniform,2.0,10,stability,0.0,0.0,0.10353218312170558,0.9962222222222223,0.25261904761904763,"[10, 26]",2,0.2,0.5,0.5,695.9355483055115
18,30,300,5,0.6,1.0,6928.625146099948,adversarial,2.0,10,stability,69.28625146099948,0.01,0.1335988971207745,0.9886666666666667,0.19976190476190475,"[2, 26]",2,0.0,0.0,1.0,688.3930623531342
18,30,300,5,0.6,1.0,6928.625146099948,pc,2.0,10,stability,0.0,0.0,0.09976616788079987,0.9948888888888889,0.330952380952381,"[10, 26]",2,0.2,0.5,0.5,692.172981262207
18,30,300,5,0.6,1.0,6928.625146099948,ges,2.0,10,stability,69.28625146099948,0.01,0.9456531600275799,0.5057777777777778,0.45,"[10, 24]",2,0.4,1.0,0.0,596.7513957023621
18,30,300,5,0.6,1.0,6928.625146099948,bootstrap_l1,2.0,10,stability,69.28625146099948,0.01,0.29832956325201504,0.8302222222222222,0.39333333333333337,"[7, 10, 24]",3,0.4,0.6666666666666666,0.3333333333333333,701.111124753952
