seed,p,n,k_star,p_edge,noise_scale,mu_scale,q_source,K_multiplier,K,criterion,mu_star,mu_star_relative,log_loss_star,auc_star,stability_star,support,k_actual,S_recall,S_precision,C_inclusion,fit_seconds
1,30,300,5,0.5,1.0,1819.6925736230564,oracle,2.0,10,stability,18.196925736230565,0.01,0.060259600069777194,0.9986666666666666,0.4969805194805195,"[0, 5, 7, 8, 13, 15, 27, 28]",8,0.8,0.5,0.5,569.2146830558777
1,30,300,5,0.5,1.0,1819.6925736230564,uniform,2.0,10,stability,0.0,0.0,0.09707026652390681,0.9951111111111113,0.5386904761904763,"[0, 5, 8, 27, 28]",5,0.2,0.2,0.8,629.0605120658875
1,30,300,5,0.5,1.0,1819.6925736230564,adversarial,2.0,10,stability,18.196925736230565,0.01,0.11830389267613173,0.992,0.6252380952380953,"[0, 5, 6, 8, 12]",5,0.0,0.0,1.0,604.1763877868652
1,30,300,5,0.5,1.0,1819.6925736230564,pc,2.0,10,stability,63.89289523317934,0.03511191734215131,0.09554897822243769,0.9960000000000001,0.7499999999999999,"[0, 5, 8, 9, 27]",5,0.2,0.2,0.8,630.9438092708588
1,30,300,5,0.5,1.0,1819.6925736230564,ges,2.0,10,stability,119.72362028492464,0.0657933224657568,0.02990922187846335,0.9993333333333332,0.6974206349206349,"[7, 8, 12, 13, 27, 28]",6,0.6,0.5,0.5,635.80677318573
1,30,300,5,0.5,1.0,1819.6925736230564,bootstrap_l1,2.0,10,stability,34.09771648704535,0.01873817422860384,0.07924294040554723,0.9960000000000001,0.82,"[0, 5, 8, 9, 27]",5,0.2,0.2,0.8,614.4360086917877
