seed,p,n,k_star,p_edge,noise_scale,mu_scale,q_source,K_multiplier,K,criterion,mu_star,mu_star_relative,log_loss_star,auc_star,stability_star,support,k_actual,S_recall,S_precision,C_inclusion,fit_seconds
5,30,300,5,0.1,1.0,57.42422182703035,oracle,2.0,10,stability,0.0,0.0,0.1903488582017956,0.9906666666666666,0.5591938616938616,"[2, 4, 12, 13, 15, 20, 22, 27]",8,1.0,0.625,0.375,488.9455370903015
5,30,300,5,0.1,1.0,57.42422182703035,uniform,2.0,10,stability,0.0,0.0,0.1047953399223767,0.9926666666666666,0.6477777777777778,"[2, 4, 12, 13, 15, 20, 22, 27]",8,1.0,0.625,0.375,526.6605131626129
5,30,300,5,0.1,1.0,57.42422182703035,adversarial,2.0,10,stability,7.079526464445228,0.12328467394420659,0.2290230995666823,0.9742222222222221,0.6612054612054612,"[1, 2, 9, 10, 12, 17, 19, 24, 26, 28]",10,0.2,0.1,0.9,526.9726340770721
5,30,300,5,0.1,1.0,57.42422182703035,pc,2.0,10,stability,306.4558004769333,5.336699231206307,0.12021195268216955,0.99,0.7160714285714287,"[2, 4, 6, 16, 20, 22, 27]",7,1.0,0.7142857142857143,0.2857142857142857,528.5823476314545
5,30,300,5,0.1,1.0,57.42422182703035,ges,2.0,10,stability,7.079526464445228,0.12328467394420659,0.10367052710648825,0.9944444444444445,0.7371212121212121,"[2, 4, 6, 15, 20, 22, 27]",7,1.0,0.7142857142857143,0.2857142857142857,562.5554721355438
5,30,300,5,0.1,1.0,57.42422182703035,bootstrap_l1,2.0,10,stability,2.0162745302280505,0.03511191734215131,0.10824577153752286,0.9948888888888888,0.95,"[2, 4, 12, 13, 15, 20, 22, 27]",8,1.0,0.625,0.375,508.1342341899872
