seed,p,n,k_star,p_edge,noise_scale,mu_scale,q_source,K_multiplier,K,criterion,mu_star,mu_star_relative,log_loss_star,auc_star,stability_star,support,k_actual,S_recall,S_precision,C_inclusion,fit_seconds
3,30,300,5,0.2,0.5,44.52920347032827,oracle,2.0,10,stability,0.8343959728879619,0.01873817422860384,0.10192823221088738,0.9946666666666667,0.7174825174825175,"[1, 3, 4, 5, 6, 7, 15, 16, 23, 25]",10,1.0,0.5,0.5,496.72370624542236
3,30,300,5,0.2,0.5,44.52920347032827,uniform,2.0,10,stability,0.0,0.0,0.09536471529184945,0.9944444444444445,0.6041958041958042,"[1, 4, 5, 6, 7, 15, 16, 23, 25, 28]",10,0.8,0.4,0.6,524.207620382309
3,30,300,5,0.2,0.5,44.52920347032827,adversarial,2.0,10,stability,5.489768330834653,0.12328467394420659,0.11893265764917267,0.99,0.7757575757575758,"[4, 5, 6, 12, 14, 18, 21, 23, 25, 27]",10,0.0,0.0,1.0,510.103271484375
3,30,300,5,0.2,0.5,44.52920347032827,pc,2.0,10,stability,126.82076867637078,2.848035868435799,0.10030156399267738,0.9942222222222222,0.6361616161616162,"[4, 5, 10, 15, 16, 18, 20, 21, 23]",9,0.4,0.2222222222222222,0.7777777777777778,571.2587857246399
3,30,300,5,0.2,0.5,44.52920347032827,ges,2.0,10,stability,36.119009805290375,0.8111308307896868,0.06813503542176337,0.9973333333333333,0.7533333333333333,"[1, 5, 6, 15, 16, 20, 24, 25]",8,0.6,0.375,0.625,577.9318890571594
3,30,300,5,0.2,0.5,44.52920347032827,bootstrap_l1,2.0,10,stability,1.5635057115620032,0.03511191734215131,0.06752952751759807,0.9984444444444444,0.8575757575757577,"[1, 3, 4, 5, 6, 15, 16, 23, 24, 25]",10,0.8,0.4,0.6,575.949741601944
