seed,p,n,k_star,p_edge,noise_scale,mu_scale,q_source,K_multiplier,K,criterion,mu_star,mu_star_relative,log_loss_star,auc_star,stability_star,support,k_actual,S_recall,S_precision,C_inclusion,fit_seconds
17,30,300,5,0.2,1.0,309.54934561823484,oracle,2.0,10,stability,3.0954934561823486,0.01,0.06442849117071706,0.9988888888888889,0.6721717171717172,"[4, 6, 15, 22, 26, 27, 29]",7,1.0,0.7142857142857143,0.2857142857142857,514.1781599521637
17,30,300,5,0.2,1.0,309.54934561823484,uniform,2.0,10,stability,0.0,0.0,0.10257055121550258,0.9926666666666666,0.5387878787878788,"[1, 2, 6, 12, 15, 26, 27, 29]",8,0.6,0.375,0.5,544.5554342269897
17,30,300,5,0.2,1.0,309.54934561823484,adversarial,2.0,10,stability,3.0954934561823486,0.01,0.22459336919319245,0.986,0.5947222222222222,"[1, 2, 3, 7, 8, 9, 15, 20, 29]",9,0.0,0.0,0.8888888888888888,528.4812517166138
17,30,300,5,0.2,1.0,309.54934561823484,pc,2.0,10,stability,133.99652218968123,0.4328761281083057,0.08015555587934665,0.9971111111111112,0.85,"[6, 7, 15, 22, 26, 27, 29]",7,0.8,0.5714285714285714,0.42857142857142855,518.2216818332672
17,30,300,5,0.2,1.0,309.54934561823484,ges,2.0,10,stability,38.1626901441866,0.1232846739442066,0.04365758547974904,0.9997777777777778,0.8400000000000001,"[4, 6, 7, 15, 16, 22, 26, 27, 29]",9,1.0,0.5555555555555556,0.4444444444444444,555.6919822692871
17,30,300,5,0.2,1.0,309.54934561823484,bootstrap_l1,2.0,10,stability,38.1626901441866,0.1232846739442066,0.09896514847852692,0.9955555555555555,0.7522222222222221,"[1, 2, 6, 7, 15, 17, 26, 27, 29]",9,0.6,0.3333333333333333,0.4444444444444444,526.5637135505676
