seed,p,n,k_star,p_edge,noise_scale,mu_scale,q_source,K_multiplier,K,criterion,mu_star,mu_star_relative,log_loss_star,auc_star,stability_star,support,k_actual,S_recall,S_precision,C_inclusion,fit_seconds
4,30,300,5,0.2,1.0,103.35129380504532,oracle,2.0,10,stability,1.033512938050453,0.009999999999999998,0.10498447027637388,0.9953333333333333,0.5872727272727273,"[5, 7, 8, 9, 13, 20, 27, 29]",8,1.0,0.625,0.25,523.5104432106018
4,30,300,5,0.2,1.0,103.35129380504532,uniform,2.0,10,stability,0.0,0.0,0.0781313928589925,0.9959999999999999,0.5106993006993006,"[5, 7, 8, 9, 13, 20, 27, 29]",8,1.0,0.625,0.25,582.1766920089722
4,30,300,5,0.2,1.0,103.35129380504532,adversarial,2.0,10,stability,6.799825000568519,0.0657933224657568,0.5863409881348213,0.9224444444444444,0.5202070152070152,"[1, 3, 5, 12, 13, 14, 23, 24, 28]",9,0.0,0.0,1.0,521.8241465091705
4,30,300,5,0.2,1.0,103.35129380504532,pc,2.0,10,stability,1.9366145500705638,0.01873817422860384,0.08495645791095731,0.9973333333333333,0.5945454545454545,"[5, 7, 8, 10, 16, 20, 22, 27, 29]",9,1.0,0.5555555555555556,0.4444444444444444,553.493433713913
4,30,300,5,0.2,1.0,103.35129380504532,ges,2.0,10,stability,44.73830789731194,0.4328761281083057,0.0945622225072544,0.9937777777777779,0.6963636363636363,"[5, 7, 8, 13, 20, 26, 27, 29]",8,1.0,0.625,0.375,531.4765677452087
4,30,300,5,0.2,1.0,103.35129380504532,bootstrap_l1,2.0,10,stability,1.033512938050453,0.009999999999999998,0.09932070503919925,0.9955555555555555,0.6597979797979798,"[5, 7, 8, 9, 13, 14, 16, 20, 29]",9,0.8,0.4444444444444444,0.4444444444444444,593.4560482501984
