seed,p,n,k_star,p_edge,noise_scale,mu_scale,q_source,K_multiplier,K,criterion,mu_star,mu_star_relative,log_loss_star,auc_star,stability_star,support,k_actual,S_recall,S_precision,C_inclusion,fit_seconds
1,30,300,5,0.2,2.0,257.90530360062303,oracle,2.0,10,stability,2.5790530360062305,0.01,0.08592458432191769,0.9959999999999999,0.6579184704184703,"[1, 7, 11, 13, 15, 27, 29]",7,1.0,0.7142857142857143,0.2857142857142857,510.7592911720276
1,30,300,5,0.2,2.0,257.90530360062303,uniform,2.0,10,stability,0.0,0.0,0.13579491716320038,0.9915555555555556,0.5949603174603174,"[1, 7, 11, 13, 15, 27, 29]",7,1.0,0.7142857142857143,0.2857142857142857,535.670324087143
1,30,300,5,0.2,2.0,257.90530360062303,adversarial,2.0,10,stability,0.0,0.0,0.09853034789799454,0.9953333333333333,0.6696428571428571,"[1, 7, 11, 13, 15, 27, 29]",7,1.0,0.7142857142857143,0.2857142857142857,519.7613768577576
1,30,300,5,0.2,2.0,257.90530360062303,pc,2.0,10,stability,209.19494317463977,0.8111308307896868,0.12179370765329645,0.9931111111111111,0.8476190476190476,"[1, 7, 13, 15, 26, 27]",6,1.0,0.8333333333333334,0.16666666666666666,572.373034954071
1,30,300,5,0.2,2.0,257.90530360062303,ges,2.0,10,stability,59.57947016567634,0.23101297000831592,0.07503831562830926,0.9964444444444445,0.7626984126984128,"[1, 7, 13, 15, 27]",5,1.0,1.0,0.0,571.2203593254089
1,30,300,5,0.2,2.0,257.90530360062303,bootstrap_l1,2.0,10,stability,9.055549702127514,0.03511191734215131,0.07087658182720563,0.9975555555555555,0.8267857142857142,"[1, 7, 13, 15, 27, 29]",6,1.0,0.8333333333333334,0.16666666666666666,544.005377292633
