seed,p,n,k_star,p_edge,noise_scale,mu_scale,q_source,K_multiplier,K,criterion,mu_star,mu_star_relative,log_loss_star,auc_star,stability_star,support,k_actual,S_recall,S_precision,C_inclusion,fit_seconds
4,30,300,5,0.6,1.0,6046.412035902706,oracle,2.0,10,stability,60.464120359027056,0.01,0.03243682763813544,0.9988888888888889,0.6933333333333334,"[8, 24, 26, 27]",4,0.4,0.5,0.5,644.2782647609711
4,30,300,5,0.6,1.0,6046.412035902706,uniform,2.0,10,stability,0.0,0.0,0.036007219706697305,1.0,0.503095238095238,"[8, 13, 14, 24, 26]",5,0.2,0.2,0.8,637.4315896034241
4,30,300,5,0.6,1.0,6046.412035902706,adversarial,2.0,10,stability,0.0,0.0,0.050195600620265735,0.9986666666666668,0.5577380952380953,"[8, 13, 14, 24, 26]",5,0.2,0.2,0.8,621.352215051651
4,30,300,5,0.6,1.0,6046.412035902706,pc,2.0,10,stability,0.0,0.0,0.043427836542880814,0.9984444444444444,0.6285714285714286,"[8, 13, 14, 24, 26]",5,0.2,0.2,0.8,567.4492802619934
4,30,300,5,0.6,1.0,6046.412035902706,ges,2.0,10,stability,60.464120359027056,0.01,0.10999042145583551,0.9982222222222223,0.75,[8],1,0.2,1.0,0.0,676.9123666286469
4,30,300,5,0.6,1.0,6046.412035902706,bootstrap_l1,2.0,10,stability,113.29872218667215,0.01873817422860384,0.04943143588581482,0.9984444444444444,0.79,"[8, 13, 14, 24, 26]",5,0.2,0.2,0.8,646.8200793266296
