seed,p,n,k_star,p_edge,noise_scale,mu_scale,q_source,K_multiplier,K,criterion,mu_star,mu_star_relative,log_loss_star,auc_star,stability_star,support,k_actual,S_recall,S_precision,C_inclusion,fit_seconds
7,30,300,5,0.1,1.0,46.25712817191146,oracle,2.0,10,stability,0.866774127000136,0.01873817422860384,0.1050041507689448,0.9953333333333333,0.5017149517149517,"[3, 6, 9, 10, 17, 18, 20, 23, 25]",9,1.0,0.5555555555555556,0.3333333333333333,531.7130398750305
7,30,300,5,0.1,1.0,46.25712817191146,uniform,2.0,10,stability,0.0,0.0,0.08651684078768725,0.9953333333333333,0.470999000999001,"[3, 6, 9, 13, 17, 18, 20, 25]",8,0.8,0.5,0.5,517.1609256267548
7,30,300,5,0.1,1.0,46.25712817191146,adversarial,2.0,10,stability,5.7027949642694775,0.12328467394420659,0.23448758278234338,0.9751111111111112,0.6559168609168609,"[3, 8, 12, 17, 19, 20, 21, 25, 27]",9,0.2,0.1111111111111111,0.8888888888888888,514.7643043994904
7,30,300,5,0.1,1.0,46.25712817191146,pc,2.0,10,stability,70.30672177406258,1.5199110829529332,0.07463360249018239,0.9966666666666667,0.5885431235431234,"[1, 3, 6, 9, 15, 17, 18, 20, 25, 27]",10,0.8,0.4,0.5,520.2509219646454
7,30,300,5,0.1,1.0,46.25712817191146,ges,2.0,10,stability,0.4625712817191146,0.01,0.0650694803049726,0.9962222222222221,0.7532323232323231,"[3, 6, 9, 10, 17, 18, 20, 23, 25]",9,1.0,0.5555555555555556,0.3333333333333333,580.235814332962
7,30,300,5,0.1,1.0,46.25712817191146,bootstrap_l1,2.0,10,stability,70.30672177406258,1.5199110829529332,0.08716273089625112,0.998,0.6763636363636364,"[3, 6, 9, 17, 18, 20, 21, 23, 25]",9,1.0,0.5555555555555556,0.4444444444444444,567.6416258811951
