seed,p,n,k_star,p_edge,noise_scale,mu_scale,q_source,K_multiplier,K,criterion,mu_star,mu_star_relative,log_loss_star,auc_star,stability_star,support,k_actual,S_recall,S_precision,C_inclusion,fit_seconds
6,30,300,5,0.7,1.0,4575.619729662513,oracle,2.0,10,stability,45.75619729662513,0.01,0.6656549312570423,0.7517777777777779,0.78,"[3, 10, 20]",3,0.0,0.0,1.0,589.4456827640533
6,30,300,5,0.7,1.0,4575.619729662513,uniform,2.0,10,stability,0.0,0.0,0.5311307403088986,0.8093333333333333,0.5071428571428572,"[3, 10, 20]",3,0.0,0.0,1.0,645.6107409000397
6,30,300,5,0.7,1.0,4575.619729662513,adversarial,2.0,10,stability,45.75619729662513,0.01,0.9581544070327419,0.7782222222222223,0.3412301587301587,"[3, 10, 20]",3,0.0,0.0,1.0,595.8104794025421
6,30,300,5,0.7,1.0,4575.619729662513,pc,2.0,10,stability,160.65878173702689,0.03511191734215131,0.4142629685461266,0.839111111111111,0.4833333333333333,"[3, 10, 20]",3,0.0,0.0,1.0,618.7165155410767
6,30,300,5,0.7,1.0,4575.619729662513,ges,2.0,10,stability,45.75619729662513,0.01,0.05534120408754537,0.9986666666666666,0.5684523809523809,"[7, 11, 16, 19, 23, 29]",6,0.8,0.6666666666666666,0.3333333333333333,601.6756632328033
6,30,300,5,0.7,1.0,4575.619729662513,bootstrap_l1,2.0,10,stability,1980.6765522722812,0.4328761281083057,0.46462835066067976,0.89,0.6599999999999999,"[3, 10, 20]",3,0.0,0.0,1.0,632.0226805210114
