seed,p,n,k_star,p_edge,noise_scale,mu_scale,q_source,K_multiplier,K,criterion,mu_star,mu_star_relative,log_loss_star,auc_star,stability_star,support,k_actual,S_recall,S_precision,C_inclusion,fit_seconds
0,30,300,5,0.3,1.0,1625.808064040155,oracle,2.0,10,stability,0.0,0.0,0.27817423733803215,0.9832222222222221,0.5527777777777778,"[3, 12, 15, 19, 20, 21, 25, 26, 28]",9,0.2,0.1111111111111111,0.8888888888888888,506.43510460853577
0,30,300,5,0.3,1.0,1625.808064040155,uniform,2.0,10,stability,0.0,0.0,0.22671970744233697,0.9868888888888889,0.543030303030303,"[3, 12, 15, 19, 20, 21, 25, 26, 28]",9,0.2,0.1111111111111111,0.8888888888888888,610.0758454799652
0,30,300,5,0.3,1.0,1625.808064040155,adversarial,2.0,10,stability,0.0,0.0,0.2960804537040438,0.9804444444444446,0.6223809523809523,"[3, 12, 15, 19, 20, 21, 25, 26, 28]",9,0.2,0.1111111111111111,0.8888888888888888,577.7857689857483
0,30,300,5,0.3,1.0,1625.808064040155,pc,2.0,10,stability,703.7734998089626,0.4328761281083057,0.3802949767018314,0.9695555555555556,0.675,"[3, 15, 19, 20, 21, 25, 26, 28]",8,0.2,0.125,0.875,586.3167622089386
0,30,300,5,0.3,1.0,1625.808064040155,ges,2.0,10,stability,0.0,0.0,0.1847151932285548,0.9922222222222222,0.6618181818181819,"[3, 12, 15, 19, 20, 21, 25, 26, 28]",9,0.2,0.1111111111111111,0.8888888888888888,627.6569848060608
0,30,300,5,0.3,1.0,1625.808064040155,bootstrap_l1,2.0,10,stability,30.464674766253534,0.01873817422860384,0.12376239374240725,0.9955555555555555,0.7708333333333333,"[3, 7, 12, 15, 18, 19, 20, 21, 26, 28]",10,0.2,0.1,0.9,582.9794955253601
