seed,p,n,k_star,p_edge,noise_scale,mu_scale,q_source,K_multiplier,K,criterion,mu_star,mu_star_relative,log_loss_star,auc_star,stability_star,support,k_actual,S_recall,S_precision,C_inclusion,fit_seconds
7,30,300,5,0.2,2.0,247.14491803273023,oracle,2.0,10,stability,2.471449180327302,0.01,0.144948470776113,0.9888888888888889,0.5043056943056943,"[6, 9, 17, 18, 19, 20, 22, 23, 26]",9,1.0,0.5555555555555556,0.4444444444444444,506.5205855369568
7,30,300,5,0.2,2.0,247.14491803273023,uniform,2.0,10,stability,0.0,0.0,0.2018953590089342,0.9855555555555554,0.43661671661671664,"[6, 9, 17, 18, 19, 20, 22, 23, 26]",9,1.0,0.5555555555555556,0.4444444444444444,512.7219426631927
7,30,300,5,0.2,2.0,247.14491803273023,adversarial,2.0,10,stability,0.0,0.0,0.26751158830982524,0.9808888888888889,0.43294871794871803,"[6, 9, 17, 18, 19, 20, 22, 23, 26]",9,1.0,0.5555555555555556,0.4444444444444444,559.647744178772
7,30,300,5,0.2,2.0,247.14491803273023,pc,2.0,10,stability,703.8775912588412,2.848035868435799,0.22021992115650968,0.982,0.6822727272727274,"[5, 6, 9, 11, 20, 21, 22, 23, 26, 29]",10,0.6,0.3,0.7,589.4729142189026
7,30,300,5,0.2,2.0,247.14491803273023,ges,2.0,10,stability,16.26048528790045,0.0657933224657568,0.3055370705961496,0.9675555555555556,0.8363636363636365,"[6, 8, 9, 13, 17, 18, 20, 22, 23, 26]",10,1.0,0.5,0.5,492.2866334915161
7,30,300,5,0.2,2.0,247.14491803273023,bootstrap_l1,2.0,10,stability,106.98313519965285,0.4328761281083057,0.16022571325020496,0.9846666666666668,0.806060606060606,"[3, 6, 9, 12, 15, 17, 18, 22, 23]",9,1.0,0.5555555555555556,0.4444444444444444,521.3981885910034
