seed,p,n,k_star,p_edge,noise_scale,mu_scale,q_source,K_multiplier,K,criterion,mu_star,mu_star_relative,log_loss_star,auc_star,stability_star,support,k_actual,S_recall,S_precision,C_inclusion,fit_seconds
15,30,300,5,0.5,1.0,2509.3883834563176,oracle,2.0,10,stability,0.0,0.0,0.24214400959002247,0.9755555555555555,0.5078571428571428,"[8, 11, 12, 20, 21, 23]",6,0.0,0.0,1.0,549.3440194129944
15,30,300,5,0.5,1.0,2509.3883834563176,uniform,2.0,10,stability,0.0,0.0,0.3243794606305578,0.9653333333333333,0.4732142857142857,"[8, 11, 12, 20, 21, 23]",6,0.0,0.0,1.0,609.2795736789703
15,30,300,5,0.5,1.0,2509.3883834563176,adversarial,2.0,10,stability,25.093883834563176,0.01,0.2868092992096175,0.9744444444444443,0.8142857142857143,"[8, 11, 12, 20, 21, 23]",6,0.0,0.0,1.0,567.7754471302032
15,30,300,5,0.5,1.0,2509.3883834563176,pc,2.0,10,stability,0.0,0.0,0.2581969813131533,0.9802222222222223,0.5196428571428571,"[8, 11, 12, 20, 21, 23]",6,0.0,0.0,1.0,511.65737533569336
15,30,300,5,0.5,1.0,2509.3883834563176,ges,2.0,10,stability,0.0,0.0,0.3056032147846656,0.97,0.7633333333333334,"[8, 11, 12, 20, 21, 23]",6,0.0,0.0,1.0,625.1082694530487
15,30,300,5,0.5,1.0,2509.3883834563176,bootstrap_l1,2.0,10,stability,88.10943749927291,0.03511191734215131,0.24973298610779113,0.9786666666666667,0.6053571428571429,"[7, 8, 11, 12, 20, 21, 23]",7,0.0,0.0,1.0,622.4784693717957
