seed,p,n,k_star,p_edge,noise_scale,mu_scale,q_source,K_multiplier,K,criterion,mu_star,mu_star_relative,log_loss_star,auc_star,stability_star,support,k_actual,S_recall,S_precision,C_inclusion,fit_seconds
19,30,300,5,0.7,1.0,23806.177551888286,oracle,2.0,10,stability,238.06177551888285,0.01,0.043159233738072705,0.9988888888888889,0.39666666666666667,"[19, 20, 21, 29]",4,0.2,0.25,0.75,633.3114120960236
19,30,300,5,0.7,1.0,23806.177551888286,uniform,2.0,10,stability,0.0,0.0,0.07786632142817859,0.999111111111111,0.35333333333333333,"[19, 21, 29]",3,0.0,0.0,1.0,637.9995658397675
19,30,300,5,0.7,1.0,23806.177551888286,adversarial,2.0,10,stability,238.06177551888285,0.01,0.09839813721571819,0.9966666666666667,0.3883333333333333,"[19, 21, 29]",3,0.0,0.0,1.0,653.4239058494568
19,30,300,5,0.7,1.0,23806.177551888286,pc,2.0,10,stability,238.06177551888285,0.01,0.01290435830770976,1.0,0.6833333333333333,"[22, 29]",2,0.0,0.0,1.0,573.2525188922882
19,30,300,5,0.7,1.0,23806.177551888286,ges,2.0,10,stability,238.06177551888285,0.01,0.02037037437641861,1.0,0.4833333333333332,[22],1,0.0,0.0,1.0,704.2071974277496
19,30,300,5,0.7,1.0,23806.177551888286,bootstrap_l1,2.0,10,stability,238.06177551888285,0.01,0.0558100056278472,0.9982222222222223,0.5933333333333334,"[7, 19, 21, 28]",4,0.2,0.25,0.75,663.2737731933594
