seed,p,n,k_star,p_edge,noise_scale,mu_scale,q_source,K_multiplier,K,criterion,mu_star,mu_star_relative,log_loss_star,auc_star,stability_star,support,k_actual,S_recall,S_precision,C_inclusion,fit_seconds
7,30,300,5,0.5,1.0,3920.9504320644573,oracle,2.0,10,stability,0.0,0.0,0.4322971595675158,0.8746666666666668,0.4647619047619047,"[15, 19, 22, 25]",4,0.0,0.0,1.0,622.6001722812653
7,30,300,5,0.5,1.0,3920.9504320644573,uniform,2.0,10,stability,0.0,0.0,0.36661560279660615,0.9186666666666665,0.3907142857142857,"[15, 19, 22, 25]",4,0.0,0.0,1.0,645.8646385669708
7,30,300,5,0.5,1.0,3920.9504320644573,adversarial,2.0,10,stability,0.0,0.0,0.20123481938982962,0.9724444444444444,0.3896031746031746,"[15, 19, 22, 25]",4,0.0,0.0,1.0,605.6782667636871
7,30,300,5,0.5,1.0,3920.9504320644573,pc,2.0,10,stability,0.0,0.0,0.5204256997643516,0.8444444444444444,0.4278571428571428,"[15, 19, 22, 25]",4,0.0,0.0,1.0,611.9278199672699
7,30,300,5,0.5,1.0,3920.9504320644573,ges,2.0,10,stability,137.6720874733197,0.03511191734215131,0.014551881169927349,1.0,0.7428571428571428,"[0, 8, 12, 14, 17, 28]",6,0.2,0.16666666666666666,0.8333333333333334,603.8184108734131
7,30,300,5,0.5,1.0,3920.9504320644573,bootstrap_l1,2.0,10,stability,39.20950432064458,0.01,0.36596110521327263,0.9242222222222223,0.5609523809523809,"[8, 15, 19, 22]",4,0.0,0.0,1.0,637.658319234848
