seed,p,n,k_star,p_edge,noise_scale,mu_scale,q_source,K_multiplier,K,criterion,mu_star,mu_star_relative,log_loss_star,auc_star,stability_star,support,k_actual,S_recall,S_precision,C_inclusion,fit_seconds
19,30,300,5,0.5,1.0,2424.05582355953,oracle,2.0,10,stability,0.0,0.0,0.59771834457953,0.8233333333333335,0.6799999999999999,"[2, 14, 19, 29]",4,0.0,0.0,1.0,566.3674385547638
19,30,300,5,0.5,1.0,2424.05582355953,uniform,2.0,10,stability,0.0,0.0,0.6587300558307163,0.8197777777777778,0.6799999999999999,"[2, 14, 19, 29]",4,0.0,0.0,1.0,581.4658203125
19,30,300,5,0.5,1.0,2424.05582355953,adversarial,2.0,10,stability,24.2405582355953,0.01,0.5162903901572743,0.86,0.5304761904761904,"[2, 14, 19, 29]",4,0.0,0.0,1.0,614.2750871181488
19,30,300,5,0.5,1.0,2424.05582355953,pc,2.0,10,stability,24.2405582355953,0.01,0.7576095364093016,0.8220000000000001,0.6485714285714286,"[2, 14, 19, 29]",4,0.0,0.0,1.0,601.9329607486725
19,30,300,5,0.5,1.0,2424.05582355953,ges,2.0,10,stability,0.0,0.0,0.65993765493,0.7922222222222222,0.6666666666666667,"[2, 14, 19, 29]",4,0.0,0.0,1.0,640.8660645484924
19,30,300,5,0.5,1.0,2424.05582355953,bootstrap_l1,2.0,10,stability,0.0,0.0,0.7280710936605909,0.7744444444444445,0.7,"[2, 14, 19, 29]",4,0.0,0.0,1.0,627.6853442192078
