seed,p,n,k_star,p_edge,noise_scale,mu_scale,q_source,K_multiplier,K,criterion,mu_star,mu_star_relative,log_loss_star,auc_star,stability_star,support,k_actual,S_recall,S_precision,C_inclusion,fit_seconds
1,30,300,5,0.1,1.0,44.28119047222439,oracle,2.0,10,stability,0.0,0.0,0.14700408953720429,0.9915555555555556,0.5573737373737374,"[1, 4, 7, 13, 15, 27, 29]",7,1.0,0.7142857142857143,0.14285714285714285,472.4507884979248
1,30,300,5,0.1,1.0,44.28119047222439,uniform,2.0,10,stability,0.0,0.0,0.17349009070164517,0.9904444444444446,0.5657517482517481,"[1, 4, 7, 13, 15, 27, 29]",7,1.0,0.7142857142857143,0.14285714285714285,474.90292048454285
1,30,300,5,0.1,1.0,44.28119047222439,adversarial,2.0,10,stability,35.91783881609173,0.8111308307896867,0.2531437995087573,0.9646666666666667,0.7933333333333332,"[5, 9, 13, 16, 18, 20, 23, 24, 29]",9,0.2,0.1111111111111111,0.8888888888888888,557.0440254211426
1,30,300,5,0.1,1.0,44.28119047222439,pc,2.0,10,stability,19.16827027964289,0.4328761281083057,0.14523507755168863,0.9915555555555556,0.6509090909090909,"[1, 4, 7, 13, 15, 27, 29]",7,1.0,0.7142857142857143,0.14285714285714285,506.9130971431732
1,30,300,5,0.1,1.0,44.28119047222439,ges,2.0,10,stability,35.91783881609173,0.8111308307896867,0.1141713820893355,0.9926666666666666,0.8805555555555558,"[1, 7, 12, 13, 15, 18, 26, 27]",8,1.0,0.625,0.125,479.68371534347534
1,30,300,5,0.1,1.0,44.28119047222439,bootstrap_l1,2.0,10,stability,2.9134066439066566,0.0657933224657568,0.12261264437273063,0.9908888888888889,0.7486868686868687,"[1, 4, 7, 12, 13, 15, 18, 26, 27, 29]",10,1.0,0.5,0.2,519.9464552402496
