seed,p,n,k_star,p_edge,noise_scale,mu_scale,q_source,K_multiplier,K,criterion,mu_star,mu_star_relative,log_loss_star,auc_star,stability_star,support,k_actual,S_recall,S_precision,C_inclusion,fit_seconds
5,30,300,5,0.3,1.0,912.9060419244051,oracle,2.0,10,stability,32.05388148520023,0.03511191734215131,0.04698492127655448,0.9984444444444444,0.561161616161616,"[1, 2, 4, 15, 16, 20, 21, 22, 27, 28]",10,1.0,0.5,0.5,585.7387862205505
5,30,300,5,0.3,1.0,912.9060419244051,uniform,2.0,10,stability,0.0,0.0,0.04963873822155608,0.9986666666666666,0.5547077922077922,"[2, 3, 6, 7, 16, 24, 28]",7,0.2,0.14285714285714285,0.8571428571428571,590.7585399150848
5,30,300,5,0.3,1.0,912.9060419244051,adversarial,2.0,10,stability,9.129060419244052,0.01,0.17176985050944935,0.9837777777777779,0.4812590187590188,"[1, 3, 6, 8, 11, 15, 16, 21]",8,0.0,0.0,1.0,585.5782887935638
5,30,300,5,0.3,1.0,912.9060419244051,pc,2.0,10,stability,60.06312159727008,0.0657933224657568,0.22911417649998594,0.9873333333333333,0.5658333333333333,"[1, 9, 11, 14, 15, 16, 21]",7,0.0,0.0,1.0,566.3779711723328
5,30,300,5,0.3,1.0,912.9060419244051,ges,2.0,10,stability,60.06312159727008,0.0657933224657568,0.031837093995168,0.9995555555555555,0.85,"[2, 4, 16, 20, 22, 27]",6,1.0,0.8333333333333334,0.16666666666666666,618.5766241550446
5,30,300,5,0.3,1.0,912.9060419244051,bootstrap_l1,2.0,10,stability,17.106192467924625,0.01873817422860384,0.025485050584507018,0.9997777777777778,0.9428571428571428,"[2, 6, 14, 16, 20, 28]",6,0.4,0.3333333333333333,0.6666666666666666,618.2340755462646
