seed,p,n,k_star,p_edge,noise_scale,mu_scale,q_source,K_multiplier,K,criterion,mu_star,mu_star_relative,log_loss_star,auc_star,stability_star,support,k_actual,S_recall,S_precision,C_inclusion,fit_seconds
8,30,300,5,0.2,2.0,978.4785376480221,oracle,2.0,10,stability,9.78478537648022,0.01,0.0382328360919452,0.9991111111111112,0.5909595959595959,"[3, 5, 6, 8, 9, 16, 20, 25, 29]",9,0.8,0.4444444444444444,0.5555555555555556,534.3200643062592
8,30,300,5,0.2,2.0,978.4785376480221,uniform,2.0,10,stability,0.0,0.0,0.02376794641091304,0.9995555555555555,0.6693614718614719,"[3, 6, 8, 9, 16, 20, 23, 25]",8,0.6,0.375,0.625,570.1647810935974
8,30,300,5,0.2,2.0,978.4785376480221,adversarial,2.0,10,stability,9.78478537648022,0.01,0.11519803532019854,0.9944444444444442,0.5073426573426573,"[3, 7, 17, 19, 20, 22, 23, 27, 28]",9,0.2,0.1111111111111111,0.8888888888888888,557.419825553894
8,30,300,5,0.2,2.0,978.4785376480221,pc,2.0,10,stability,9.78478537648022,0.01,0.03236379401259549,0.9991111111111112,0.5873737373737373,"[3, 6, 8, 9, 16, 20, 23, 25]",8,0.6,0.375,0.625,554.736442565918
8,30,300,5,0.2,2.0,978.4785376480221,ges,2.0,10,stability,120.63140747534047,0.12328467394420659,0.04970312227242965,0.9988888888888889,0.6541666666666666,"[5, 6, 9, 13, 18, 20, 25]",7,0.8,0.5714285714285714,0.42857142857142855,635.2497253417969
8,30,300,5,0.2,2.0,978.4785376480221,bootstrap_l1,2.0,10,stability,9.78478537648022,0.01,0.015588051382399415,1.0,0.9142857142857143,"[3, 6, 9, 16, 20, 23, 25]",7,0.6,0.42857142857142855,0.5714285714285714,563.4667408466339
