seed,p,n,k_star,p_edge,noise_scale,mu_scale,q_source,K_multiplier,K,criterion,mu_star,mu_star_relative,log_loss_star,auc_star,stability_star,support,k_actual,S_recall,S_precision,C_inclusion,fit_seconds
14,30,300,5,0.7,1.0,5442.925650204584,oracle,2.0,10,stability,54.42925650204584,0.01,0.18495456349786488,0.99,0.42750000000000005,"[4, 11, 12, 24]",4,0.4,0.5,0.5,635.6831338405609
14,30,300,5,0.7,1.0,5442.925650204584,uniform,2.0,10,stability,0.0,0.0,0.12761975330584768,0.9935555555555556,0.4958333333333333,"[12, 13, 24, 26, 29]",5,0.2,0.2,0.8,623.8814458847046
14,30,300,5,0.7,1.0,5442.925650204584,adversarial,2.0,10,stability,54.42925650204584,0.01,0.5660897909278567,0.9535555555555556,0.7178571428571429,"[13, 24, 29]",3,0.0,0.0,1.0,599.7475428581238
14,30,300,5,0.7,1.0,5442.925650204584,pc,2.0,10,stability,0.0,0.0,0.21100181193309978,0.9855555555555554,0.5866666666666666,"[12, 13, 24, 26, 29]",5,0.2,0.2,0.8,626.9302887916565
14,30,300,5,0.7,1.0,5442.925650204584,ges,2.0,10,stability,54.42925650204584,0.01,0.0321259532445593,0.9997777777777778,0.7142857142857142,"[3, 5, 8, 17, 26, 29]",6,0.4,0.3333333333333333,0.6666666666666666,681.6666963100433
14,30,300,5,0.7,1.0,5442.925650204584,bootstrap_l1,2.0,10,stability,54.42925650204584,0.01,0.21262508240000155,0.9924444444444444,0.6950000000000001,"[4, 12, 13, 24]",4,0.4,0.5,0.5,625.1536755561829
