seed,p,n,k_star,p_edge,noise_scale,mu_scale,q_source,K_multiplier,K,criterion,mu_star,mu_star_relative,log_loss_star,auc_star,stability_star,support,k_actual,S_recall,S_precision,C_inclusion,fit_seconds
18,30,300,5,0.3,1.0,320.33089000759503,oracle,2.0,10,stability,3.2033089000759505,0.01,0.059094359670515816,0.9973333333333333,0.42355089355089354,"[4, 5, 10, 11, 13, 18]",6,0.8,0.6666666666666666,0.3333333333333333,568.2303133010864
18,30,300,5,0.3,1.0,320.33089000759503,uniform,2.0,10,stability,0.0,0.0,0.13483521124026507,0.9946666666666667,0.3061111111111111,"[13, 17, 18, 19, 29]",5,0.2,0.2,0.8,604.8931632041931
18,30,300,5,0.3,1.0,320.33089000759503,adversarial,2.0,10,stability,3.2033089000759505,0.01,0.08107031695925156,0.9962222222222223,0.43138888888888893,"[1, 9, 15, 17, 18, 19, 29]",7,0.0,0.0,1.0,574.7042026519775
18,30,300,5,0.3,1.0,320.33089000759503,pc,2.0,10,stability,486.8744699347207,1.5199110829529332,0.09549082717337884,0.9966666666666667,0.44763347763347755,"[1, 9, 16, 18, 21, 27, 29]",7,0.0,0.0,1.0,605.8216950893402
18,30,300,5,0.3,1.0,320.33089000759503,ges,2.0,10,stability,6.002416027766048,0.01873817422860384,0.05076713713552863,0.9993333333333332,0.7071428571428571,"[4, 5, 10, 11, 13, 24]",6,1.0,0.8333333333333334,0.16666666666666666,655.9721140861511
18,30,300,5,0.3,1.0,320.33089000759503,bootstrap_l1,2.0,10,stability,138.6635953799753,0.4328761281083057,0.06444288835756612,0.9977777777777778,0.8428571428571429,"[5, 10, 13, 18, 19, 21]",6,0.4,0.3333333333333333,0.6666666666666666,608.0091872215271
