seed,p,n,k_star,p_edge,noise_scale,mu_scale,q_source,K_multiplier,K,criterion,mu_star,mu_star_relative,log_loss_star,auc_star,stability_star,support,k_actual,S_recall,S_precision,C_inclusion,fit_seconds
3,30,300,5,0.2,2.0,178.11681388131308,oracle,2.0,10,stability,1.7811681388131309,0.01,0.09377319442573925,0.9966666666666667,0.5884282384282384,"[1, 3, 4, 7, 8, 15, 16, 20, 21, 23]",10,1.0,0.5,0.5,514.5773878097534
3,30,300,5,0.2,2.0,178.11681388131308,uniform,2.0,10,stability,0.0,0.0,0.08375765280238118,0.9955555555555555,0.6201748251748251,"[1, 4, 5, 6, 7, 15, 16, 23, 25, 28]",10,0.8,0.4,0.6,543.3164880275726
3,30,300,5,0.2,2.0,178.11681388131308,adversarial,2.0,10,stability,3.3375838915518474,0.01873817422860384,0.12903892066913186,0.9888888888888889,0.7757575757575758,"[4, 5, 6, 9, 15, 17, 24, 25, 28]",9,0.2,0.1111111111111111,0.8888888888888888,510.51549339294434
3,30,300,5,0.2,2.0,178.11681388131308,pc,2.0,10,stability,0.0,0.0,0.13528887323245015,0.9891111111111112,0.6066899766899766,"[1, 4, 5, 6, 7, 15, 16, 23, 25, 28]",10,0.8,0.4,0.6,586.6606452465057
3,30,300,5,0.2,2.0,178.11681388131308,ges,2.0,10,stability,21.95907332333861,0.12328467394420659,0.06460567513984727,0.9973333333333333,0.7533333333333333,"[1, 3, 5, 15, 16, 20, 24, 25, 28]",9,0.8,0.4444444444444444,0.5555555555555556,603.1558878421783
3,30,300,5,0.2,2.0,178.11681388131308,bootstrap_l1,2.0,10,stability,6.254022846248013,0.03511191734215131,0.10333812190968501,0.9911111111111112,0.7863636363636364,"[1, 3, 4, 7, 8, 15, 16, 20, 23]",9,1.0,0.5555555555555556,0.4444444444444444,576.4472019672394
