seed,p,n,k_star,p_edge,noise_scale,mu_scale,q_source,K_multiplier,K,criterion,mu_star,mu_star_relative,log_loss_star,auc_star,stability_star,support,k_actual,S_recall,S_precision,C_inclusion,fit_seconds
9,30,300,5,0.7,1.0,16481.8077678356,oracle,2.0,10,stability,164.818077678356,0.01,0.06388883778138904,0.9984444444444444,0.4553571428571428,"[8, 17, 20, 21, 22]",5,0.2,0.2,0.8,593.6262834072113
9,30,300,5,0.7,1.0,16481.8077678356,uniform,2.0,10,stability,0.0,0.0,0.058147996810235615,0.9993333333333334,0.4140476190476191,"[8, 13, 17, 20, 21, 22]",6,0.2,0.16666666666666666,0.8333333333333334,652.7593882083893
9,30,300,5,0.7,1.0,16481.8077678356,adversarial,2.0,10,stability,0.0,0.0,0.05740904901902556,0.9997777777777778,0.439047619047619,"[8, 13, 17, 20, 21, 22]",6,0.2,0.16666666666666666,0.8333333333333334,453.1429204940796
9,30,300,5,0.7,1.0,16481.8077678356,pc,2.0,10,stability,0.0,0.0,0.05542492157888508,0.9993333333333332,0.5383333333333333,"[8, 13, 17, 20, 21, 22]",6,0.2,0.16666666666666666,0.8333333333333334,314.5313584804535
9,30,300,5,0.7,1.0,16481.8077678356,ges,2.0,10,stability,164.818077678356,0.01,0.045880305174085936,0.9997777777777778,0.6166666666666667,"[1, 20, 29]",3,0.4,0.6666666666666666,0.3333333333333333,332.37795329093933
9,30,300,5,0.7,1.0,16481.8077678356,bootstrap_l1,2.0,10,stability,164.818077678356,0.01,0.01432505493245762,1.0,0.8071428571428573,"[8, 13, 20, 21, 27, 28]",6,0.2,0.16666666666666666,0.8333333333333334,313.6621460914612
