seed,p,n,k_star,p_edge,noise_scale,mu_scale,q_source,K_multiplier,K,criterion,mu_star,mu_star_relative,log_loss_star,auc_star,stability_star,support,k_actual,S_recall,S_precision,C_inclusion,fit_seconds
12,30,300,5,0.2,1.0,519.8702548673039,oracle,2.0,10,stability,5.1987025486730385,0.01,0.05932505593826024,0.9982222222222221,0.7411111111111112,"[0, 5, 8, 9, 11, 13, 17, 25, 29]",9,1.0,0.5555555555555556,0.4444444444444444,536.2759804725647
12,30,300,5,0.2,1.0,519.8702548673039,uniform,2.0,10,stability,0.0,0.0,0.06330441698096957,0.9975555555555555,0.5478338328338328,"[0, 5, 8, 9, 11, 13, 17, 25, 29]",9,1.0,0.5555555555555556,0.4444444444444444,557.6014149188995
12,30,300,5,0.2,1.0,519.8702548673039,adversarial,2.0,10,stability,0.0,0.0,0.04430667084355957,0.9991111111111112,0.6052020202020202,"[0, 5, 8, 9, 11, 13, 17, 25, 29]",9,1.0,0.5555555555555556,0.4444444444444444,565.694224357605
12,30,300,5,0.2,1.0,519.8702548673039,pc,2.0,10,stability,64.09203486460713,0.12328467394420659,0.06493207455100716,0.9966666666666667,0.8345454545454546,"[0, 5, 6, 8, 11, 12, 18, 25, 27, 29]",10,1.0,0.5,0.5,516.1634254455566
12,30,300,5,0.2,1.0,519.8702548673039,ges,2.0,10,stability,64.09203486460713,0.12328467394420659,0.38774949135478154,0.9588888888888889,0.8125,"[0, 6, 8, 11, 13, 29]",6,0.8,0.6666666666666666,0.3333333333333333,604.7883858680725
12,30,300,5,0.2,1.0,519.8702548673039,bootstrap_l1,2.0,10,stability,9.741419411972224,0.01873817422860384,0.045781898181435486,0.9988888888888889,0.7940909090909092,"[0, 8, 9, 11, 12, 13, 25, 27, 29]",9,0.8,0.4444444444444444,0.5555555555555556,577.3384623527527
