seed,p,n,k_star,p_edge,noise_scale,mu_scale,q_source,K_multiplier,K,criterion,mu_star,mu_star_relative,log_loss_star,auc_star,stability_star,support,k_actual,S_recall,S_precision,C_inclusion,fit_seconds
17,30,300,5,0.1,1.0,40.215740882733925,oracle,2.0,10,stability,0.0,0.0,0.16194608841508426,0.9877777777777779,0.589069264069264,"[4, 6, 7, 8, 20, 21, 22, 26, 27]",9,1.0,0.5555555555555556,0.3333333333333333,479.10666155815125
17,30,300,5,0.1,1.0,40.215740882733925,uniform,2.0,10,stability,0.0,0.0,0.22669061272749408,0.9802222222222223,0.5915423465423466,"[4, 6, 7, 8, 20, 21, 22, 26, 27]",9,1.0,0.5555555555555556,0.3333333333333333,465.1710958480835
17,30,300,5,0.1,1.0,40.215740882733925,adversarial,2.0,10,stability,0.0,0.0,0.1905869260473187,0.9857777777777779,0.5826689976689976,"[4, 6, 7, 8, 20, 21, 22, 26, 27]",9,1.0,0.5555555555555556,0.3333333333333333,491.11792063713074
17,30,300,5,0.1,1.0,40.215740882733925,pc,2.0,10,stability,0.7535695593930547,0.01873817422860384,0.22141647487071228,0.9855555555555556,0.568954378954379,"[4, 6, 7, 8, 20, 21, 22, 26, 27]",9,1.0,0.5555555555555556,0.3333333333333333,522.2988681793213
17,30,300,5,0.1,1.0,40.215740882733925,ges,2.0,10,stability,4.95798450215255,0.12328467394420657,0.15017611195820046,0.9893333333333333,0.7172299922299922,"[4, 6, 7, 9, 21, 22, 26, 27]",8,1.0,0.625,0.25,499.62762093544006
17,30,300,5,0.1,1.0,40.215740882733925,bootstrap_l1,2.0,10,stability,17.40843420232476,0.4328761281083057,0.1284624862861864,0.992,0.7791414141414141,"[4, 6, 7, 9, 16, 21, 22, 26, 27]",9,1.0,0.5555555555555556,0.3333333333333333,554.0071210861206
