seed,p,n,k_star,p_edge,noise_scale,mu_scale,q_source,K_multiplier,K,criterion,mu_star,mu_star_relative,log_loss_star,auc_star,stability_star,support,k_actual,S_recall,S_precision,C_inclusion,fit_seconds
2,30,300,5,0.2,0.5,76.52516137856111,oracle,2.0,10,stability,2.686945140918827,0.03511191734215131,0.07030329351893194,0.9975555555555555,0.6031468531468531,"[0, 2, 8, 10, 12, 14, 15, 19, 23, 29]",10,1.0,0.5,0.5,501.4886920452118
2,30,300,5,0.2,0.5,76.52516137856111,uniform,2.0,10,stability,0.0,0.0,0.11077475524471043,0.9962222222222221,0.4587162837162837,"[0, 2, 10, 14, 19, 23, 26, 28]",8,0.6,0.375,0.625,519.5672323703766
2,30,300,5,0.2,0.5,76.52516137856111,adversarial,2.0,10,stability,0.7652516137856111,0.01,0.16449151302342596,0.99,0.5045182595182595,"[0, 6, 10, 14, 17, 19, 20, 25, 28]",9,0.4,0.2222222222222222,0.7777777777777778,508.4205801486969
2,30,300,5,0.2,0.5,76.52516137856111,pc,2.0,10,stability,62.07191772530713,0.8111308307896868,0.0852111235825173,0.9964444444444445,0.6600932400932401,"[0, 2, 8, 10, 12, 14, 19, 23, 29]",9,1.0,0.5555555555555556,0.4444444444444444,562.2213983535767
2,30,300,5,0.2,0.5,76.52516137856111,ges,2.0,10,stability,2.686945140918827,0.03511191734215131,0.1310615487442694,0.9915555555555556,0.6982323232323232,"[0, 2, 8, 10, 14, 19, 23, 25, 28, 29]",10,1.0,0.5,0.5,543.9592020511627
2,30,300,5,0.2,0.5,76.52516137856111,bootstrap_l1,2.0,10,stability,17.678304810427072,0.23101297000831592,0.054917258704771744,0.9982222222222223,0.9272727272727274,"[0, 2, 10, 12, 14, 15, 17, 19, 25, 29]",10,0.8,0.4,0.6,525.9328591823578
