seed,p,n,k_star,p_edge,noise_scale,mu_scale,q_source,K_multiplier,K,criterion,mu_star,mu_star_relative,log_loss_star,auc_star,stability_star,support,k_actual,S_recall,S_precision,C_inclusion,fit_seconds
11,30,300,5,0.1,1.0,39.37053741584149,oracle,2.0,10,stability,0.0,0.0,0.1429464825003458,0.989111111111111,0.5274009324009323,"[0, 7, 8, 9, 13, 17, 18, 28, 29]",9,1.0,0.5555555555555556,0.4444444444444444,527.8293974399567
11,30,300,5,0.1,1.0,39.37053741584149,uniform,2.0,10,stability,0.0,0.0,0.142710992622199,0.99,0.5037062937062937,"[0, 7, 8, 9, 13, 17, 18, 28, 29]",9,1.0,0.5555555555555556,0.4444444444444444,539.182065486908
11,30,300,5,0.1,1.0,39.37053741584149,adversarial,2.0,10,stability,1.3823750554611016,0.03511191734215131,0.15946983052653735,0.9888888888888889,0.8100000000000002,"[0, 2, 8, 9, 12, 13, 15, 17, 19, 26]",10,0.6,0.3,0.7,588.5931417942047
11,30,300,5,0.1,1.0,39.37053741584149,pc,2.0,10,stability,31.93465672274796,0.8111308307896868,0.1329405559007629,0.9908888888888889,0.6593686868686869,"[1, 8, 9, 17, 18, 28]",6,1.0,0.8333333333333334,0.0,559.1701200008392
11,30,300,5,0.1,1.0,39.37053741584149,ges,2.0,10,stability,112.12870271991024,2.848035868435799,0.11367075995964673,0.9948888888888888,0.8142857142857143,"[8, 9, 17, 18, 28]",5,1.0,1.0,0.0,600.0585200786591
11,30,300,5,0.1,1.0,39.37053741584149,bootstrap_l1,2.0,10,stability,2.5903184638506023,0.0657933224657568,0.1146899752305108,0.9940000000000001,0.6612121212121211,"[1, 8, 9, 13, 15, 17, 18, 28]",8,1.0,0.625,0.25,582.3190340995789
