seed,p,n,k_star,p_edge,noise_scale,mu_scale,q_source,K_multiplier,K,criterion,mu_star,mu_star_relative,log_loss_star,auc_star,stability_star,support,k_actual,S_recall,S_precision,C_inclusion,fit_seconds
12,30,300,5,0.1,1.0,66.15345527479084,oracle,2.0,10,stability,2.3227746535061593,0.03511191734215131,0.15634693797507332,0.9928888888888888,0.5128288378288378,"[0, 5, 6, 8, 11, 13, 19, 22, 24, 29]",10,1.0,0.5,0.4,527.1529891490936
12,30,300,5,0.1,1.0,66.15345527479084,uniform,2.0,10,stability,0.0,0.0,0.358310880566044,0.9613333333333334,0.31715784215784215,"[5, 12, 14, 16, 22, 23, 24]",7,0.2,0.14285714285714285,0.5714285714285714,569.3135647773743
12,30,300,5,0.1,1.0,66.15345527479084,adversarial,2.0,10,stability,0.0,0.0,0.18843081963206254,0.9844444444444445,0.4491142191142191,"[5, 12, 14, 16, 22, 23, 24]",7,0.2,0.14285714285714285,0.5714285714285714,586.7550230026245
12,30,300,5,0.1,1.0,66.15345527479084,pc,2.0,10,stability,15.282306179341726,0.23101297000831592,0.1178392139184575,0.9955555555555555,0.6038378288378288,"[0, 5, 6, 8, 10, 12, 13, 14, 24, 29]",10,0.8,0.4,0.5,507.2383484840393
12,30,300,5,0.1,1.0,66.15345527479084,ges,2.0,10,stability,53.65910713664949,0.8111308307896868,0.12618015071328242,0.9946666666666667,0.5671212121212121,"[0, 5, 6, 8, 10, 11, 14, 16, 23, 29]",10,1.0,0.5,0.4,552.7329692840576
12,30,300,5,0.1,1.0,66.15345527479084,bootstrap_l1,2.0,10,stability,53.65910713664949,0.8111308307896868,0.09305303584794936,0.9944444444444445,0.6198484848484849,"[5, 8, 10, 11, 12, 13, 24]",7,0.6,0.42857142857142855,0.42857142857142855,592.0562222003937
