seed,p,n,k_star,p_edge,noise_scale,mu_scale,q_source,K_multiplier,K,criterion,mu_star,mu_star_relative,log_loss_star,auc_star,stability_star,support,k_actual,S_recall,S_precision,C_inclusion,fit_seconds
8,30,300,5,0.5,1.0,4167.262326677218,oracle,2.0,10,stability,41.67262326677218,0.01,0.07609103277516416,0.998,0.555952380952381,"[5, 17, 20, 26, 27, 28]",6,0.6,0.5,0.5,607.3194797039032
8,30,300,5,0.5,1.0,4167.262326677218,uniform,2.0,10,stability,0.0,0.0,0.029974252681532386,0.9993333333333332,0.42666666666666664,"[3, 5, 11, 26, 27]",5,0.4,0.4,0.6,648.311295747757
8,30,300,5,0.5,1.0,4167.262326677218,adversarial,2.0,10,stability,41.67262326677218,0.01,0.031039920676421785,0.9997777777777778,0.5432142857142858,"[11, 13, 19, 27]",4,0.0,0.0,1.0,650.2431995868683
8,30,300,5,0.5,1.0,4167.262326677218,pc,2.0,10,stability,146.3205703573516,0.03511191734215131,0.1423882030034815,0.9906666666666666,0.55,"[3, 14, 27]",3,0.0,0.0,1.0,657.7104406356812
8,30,300,5,0.5,1.0,4167.262326677218,ges,2.0,10,stability,78.08688753357472,0.01873817422860384,0.07831691983173379,0.9968888888888889,0.5779761904761904,"[5, 14, 26, 27]",4,0.4,0.5,0.5,666.3231184482574
8,30,300,5,0.5,1.0,4167.262326677218,bootstrap_l1,2.0,10,stability,41.67262326677218,0.01,0.022526109557880862,1.0,0.6095238095238096,"[3, 11, 19, 27]",4,0.0,0.0,1.0,585.1174948215485
