seed,p,n,k_star,p_edge,noise_scale,mu_scale,q_source,K_multiplier,K,criterion,mu_star,mu_star_relative,log_loss_star,auc_star,stability_star,support,k_actual,S_recall,S_precision,C_inclusion,fit_seconds
9,30,300,5,0.3,1.0,4501.565729932447,oracle,2.0,10,stability,45.01565729932447,0.01,0.03588066229887099,0.9995555555555555,0.3996825396825397,"[0, 16, 20, 22, 26, 29]",6,0.6,0.5,0.5,598.2042796611786
9,30,300,5,0.3,1.0,4501.565729932447,uniform,2.0,10,stability,0.0,0.0,0.2671402215501931,0.9873333333333333,0.35365079365079366,"[0, 14, 20, 26, 27, 28, 29]",7,0.4,0.2857142857142857,0.7142857142857143,620.4939098358154
9,30,300,5,0.3,1.0,4501.565729932447,adversarial,2.0,10,stability,45.01565729932447,0.01,0.12495558086312228,0.9915555555555556,0.3937842712842713,"[0, 22, 26, 28]",4,0.0,0.0,1.0,644.276008605957
9,30,300,5,0.3,1.0,4501.565729932447,pc,2.0,10,stability,45.01565729932447,0.01,0.0373093438411864,0.9988888888888889,0.5773809523809523,"[0, 14, 21, 22, 26, 28, 29]",7,0.2,0.14285714285714285,0.8571428571428571,597.1047539710999
9,30,300,5,0.3,1.0,4501.565729932447,ges,2.0,10,stability,84.3511229489864,0.01873817422860384,0.03224243866203262,0.9995555555555555,0.4319047619047619,"[0, 8, 20, 29]",4,0.4,0.5,0.5,345.93887734413147
9,30,300,5,0.3,1.0,4501.565729932447,bootstrap_l1,2.0,10,stability,84.3511229489864,0.01873817422860384,0.024366903266855738,0.9997777777777778,0.7722222222222223,"[0, 14, 15, 17, 22, 26, 27, 28]",8,0.0,0.0,1.0,332.5914044380188
