seed,p,n,k_star,p_edge,noise_scale,mu_scale,q_source,K_multiplier,K,criterion,mu_star,mu_star_relative,log_loss_star,auc_star,stability_star,support,k_actual,S_recall,S_precision,C_inclusion,fit_seconds
10,30,300,5,0.1,1.0,56.63617613944838,oracle,2.0,10,stability,0.0,0.0,0.0956593409386502,0.9955555555555555,0.6356410256410256,"[1, 3, 10, 11, 12, 14, 16, 22, 25, 28]",10,1.0,0.5,0.4,487.318781375885
10,30,300,5,0.1,1.0,56.63617613944838,uniform,2.0,10,stability,0.0,0.0,0.13259213181125656,0.992,0.511938061938062,"[1, 3, 10, 11, 12, 14, 16, 22, 25, 28]",10,1.0,0.5,0.4,485.17945528030396
10,30,300,5,0.1,1.0,56.63617613944838,adversarial,2.0,10,stability,0.0,0.0,0.0788836994877812,0.9964444444444445,0.6937878787878788,"[1, 3, 10, 11, 12, 14, 16, 22, 25, 28]",10,1.0,0.5,0.4,523.2590053081512
10,30,300,5,0.1,1.0,56.63617613944838,pc,2.0,10,stability,0.0,0.0,0.12108827947674512,0.9944444444444445,0.566098901098901,"[1, 3, 10, 11, 12, 14, 16, 22, 25, 28]",10,1.0,0.5,0.4,497.4903004169464
10,30,300,5,0.1,1.0,56.63617613944838,ges,2.0,10,stability,45.9393486047418,0.8111308307896868,0.07624242676471316,0.9977777777777778,0.8275757575757575,"[1, 3, 10, 11, 12, 14, 16, 28]",8,1.0,0.625,0.25,518.5091259479523
10,30,300,5,0.1,1.0,56.63617613944838,bootstrap_l1,2.0,10,stability,0.5663617613944838,0.01,0.08806109152219832,0.9962222222222223,0.717929292929293,"[1, 3, 10, 11, 12, 14, 16, 22, 25, 28]",10,1.0,0.5,0.4,529.8821043968201
