seed,p,n,k_star,p_edge,noise_scale,mu_scale,q_source,K_multiplier,K,criterion,mu_star,mu_star_relative,log_loss_star,auc_star,stability_star,support,k_actual,S_recall,S_precision,C_inclusion,fit_seconds
4,30,300,5,0.5,1.0,5058.61641312879,oracle,2.0,10,stability,94.78923570488229,0.01873817422860384,0.0717897314488359,0.9973333333333333,0.3712301587301587,"[5, 8, 9, 14, 20, 26, 27, 29]",8,0.8,0.5,0.5,607.2230417728424
4,30,300,5,0.5,1.0,5058.61641312879,uniform,2.0,10,stability,0.0,0.0,0.06827107752449277,0.9986666666666666,0.3375,"[2, 5, 8, 9, 14, 20, 26]",7,0.4,0.2857142857142857,0.7142857142857143,668.3883934020996
4,30,300,5,0.5,1.0,5058.61641312879,adversarial,2.0,10,stability,50.586164131287894,0.01,0.12226354640640173,0.9915555555555555,0.665,"[5, 9, 14, 23]",4,0.0,0.0,1.0,617.6573495864868
4,30,300,5,0.5,1.0,5058.61641312879,pc,2.0,10,stability,94.78923570488229,0.01873817422860384,0.09898615210090644,0.9964444444444445,0.4808333333333333,"[5, 9, 20, 24, 26]",5,0.2,0.2,0.8,663.7560927867889
4,30,300,5,0.5,1.0,5058.61641312879,ges,2.0,10,stability,0.0,0.0,0.13534924240314367,0.9966666666666667,0.42559523809523814,"[2, 5, 8, 9, 14, 20, 26]",7,0.4,0.2857142857142857,0.7142857142857143,712.4158489704132
4,30,300,5,0.5,1.0,5058.61641312879,bootstrap_l1,2.0,10,stability,50.586164131287894,0.01,0.03278272045782352,0.9995555555555555,0.7238095238095239,"[5, 9, 14, 20, 26, 29]",6,0.4,0.3333333333333333,0.6666666666666666,647.3147149085999
