seed,p,n,k_star,p_edge,noise_scale,mu_scale,q_source,K_multiplier,K,criterion,mu_star,mu_star_relative,log_loss_star,auc_star,stability_star,support,k_actual,S_recall,S_precision,C_inclusion,fit_seconds
5,30,300,5,0.2,2.0,256.0399388238618,oracle,2.0,10,stability,2.560399388238618,0.01,0.08054021023278606,0.9975555555555555,0.6098556998556998,"[2, 4, 7, 12, 14, 20, 22, 27]",8,1.0,0.625,0.375,526.6081902980804
5,30,300,5,0.2,2.0,256.0399388238618,uniform,2.0,10,stability,0.0,0.0,0.08920441871914149,0.9948888888888888,0.42496336996337,"[2, 4, 6, 7, 9, 11, 12, 14, 22, 26]",10,0.6,0.3,0.7,554.1174654960632
5,30,300,5,0.2,2.0,256.0399388238618,adversarial,2.0,10,stability,2.560399388238618,0.01,0.17864405547190237,0.9884444444444445,0.49810606060606066,"[2, 7, 8, 9, 11, 12, 14, 22, 26]",9,0.4,0.2222222222222222,0.7777777777777778,569.489912033081
5,30,300,5,0.2,2.0,256.0399388238618,pc,2.0,10,stability,16.84571825915098,0.0657933224657568,0.09162592108484013,0.9957777777777779,0.6436363636363636,"[1, 2, 4, 7, 9, 12, 14, 18, 20, 24]",10,0.6,0.3,0.7,546.3662467002869
5,30,300,5,0.2,2.0,256.0399388238618,ges,2.0,10,stability,59.14854670844783,0.23101297000831592,0.10725139151816106,0.9933333333333334,0.7884920634920635,"[0, 2, 4, 7, 8, 9, 14, 24]",8,0.4,0.25,0.75,551.7156600952148
5,30,300,5,0.2,2.0,256.0399388238618,bootstrap_l1,2.0,10,stability,1366.4081446794132,5.336699231206307,0.08601925633187882,0.9946666666666667,0.7390909090909092,"[1, 2, 4, 7, 9, 14, 16, 18, 20, 24]",10,0.6,0.3,0.7,537.177562713623
