seed,p,n,k_star,p_edge,noise_scale,mu_scale,q_source,K_multiplier,K,criterion,mu_star,mu_star_relative,log_loss_star,auc_star,stability_star,support,k_actual,S_recall,S_precision,C_inclusion,fit_seconds
11,30,300,5,0.4,1.0,839.9724338333376,oracle,2.0,10,stability,8.399724338333376,0.01,0.2045703969629681,0.9800000000000001,0.48984848484848487,"[1, 9, 11, 18, 28]",5,0.6,0.6,0.4,594.743362903595
11,30,300,5,0.4,1.0,839.9724338333376,uniform,2.0,10,stability,0.0,0.0,0.13883692627223562,0.9906666666666666,0.3271428571428571,"[1, 9, 11, 16, 24, 26]",6,0.2,0.16666666666666666,0.8333333333333334,597.4540405273438
11,30,300,5,0.4,1.0,839.9724338333376,adversarial,2.0,10,stability,0.0,0.0,0.07597154158589088,0.9991111111111112,0.44222222222222224,"[1, 9, 11, 16, 24, 26]",6,0.2,0.16666666666666666,0.8333333333333334,595.3347225189209
11,30,300,5,0.4,1.0,839.9724338333376,pc,2.0,10,stability,55.26457720154335,0.0657933224657568,0.1385593515351536,0.9908888888888889,0.4821428571428571,"[1, 5, 11, 14, 16, 20]",6,0.0,0.0,1.0,554.6286752223969
11,30,300,5,0.4,1.0,839.9724338333376,ges,2.0,10,stability,8.399724338333376,0.01,0.022253146138870573,0.9997777777777778,0.693030303030303,"[0, 2, 4, 8, 9, 16, 18, 26, 28]",9,0.8,0.4444444444444444,0.5555555555555556,582.8976488113403
11,30,300,5,0.4,1.0,839.9724338333376,bootstrap_l1,2.0,10,stability,8.399724338333376,0.01,0.05238527238705393,0.9984444444444446,0.31264069264069266,"[8, 9, 11, 14, 26]",5,0.4,0.4,0.6,600.8336522579193
