seed,p,n,k_star,p_edge,noise_scale,mu_scale,q_source,K_multiplier,K,criterion,mu_star,mu_star_relative,log_loss_star,auc_star,stability_star,support,k_actual,S_recall,S_precision,C_inclusion,fit_seconds
4,30,300,5,0.2,2.0,206.70258761009063,oracle,2.0,10,stability,2.067025876100906,0.009999999999999998,0.10428808619930399,0.9953333333333333,0.5812121212121213,"[5, 7, 8, 9, 13, 20, 27, 29]",8,1.0,0.625,0.25,496.4259285926819
4,30,300,5,0.2,2.0,206.70258761009063,uniform,2.0,10,stability,0.0,0.0,0.09162949469299189,0.9957777777777779,0.531031746031746,"[5, 7, 8, 9, 13, 20, 27, 29]",8,1.0,0.625,0.25,571.8148648738861
4,30,300,5,0.2,2.0,206.70258761009063,adversarial,2.0,10,stability,7.257724170574291,0.03511191734215131,0.4959238662093708,0.9306666666666669,0.6198556998556999,"[1, 3, 5, 12, 13, 14, 23, 24, 28]",9,0.0,0.0,1.0,505.9592306613922
4,30,300,5,0.2,2.0,206.70258761009063,pc,2.0,10,stability,167.66284161455084,0.8111308307896868,0.09431353139148385,0.9948888888888889,0.621919191919192,"[1, 5, 7, 8, 10, 16, 20, 22, 27, 29]",10,1.0,0.5,0.5,527.8838794231415
4,30,300,5,0.2,2.0,206.70258761009063,ges,2.0,10,stability,47.75097867221116,0.23101297000831592,0.10498389954567619,0.9935555555555556,0.6501262626262625,"[5, 7, 8, 13, 20, 26, 27, 29]",8,1.0,0.625,0.375,510.3525412082672
4,30,300,5,0.2,2.0,206.70258761009063,bootstrap_l1,2.0,10,stability,7.257724170574291,0.03511191734215131,0.09418139488227785,0.9955555555555555,0.6155266955266956,"[5, 7, 8, 9, 13, 14, 20, 23, 29]",9,0.8,0.4444444444444444,0.4444444444444444,584.3149931430817
