seed,p,n,k_star,p_edge,noise_scale,mu_scale,q_source,K_multiplier,K,criterion,mu_star,mu_star_relative,log_loss_star,auc_star,stability_star,support,k_actual,S_recall,S_precision,C_inclusion,fit_seconds
18,30,300,5,0.2,1.0,186.8229379556082,oracle,2.0,10,stability,1.868229379556082,0.01,0.09833753028507837,0.994,0.5483189033189032,"[2, 4, 10, 11, 13, 17, 24, 25, 29]",9,1.0,0.5555555555555556,0.4444444444444444,601.5893297195435
18,30,300,5,0.2,1.0,186.8229379556082,uniform,2.0,10,stability,0.0,0.0,0.10100766695734728,0.9931111111111111,0.5043764568764568,"[4, 10, 11, 13, 15]",5,0.8,0.8,0.2,598.1306653022766
18,30,300,5,0.2,1.0,186.8229379556082,adversarial,2.0,10,stability,0.0,0.0,0.109313111566316,0.9953333333333333,0.4937950937950938,"[4, 10, 11, 13, 15]",5,0.8,0.8,0.2,573.3522253036499
18,30,300,5,0.2,1.0,186.8229379556082,pc,2.0,10,stability,997.0178293593979,5.336699231206307,0.11902068391026507,0.9940000000000001,0.657913752913753,"[4, 7, 10, 11, 13, 14, 15, 17, 21, 25]",10,0.8,0.4,0.5,614.9297132492065
18,30,300,5,0.2,1.0,186.8229379556082,ges,2.0,10,stability,43.158521762804384,0.23101297000831592,0.07992017348321419,0.9962222222222221,0.7766666666666666,"[2, 4, 5, 8, 10, 11, 13, 25]",8,0.8,0.5,0.5,648.2507872581482
18,30,300,5,0.2,1.0,186.8229379556082,bootstrap_l1,2.0,10,stability,6.559711555115178,0.03511191734215131,0.0685161404393179,0.9993333333333332,0.6916161616161617,"[2, 4, 8, 10, 11, 13, 15, 19, 25]",9,0.8,0.4444444444444444,0.5555555555555556,598.4315943717957
