seed,p,n,k_star,p_edge,noise_scale,mu_scale,q_source,K_multiplier,K,criterion,mu_star,mu_star_relative,log_loss_star,auc_star,stability_star,support,k_actual,S_recall,S_precision,C_inclusion,fit_seconds
5,30,300,5,0.2,0.5,64.00998470596545,oracle,2.0,10,stability,1.1994302457906478,0.01873817422860384,0.10466510215205078,0.9960000000000001,0.6362645687645687,"[2, 4, 7, 14, 20, 22, 27]",7,1.0,0.7142857142857143,0.2857142857142857,525.870121717453
5,30,300,5,0.2,0.5,64.00998470596545,uniform,2.0,10,stability,0.0,0.0,0.10213173251698968,0.9931111111111111,0.40379786879786883,"[2, 4, 6, 7, 9, 11, 12, 14, 22, 26]",10,0.6,0.3,0.7,541.9723641872406
5,30,300,5,0.2,0.5,64.00998470596545,adversarial,2.0,10,stability,1.1994302457906478,0.01873817422860384,0.13452000890485996,0.992,0.5876806526806526,"[2, 7, 8, 9, 11, 12, 14, 22, 26]",9,0.4,0.2222222222222222,0.7777777777777778,555.718211889267
5,30,300,5,0.2,0.5,64.00998470596545,pc,2.0,10,stability,51.92047207338491,0.8111308307896868,0.10606363404887327,0.9953333333333333,0.6470629370629372,"[1, 2, 4, 7, 9, 12, 14, 18, 20, 24]",10,0.6,0.3,0.7,547.7028365135193
5,30,300,5,0.2,0.5,64.00998470596545,ges,2.0,10,stability,341.6020361698533,5.336699231206307,0.0867980557498678,0.9933333333333332,0.8138888888888889,"[0, 2, 4, 7, 8, 9, 14, 24]",8,0.4,0.25,0.75,566.6986422538757
5,30,300,5,0.2,0.5,64.00998470596545,bootstrap_l1,2.0,10,stability,51.92047207338491,0.8111308307896868,0.1017364110256395,0.9946666666666666,0.7106060606060607,"[1, 2, 4, 7, 9, 14, 19, 22, 24]",9,0.6,0.3333333333333333,0.6666666666666666,520.3654029369354
