seed,p,n,k_star,p_edge,noise_scale,mu_scale,q_source,K_multiplier,K,criterion,mu_star,mu_star_relative,log_loss_star,auc_star,stability_star,support,k_actual,S_recall,S_precision,C_inclusion,fit_seconds
9,30,300,5,0.2,2.0,930.1706852789389,oracle,2.0,10,stability,9.301706852789389,0.01,0.02954370636761921,0.9995555555555555,0.6281385281385281,"[1, 5, 8, 16, 18, 20, 21, 24, 29]",9,1.0,0.5555555555555556,0.4444444444444444,540.0175197124481
9,30,300,5,0.2,2.0,930.1706852789389,uniform,2.0,10,stability,0.0,0.0,0.023863814314468913,0.9997777777777778,0.466010101010101,"[1, 5, 8, 16, 18, 20, 21, 24]",8,0.8,0.5,0.5,557.0650084018707
9,30,300,5,0.2,2.0,930.1706852789389,adversarial,2.0,10,stability,0.0,0.0,0.049125139907845936,0.9995555555555555,0.43323232323232325,"[1, 5, 8, 16, 18, 20, 21, 24]",8,0.8,0.5,0.5,606.4267649650574
9,30,300,5,0.2,2.0,930.1706852789389,pc,2.0,10,stability,17.429700363096586,0.01873817422860384,0.026217600809001623,0.9997777777777778,0.6221717171717172,"[0, 1, 3, 5, 8, 12, 13, 20, 21]",9,0.4,0.2222222222222222,0.7777777777777778,540.6901214122772
9,30,300,5,0.2,2.0,930.1706852789389,ges,2.0,10,stability,9.301706852789389,0.01,0.029812912553197724,0.9993333333333334,0.6911363636363637,"[0, 1, 3, 5, 8, 12, 18, 20]",8,0.6,0.375,0.625,505.21094942092896
9,30,300,5,0.2,2.0,930.1706852789389,bootstrap_l1,2.0,10,stability,9.301706852789389,0.01,0.04134511234895612,0.9993333333333334,0.3952525252525253,"[1, 5, 8, 16, 18, 20, 21, 24]",8,0.8,0.5,0.5,286.89464139938354
