seed,p,n,k_star,p_edge,noise_scale,mu_scale,q_source,K_multiplier,K,criterion,mu_star,mu_star_relative,log_loss_star,auc_star,stability_star,support,k_actual,S_recall,S_precision,C_inclusion,fit_seconds
2,30,300,5,0.4,1.0,910.2343866516436,oracle,2.0,10,stability,112.21794957115274,0.12328467394420659,0.11912310407284435,0.9931111111111111,0.6404761904761905,"[2, 8, 13, 16, 22, 29]",6,0.6,0.5,0.5,566.4922573566437
2,30,300,5,0.4,1.0,910.2343866516436,uniform,2.0,10,stability,0.0,0.0,0.08652667113001748,0.9946666666666667,0.48988095238095236,"[5, 8, 11, 13, 22]",5,0.2,0.2,0.8,574.7515223026276
2,30,300,5,0.4,1.0,910.2343866516436,adversarial,2.0,10,stability,9.102343866516437,0.01,0.015453045370934854,1.0,0.5650000000000001,"[5, 8, 11, 13, 22]",5,0.2,0.2,0.8,567.706264257431
2,30,300,5,0.4,1.0,910.2343866516436,pc,2.0,10,stability,59.88734452039194,0.0657933224657568,0.05930930285808913,0.9957777777777779,0.6007936507936508,"[5, 8, 11, 13, 22, 29]",6,0.4,0.3333333333333333,0.6666666666666666,588.1938943862915
2,30,300,5,0.4,1.0,910.2343866516436,ges,2.0,10,stability,31.960074546096305,0.03511191734215131,0.0504009349117027,0.9986666666666666,0.665,"[2, 7, 10, 11, 12, 22, 27]",7,0.4,0.2857142857142857,0.7142857142857143,654.6578261852264
2,30,300,5,0.4,1.0,910.2343866516436,bootstrap_l1,2.0,10,stability,31.960074546096305,0.03511191734215131,0.024467830255517787,0.9997777777777778,0.5796428571428571,"[5, 11, 13, 22, 29]",5,0.2,0.2,0.8,614.8202512264252
