seed,p,n,k_star,p_edge,noise_scale,mu_scale,q_source,K_multiplier,K,criterion,mu_star,mu_star_relative,log_loss_star,auc_star,stability_star,support,k_actual,S_recall,S_precision,C_inclusion,fit_seconds
12,30,300,5,0.5,1.0,1008.6039860749539,oracle,2.0,10,stability,10.086039860749539,0.01,0.21372980474311304,0.9775555555555556,0.7142857142857142,"[0, 5, 8, 11, 13, 17, 21, 29]",8,1.0,0.625,0.375,562.5936889648438
12,30,300,5,0.5,1.0,1008.6039860749539,uniform,2.0,10,stability,0.0,0.0,0.09799807904445976,0.9962222222222223,0.48043650793650794,"[0, 5, 11, 13, 17, 21, 25]",7,0.6,0.42857142857142855,0.5714285714285714,636.299417257309
12,30,300,5,0.5,1.0,1008.6039860749539,adversarial,2.0,10,stability,0.0,0.0,0.13571551965930234,0.9911111111111112,0.571031746031746,"[0, 5, 11, 13, 17, 21, 25]",7,0.6,0.42857142857142855,0.5714285714285714,644.4735488891602
12,30,300,5,0.5,1.0,1008.6039860749539,pc,2.0,10,stability,0.0,0.0,0.0866431785798938,0.9946666666666666,0.5277777777777778,"[0, 5, 11, 13, 17, 21, 25]",7,0.6,0.42857142857142855,0.5714285714285714,620.4868412017822
12,30,300,5,0.5,1.0,1008.6039860749539,ges,2.0,10,stability,66.35940729607712,0.0657933224657568,0.4963807068406966,0.9550000000000001,0.75,"[0, 5, 11, 17]",4,0.6,0.75,0.25,603.0900213718414
12,30,300,5,0.5,1.0,1008.6039860749539,bootstrap_l1,2.0,10,stability,35.41401979002811,0.03511191734215131,0.08024991862053052,0.9975555555555555,0.6488095238095238,"[0, 5, 11, 12, 13, 21, 25, 27]",8,0.6,0.375,0.625,646.8570482730865
