seed,p,n,k_star,p_edge,noise_scale,mu_scale,q_source,K_multiplier,K,criterion,mu_star,mu_star_relative,log_loss_star,auc_star,stability_star,support,k_actual,S_recall,S_precision,C_inclusion,fit_seconds
12,30,300,5,0.6,1.0,4266.539078427771,oracle,2.0,10,stability,42.665390784277704,0.01,0.18312717263159745,0.9824444444444446,0.47714285714285715,"[3, 6, 11, 26]",4,0.2,0.25,0.75,600.2796771526337
12,30,300,5,0.6,1.0,4266.539078427771,uniform,2.0,10,stability,0.0,0.0,0.11499534726907072,0.9933333333333334,0.292063492063492,"[6, 11, 17, 25, 26]",5,0.2,0.2,0.8,663.8567433357239
12,30,300,5,0.6,1.0,4266.539078427771,adversarial,2.0,10,stability,42.665390784277704,0.01,0.11271603604085674,0.9931111111111111,0.35619047619047617,"[3, 6, 12, 17]",4,0.0,0.0,1.0,673.0470051765442
12,30,300,5,0.6,1.0,4266.539078427771,pc,2.0,10,stability,42.665390784277704,0.01,0.3036342299557399,0.9475555555555555,0.5,"[6, 11, 26]",3,0.2,0.3333333333333333,0.6666666666666666,544.2966930866241
12,30,300,5,0.6,1.0,4266.539078427771,ges,2.0,10,stability,79.94715260472643,0.01873817422860384,0.021710475185259193,1.0,0.6504761904761905,"[0, 5, 8, 26, 29]",5,0.8,0.8,0.2,664.2654740810394
12,30,300,5,0.6,1.0,4266.539078427771,bootstrap_l1,2.0,10,stability,42.665390784277704,0.01,0.15699758310838224,0.9953333333333333,0.8142857142857143,"[0, 6, 17, 24, 26]",5,0.2,0.2,0.8,644.4621689319611
