seed,p,n,k_star,p_edge,noise_scale,mu_scale,q_source,K_multiplier,K,criterion,mu_star,mu_star_relative,log_loss_star,auc_star,stability_star,support,k_actual,S_recall,S_precision,C_inclusion,fit_seconds
9,30,300,5,0.4,1.0,2496.3645571284096,oracle,2.0,10,stability,24.963645571284097,0.01,0.11573742803725766,0.9977777777777778,0.520952380952381,"[20, 21, 27, 28]",4,0.2,0.25,0.75,575.3819317817688
9,30,300,5,0.4,1.0,2496.3645571284096,uniform,2.0,10,stability,0.0,0.0,0.1343831924986939,0.994,0.3319047619047619,"[14, 21, 27, 28]",4,0.0,0.0,1.0,666.7836678028107
9,30,300,5,0.4,1.0,2496.3645571284096,adversarial,2.0,10,stability,0.0,0.0,0.12453677644273717,0.9933333333333334,0.39059523809523805,"[14, 21, 27, 28]",4,0.0,0.0,1.0,645.4658606052399
9,30,300,5,0.4,1.0,2496.3645571284096,pc,2.0,10,stability,24.963645571284097,0.01,0.12228945262276736,0.998,0.5633333333333334,"[14, 21]",2,0.0,0.0,1.0,466.8543710708618
9,30,300,5,0.4,1.0,2496.3645571284096,ges,2.0,10,stability,24.963645571284097,0.01,0.036436100238270694,1.0,0.4999999999999999,"[14, 16, 21, 22]",4,0.2,0.25,0.75,333.4593381881714
9,30,300,5,0.4,1.0,2496.3645571284096,bootstrap_l1,2.0,10,stability,576.6925905657281,0.2310129700083159,0.11728616301585319,0.9940000000000001,0.7785714285714286,"[21, 22, 24, 25, 27, 28]",6,0.0,0.0,1.0,341.5832977294922
