seed,p,n,k_star,p_edge,noise_scale,mu_scale,q_source,K_multiplier,K,criterion,mu_star,mu_star_relative,log_loss_star,auc_star,stability_star,support,k_actual,S_recall,S_precision,C_inclusion,fit_seconds
18,30,300,5,0.5,1.0,3766.8009420788762,oracle,2.0,10,stability,37.66800942078876,0.01,0.07726061348825725,0.9982222222222221,0.40413780663780663,"[2, 4, 10, 11, 13, 14, 19, 24, 27]",9,1.0,0.5555555555555556,0.4444444444444444,620.500185251236
18,30,300,5,0.5,1.0,3766.8009420788762,uniform,2.0,10,stability,0.0,0.0,0.10224926103735217,0.9948888888888888,0.37380952380952376,"[2, 13, 14, 27]",4,0.2,0.25,0.75,629.7389051914215
18,30,300,5,0.5,1.0,3766.8009420788762,adversarial,2.0,10,stability,37.66800942078876,0.01,0.4583212623772317,0.95,0.32976190476190476,[2],1,0.0,0.0,1.0,626.589227437973
18,30,300,5,0.5,1.0,3766.8009420788762,pc,2.0,10,stability,37.66800942078876,0.01,0.05084896859665781,0.999111111111111,0.39325396825396824,"[1, 2, 8, 9, 19, 27]",6,0.0,0.0,1.0,634.3540987968445
18,30,300,5,0.5,1.0,3766.8009420788762,ges,2.0,10,stability,247.830349046512,0.0657933224657568,0.0181168448445578,1.0,0.6323809523809524,"[1, 10, 13, 24, 25, 28]",6,0.6,0.5,0.5,660.6795976161957
18,30,300,5,0.5,1.0,3766.8009420788762,bootstrap_l1,2.0,10,stability,37.66800942078876,0.01,0.527202508119766,0.9673333333333334,0.8857142857142858,"[2, 5, 13, 14, 17, 19]",6,0.2,0.16666666666666666,0.8333333333333334,561.3052608966827
