seed,p,n,k_star,p_edge,noise_scale,mu_scale,q_source,K_multiplier,K,criterion,mu_star,mu_star_relative,log_loss_star,auc_star,stability_star,support,k_actual,S_recall,S_precision,C_inclusion,fit_seconds
14,30,300,5,0.5,1.0,1058.9773881665983,oracle,2.0,10,stability,0.0,0.0,0.07182268902534063,0.9975555555555555,0.35194305694305694,"[0, 5, 8, 13, 24, 29]",6,0.0,0.0,1.0,686.5456087589264
14,30,300,5,0.5,1.0,1058.9773881665983,uniform,2.0,10,stability,0.0,0.0,0.12664410000004342,0.9857777777777779,0.2983294483294483,"[0, 5, 8, 13, 24, 29]",6,0.0,0.0,1.0,661.7045063972473
14,30,300,5,0.5,1.0,1058.9773881665983,adversarial,2.0,10,stability,0.0,0.0,0.057653509021556595,0.9984444444444444,0.4896212121212121,"[0, 5, 8, 13, 24, 29]",6,0.0,0.0,1.0,625.1012926101685
14,30,300,5,0.5,1.0,1058.9773881665983,pc,2.0,10,stability,19.843302803617558,0.01873817422860384,0.11252920231815064,0.994,0.4417857142857143,"[0, 6, 8, 13, 25, 27, 28]",7,0.0,0.0,1.0,654.1320171356201
14,30,300,5,0.5,1.0,1058.9773881665983,ges,2.0,10,stability,37.18272652051288,0.03511191734215131,0.24609315437443788,0.9366666666666668,0.5938095238095238,"[3, 4, 14, 16, 29]",5,0.6,0.6,0.4,659.9020001888275
14,30,300,5,0.5,1.0,1058.9773881665983,bootstrap_l1,2.0,10,stability,3016.005585360932,2.848035868435799,0.08316873496248685,0.998,0.72,"[0, 5, 13, 24]",4,0.0,0.0,1.0,592.8651895523071
