seed,p,n,k_star,p_edge,noise_scale,mu_scale,q_source,K_multiplier,K,criterion,mu_star,mu_star_relative,log_loss_star,auc_star,stability_star,support,k_actual,S_recall,S_precision,C_inclusion,fit_seconds
17,30,300,5,0.3,1.0,417.99301002391536,oracle,2.0,10,stability,4.179930100239154,0.01,0.058250637065058286,0.9993333333333332,0.6056565656565656,"[4, 6, 7, 13, 22, 26, 27, 29]",8,1.0,0.625,0.375,543.7896635532379
17,30,300,5,0.3,1.0,417.99301002391536,uniform,2.0,10,stability,0.0,0.0,0.054534717054530765,0.9975555555555555,0.5738095238095238,"[1, 4, 6, 7, 13, 22, 26, 27]",8,1.0,0.625,0.375,552.852233171463
17,30,300,5,0.3,1.0,417.99301002391536,adversarial,2.0,10,stability,4.179930100239154,0.01,0.1171665710407411,0.9928888888888888,0.5951010101010101,"[2, 6, 7, 8, 9, 10, 13, 19, 20, 29]",10,0.2,0.1,0.9,554.3206593990326
17,30,300,5,0.3,1.0,417.99301002391536,pc,2.0,10,stability,1190.4590853035554,2.848035868435799,0.05903761174291903,0.9986666666666666,0.4912698412698412,"[6, 7, 13, 26, 27]",5,0.6,0.6,0.4,564.4610242843628
17,30,300,5,0.3,1.0,417.99301002391536,ges,2.0,10,stability,635.3122085322054,1.5199110829529332,0.03779646156935491,0.9991111111111112,0.7904761904761904,"[4, 6, 13, 22, 26, 27]",6,1.0,0.8333333333333334,0.16666666666666666,603.7716176509857
17,30,300,5,0.3,1.0,417.99301002391536,bootstrap_l1,2.0,10,stability,14.676536017556739,0.03511191734215131,0.03974490587608008,0.9986666666666666,0.7464646464646465,"[4, 6, 7, 13, 17, 26, 27]",7,0.8,0.5714285714285714,0.42857142857142855,619.8616147041321
