seed,p,n,k_star,p_edge,noise_scale,mu_scale,q_source,K_multiplier,K,criterion,mu_star,mu_star_relative,log_loss_star,auc_star,stability_star,support,k_actual,S_recall,S_precision,C_inclusion,fit_seconds
15,30,300,5,0.1,1.0,194.05258255806424,oracle,2.0,10,stability,0.0,0.0,0.11087322014152523,0.9968888888888889,0.6924242424242424,"[0, 6, 8, 10, 17, 21, 28, 29]",8,1.0,0.625,0.25,509.9260847568512
15,30,300,5,0.1,1.0,194.05258255806424,uniform,2.0,10,stability,0.0,0.0,0.1417812838699007,0.9933333333333334,0.654083139083139,"[0, 6, 8, 10, 17, 21, 28, 29]",8,1.0,0.625,0.25,530.3107764720917
15,30,300,5,0.1,1.0,194.05258255806424,adversarial,2.0,10,stability,23.92370936870218,0.12328467394420659,0.26487330150366567,0.9635555555555555,0.6907070707070707,"[4, 8, 10, 13, 16, 20, 21, 22, 26, 27]",10,0.2,0.1,0.9,566.2782413959503
15,30,300,5,0.1,1.0,194.05258255806424,pc,2.0,10,stability,23.92370936870218,0.12328467394420659,0.1359563497841216,0.9915555555555556,0.793080808080808,"[0, 6, 8, 10, 11, 12, 17, 21, 28]",9,1.0,0.5555555555555556,0.2222222222222222,546.4436070919037
15,30,300,5,0.1,1.0,194.05258255806424,ges,2.0,10,stability,3.6361911014835386,0.01873817422860384,0.11861226227990737,0.9926666666666666,0.8725000000000002,"[0, 6, 8, 10, 17, 21, 28, 29]",8,1.0,0.625,0.25,560.3858478069305
15,30,300,5,0.1,1.0,194.05258255806424,bootstrap_l1,2.0,10,stability,0.0,0.0,0.10043975132104747,0.994,0.7963888888888888,"[0, 6, 8, 10, 17, 21, 28, 29]",8,1.0,0.625,0.25,561.4437925815582
