seed,p,n,k_star,p_edge,noise_scale,mu_scale,q_source,K_multiplier,K,criterion,mu_star,mu_star_relative,log_loss_star,auc_star,stability_star,support,k_actual,S_recall,S_precision,C_inclusion,fit_seconds
9,30,300,5,0.2,1.0,465.08534263946945,oracle,2.0,10,stability,4.650853426394694,0.01,0.029820584043036245,0.9993333333333332,0.6281385281385281,"[1, 5, 8, 16, 18, 20, 21, 24, 28, 29]",10,1.0,0.5,0.5,547.3649544715881
9,30,300,5,0.2,1.0,465.08534263946945,uniform,2.0,10,stability,0.0,0.0,0.02330303956883077,1.0,0.4685497835497836,"[1, 5, 8, 16, 18, 20, 21, 24]",8,0.8,0.5,0.5,560.2576501369476
9,30,300,5,0.2,1.0,465.08534263946945,adversarial,2.0,10,stability,0.0,0.0,0.049538842835766386,0.9995555555555555,0.43323232323232325,"[1, 5, 8, 16, 18, 20, 21, 24]",8,0.8,0.5,0.5,610.4240245819092
9,30,300,5,0.2,1.0,465.08534263946945,pc,2.0,10,stability,201.32434236169823,0.4328761281083057,0.02815201427928522,0.9997777777777778,0.6079797979797978,"[1, 3, 5, 8, 12, 13, 18, 20]",8,0.6,0.375,0.625,548.8690383434296
9,30,300,5,0.2,1.0,465.08534263946945,ges,2.0,10,stability,57.337894823536594,0.1232846739442066,0.029860965902236764,0.9995555555555555,0.7402777777777778,"[0, 1, 3, 5, 12, 18, 20, 21, 26]",9,0.6,0.3333333333333333,0.6666666666666666,625.5829367637634
9,30,300,5,0.2,1.0,465.08534263946945,bootstrap_l1,2.0,10,stability,16.33003810780317,0.03511191734215131,0.014362782484614606,1.0,0.8138888888888889,"[1, 5, 8, 16, 18, 20, 21, 24]",8,0.8,0.5,0.5,579.13432097435
