seed,p,n,k_star,p_edge,noise_scale,mu_scale,q_source,K_multiplier,K,criterion,mu_star,mu_star_relative,log_loss_star,auc_star,stability_star,support,k_actual,S_recall,S_precision,C_inclusion,fit_seconds
5,30,300,5,0.6,1.0,11671.91482422681,oracle,2.0,10,stability,116.71914824226809,0.01,0.05358918166637057,0.9991111111111112,0.39469696969696966,"[3, 14, 19, 20]",4,0.2,0.25,0.75,630.3967425823212
5,30,300,5,0.6,1.0,11671.91482422681,uniform,2.0,10,stability,0.0,0.0,0.02804480026905807,0.9995555555555555,0.4608333333333333,"[0, 7, 14, 19, 24]",5,0.0,0.0,1.0,668.9227335453033
5,30,300,5,0.6,1.0,11671.91482422681,adversarial,2.0,10,stability,0.0,0.0,0.027592015700305526,0.9997777777777778,0.43833333333333335,"[0, 7, 14, 19, 24]",5,0.0,0.0,1.0,632.884162902832
5,30,300,5,0.6,1.0,11671.91482422681,pc,2.0,10,stability,0.0,0.0,0.03249280052118479,0.9995555555555555,0.615,"[0, 7, 14, 19, 24]",5,0.0,0.0,1.0,593.3973209857941
5,30,300,5,0.6,1.0,11671.91482422681,ges,2.0,10,stability,116.71914824226809,0.01,0.06025585737299829,0.9991111111111112,0.5523809523809524,"[3, 20, 22]",3,0.4,0.6666666666666666,0.3333333333333333,728.9826672077179
5,30,300,5,0.6,1.0,11671.91482422681,bootstrap_l1,2.0,10,stability,116.71914824226809,0.01,0.031147037440366353,0.9997777777777778,0.6,"[0, 14, 15, 19, 24]",5,0.0,0.0,1.0,677.8532197475433
