seed,p,n,k_star,p_edge,noise_scale,mu_scale,q_source,K_multiplier,K,criterion,mu_star,mu_star_relative,log_loss_star,auc_star,stability_star,support,k_actual,S_recall,S_precision,C_inclusion,fit_seconds
3,30,300,5,0.1,1.0,44.485001098932514,oracle,2.0,10,stability,0.0,0.0,0.17911295071226757,0.9837777777777778,0.5935198135198136,"[1, 3, 7, 10, 15, 16, 24, 27, 28, 29]",10,1.0,0.5,0.4,470.4778516292572
3,30,300,5,0.1,1.0,44.485001098932514,uniform,2.0,10,stability,0.0,0.0,0.14717078921059987,0.9875555555555555,0.5660173160173161,"[1, 3, 7, 10, 15, 16, 24, 27, 28, 29]",10,1.0,0.5,0.4,495.9267430305481
3,30,300,5,0.1,1.0,44.485001098932514,adversarial,2.0,10,stability,0.44485001098932514,0.01,0.1456692319381849,0.9879999999999999,0.6543434343434343,"[1, 3, 7, 15, 16, 18, 24, 27, 28, 29]",10,1.0,0.5,0.4,474.3280260562897
3,30,300,5,0.1,1.0,44.485001098932514,pc,2.0,10,stability,67.61324619544094,1.5199110829529332,0.132978747940593,0.9911111111111112,0.7181818181818184,"[1, 3, 7, 15, 16, 25, 27, 28, 29]",9,1.0,0.5555555555555556,0.3333333333333333,503.4939284324646
3,30,300,5,0.1,1.0,44.485001098932514,ges,2.0,10,stability,19.25649503459963,0.4328761281083057,0.14828862749393604,0.9891111111111112,0.6609090909090909,"[1, 3, 7, 10, 11, 15, 16, 24, 29]",9,1.0,0.5555555555555556,0.4444444444444444,493.4662654399872
3,30,300,5,0.1,1.0,44.485001098932514,bootstrap_l1,2.0,10,stability,19.25649503459963,0.4328761281083057,0.12420068070552086,0.9915555555555556,0.7122727272727274,"[1, 3, 7, 15, 16, 17, 25, 27, 28, 29]",10,1.0,0.5,0.4,500.44213342666626
