seed,p,n,k_star,p_edge,noise_scale,mu_scale,q_source,K_multiplier,K,criterion,mu_star,mu_star_relative,log_loss_star,auc_star,stability_star,support,k_actual,S_recall,S_precision,C_inclusion,fit_seconds
16,30,300,5,0.5,1.0,778.2582994351023,oracle,2.0,10,stability,7.782582994351023,0.01,0.12239668786755464,0.992,0.8785714285714287,"[2, 4, 9, 25, 26, 28]",6,0.6,0.5,0.5,635.5537693500519
16,30,300,5,0.5,1.0,778.2582994351023,uniform,2.0,10,stability,0.0,0.0,0.18844335774777818,0.9906666666666666,0.7642857142857143,"[2, 4, 9, 25, 26, 28]",6,0.6,0.5,0.5,594.1013698577881
16,30,300,5,0.5,1.0,778.2582994351023,adversarial,2.0,10,stability,0.0,0.0,0.16120303486505166,0.9948888888888888,0.8892857142857142,"[2, 4, 9, 25, 26, 28]",6,0.6,0.5,0.5,565.8685038089752
16,30,300,5,0.5,1.0,778.2582994351023,pc,2.0,10,stability,631.2693009897635,0.8111308307896868,0.310244924874447,0.9715555555555555,0.9333333333333333,"[4, 9, 25, 27, 28]",5,0.4,0.4,0.6,597.4545931816101
16,30,300,5,0.5,1.0,778.2582994351023,ges,2.0,10,stability,14.583139609671885,0.01873817422860384,0.1514424172393068,0.9922222222222222,0.78,"[4, 9, 26, 28]",4,0.6,0.75,0.25,588.4295656681061
16,30,300,5,0.5,1.0,778.2582994351023,bootstrap_l1,2.0,10,stability,14.583139609671885,0.01873817422860384,0.14267443267775493,0.994,0.8388888888888889,"[2, 4, 5, 9, 25, 26, 28]",7,0.6,0.42857142857142855,0.5714285714285714,625.9107446670532
