seed,p,n,k_star,p_edge,noise_scale,mu_scale,q_source,K_multiplier,K,criterion,mu_star,mu_star_relative,log_loss_star,auc_star,stability_star,support,k_actual,S_recall,S_precision,C_inclusion,fit_seconds
11,30,300,5,0.6,1.0,3122.034632240857,oracle,2.0,10,stability,0.0,0.0,0.14363545376819725,0.9931111111111111,0.675,"[0, 17, 24, 25]",4,0.2,0.25,0.75,555.7824356555939
11,30,300,5,0.6,1.0,3122.034632240857,uniform,2.0,10,stability,0.0,0.0,0.13728589128616042,0.9924444444444444,0.75,"[0, 17, 24, 25]",4,0.2,0.25,0.75,602.1560764312744
11,30,300,5,0.6,1.0,3122.034632240857,adversarial,2.0,10,stability,31.22034632240857,0.01,0.10798884648808049,0.9966666666666667,0.6625,"[0, 16, 24, 25]",4,0.0,0.0,1.0,601.3749804496765
11,30,300,5,0.6,1.0,3122.034632240857,pc,2.0,10,stability,721.2304928627807,0.23101297000831592,0.16584857450656926,0.9906666666666668,0.690952380952381,"[0, 17, 18, 24, 25]",5,0.4,0.4,0.6,589.307320356369
11,30,300,5,0.6,1.0,3122.034632240857,ges,2.0,10,stability,0.0,0.0,0.11758780385984964,0.9933333333333334,0.7899999999999999,"[0, 17, 24, 25]",4,0.2,0.25,0.75,637.5250034332275
11,30,300,5,0.6,1.0,3122.034632240857,bootstrap_l1,2.0,10,stability,58.50122888666429,0.01873817422860384,0.11672758229108124,0.9955555555555555,0.8233333333333335,"[0, 18, 24, 25]",4,0.2,0.25,0.75,628.508003950119
