seed,p,n,k_star,p_edge,noise_scale,mu_scale,q_source,K_multiplier,K,criterion,mu_star,mu_star_relative,log_loss_star,auc_star,stability_star,support,k_actual,S_recall,S_precision,C_inclusion,fit_seconds
16,30,300,5,0.3,1.0,385.90918006679726,oracle,2.0,10,stability,3.8590918006679726,0.01,0.14221937356601008,0.9857777777777776,0.7416666666666666,"[4, 5, 9, 18, 24, 26]",6,1.0,0.8333333333333334,0.16666666666666666,522.1480414867401
16,30,300,5,0.3,1.0,385.90918006679726,uniform,2.0,10,stability,0.0,0.0,0.1692700602266876,0.9822222222222223,0.6611111111111111,"[4, 5, 9, 18, 24, 26]",6,1.0,0.8333333333333334,0.16666666666666666,587.0573794841766
16,30,300,5,0.3,1.0,385.90918006679726,adversarial,2.0,10,stability,0.0,0.0,0.3604442639119278,0.932,0.5997222222222223,"[4, 5, 9, 18, 24, 26]",6,1.0,0.8333333333333334,0.16666666666666666,646.1383745670319
16,30,300,5,0.3,1.0,385.90918006679726,pc,2.0,10,stability,1099.083186788888,2.8480358684357987,0.11436645849658086,0.9922222222222222,0.7825,"[4, 5, 9, 18, 21, 24, 26, 28]",8,1.0,0.625,0.375,573.08407330513
16,30,300,5,0.3,1.0,385.90918006679726,ges,2.0,10,stability,3.8590918006679726,0.01,0.09590286939826768,0.9948888888888888,0.7625,"[4, 5, 9, 18, 24, 26, 28]",7,1.0,0.7142857142857143,0.2857142857142857,636.9824526309967
16,30,300,5,0.3,1.0,385.90918006679726,bootstrap_l1,2.0,10,stability,7.231233452509299,0.01873817422860384,0.13166348048837578,0.9886666666666667,0.7833333333333333,"[4, 5, 9, 14, 18, 24, 26]",7,1.0,0.7142857142857143,0.2857142857142857,610.4465234279633
