seed,p,n,k_star,p_edge,noise_scale,mu_scale,q_source,K_multiplier,K,criterion,mu_star,mu_star_relative,log_loss_star,auc_star,stability_star,support,k_actual,S_recall,S_precision,C_inclusion,fit_seconds
8,30,300,5,0.2,1.0,489.23926882401105,oracle,2.0,10,stability,4.89239268824011,0.01,0.03466904036331367,0.9997777777777778,0.5913131313131312,"[3, 5, 6, 8, 9, 16, 20, 25, 29]",9,0.8,0.4444444444444444,0.5555555555555556,519.6233115196228
8,30,300,5,0.2,1.0,489.23926882401105,uniform,2.0,10,stability,0.0,0.0,0.029699051836809664,0.9993333333333332,0.691504329004329,"[3, 6, 8, 9, 16, 20, 23, 25]",8,0.6,0.375,0.625,569.8448007106781
8,30,300,5,0.2,1.0,489.23926882401105,adversarial,2.0,10,stability,0.0,0.0,0.05457674540043269,0.9966666666666667,0.517948717948718,"[3, 6, 8, 9, 16, 20, 23, 25]",8,0.6,0.375,0.625,562.5420246124268
8,30,300,5,0.2,1.0,489.23926882401105,pc,2.0,10,stability,4.89239268824011,0.01,0.03212421609078479,0.9991111111111112,0.5873737373737373,"[3, 6, 8, 9, 16, 20, 23, 25]",8,0.6,0.375,0.625,564.1774425506592
8,30,300,5,0.2,1.0,489.23926882401105,ges,2.0,10,stability,211.78000040707644,0.4328761281083057,0.040590231814494136,0.9993333333333332,0.6249999999999999,"[5, 6, 12, 13, 18, 20, 25]",7,0.8,0.5714285714285714,0.42857142857142855,633.9507858753204
8,30,300,5,0.2,1.0,489.23926882401105,bootstrap_l1,2.0,10,stability,9.167450658699071,0.01873817422860384,0.02318161427933329,0.9997777777777778,0.9428571428571428,"[3, 6, 9, 16, 20, 23, 25]",7,0.6,0.42857142857142855,0.5714285714285714,577.115202665329
