seed,p,n,k_star,p_edge,noise_scale,mu_scale,q_source,K_multiplier,K,criterion,mu_star,mu_star_relative,log_loss_star,auc_star,stability_star,support,k_actual,S_recall,S_precision,C_inclusion,fit_seconds
13,30,300,5,0.5,1.0,1293.7281948181726,oracle,2.0,10,stability,12.937281948181726,0.01,0.1431420347090614,0.985111111111111,0.4885714285714286,"[10, 16, 19, 20, 24]",5,0.4,0.4,0.6,643.8732674121857
13,30,300,5,0.5,1.0,1293.7281948181726,uniform,2.0,10,stability,0.0,0.0,0.06808499139225366,0.9975555555555555,0.5108333333333333,"[16, 18, 19, 20, 24]",5,0.2,0.2,0.8,616.5667271614075
13,30,300,5,0.5,1.0,1293.7281948181726,adversarial,2.0,10,stability,0.0,0.0,0.12307817648848962,0.9928888888888888,0.4138888888888889,"[16, 18, 19, 20, 24]",5,0.2,0.2,0.8,613.572505235672
13,30,300,5,0.5,1.0,1293.7281948181726,pc,2.0,10,stability,85.11867630471346,0.0657933224657568,0.06827644855566788,0.9973333333333333,0.5686507936507936,"[11, 16, 19, 24]",4,0.2,0.25,0.75,583.1520278453827
13,30,300,5,0.5,1.0,1293.7281948181726,ges,2.0,10,stability,159.4968586705854,0.1232846739442066,0.31702103697739137,0.9524444444444444,0.75,"[5, 9, 16, 24]",4,0.2,0.25,0.75,566.5426461696625
13,30,300,5,0.5,1.0,1293.7281948181726,bootstrap_l1,2.0,10,stability,0.0,0.0,0.07933198295849528,0.9984444444444444,0.69,"[16, 18, 19, 20, 24]",5,0.2,0.2,0.8,617.6345360279083
