seed,p,n,k_star,p_edge,noise_scale,mu_scale,q_source,K_multiplier,K,criterion,mu_star,mu_star_relative,log_loss_star,auc_star,stability_star,support,k_actual,S_recall,S_precision,C_inclusion,fit_seconds
2,30,300,5,0.3,1.0,401.54836054154373,oracle,2.0,10,stability,0.0,0.0,0.050846101937607156,0.9984444444444444,0.4066666666666666,"[4, 7, 9, 10, 11, 12, 14, 23, 26]",9,0.4,0.2222222222222222,0.7777777777777778,599.3717036247253
2,30,300,5,0.3,1.0,401.54836054154373,uniform,2.0,10,stability,0.0,0.0,0.06335299194619007,0.9988888888888889,0.4186013986013986,"[4, 7, 9, 10, 11, 12, 14, 23, 26]",9,0.4,0.2222222222222222,0.7777777777777778,593.9070997238159
2,30,300,5,0.3,1.0,401.54836054154373,adversarial,2.0,10,stability,4.0154836054154375,0.01,0.0367769858798084,0.9997777777777778,0.5344444444444445,"[4, 7, 9, 11, 12, 17, 19, 22]",8,0.0,0.0,1.0,560.907567024231
2,30,300,5,0.3,1.0,401.54836054154373,pc,2.0,10,stability,7.524283141037678,0.01873817422860384,0.043836765570458174,0.9995555555555555,0.5086868686868687,"[4, 7, 11, 14, 22, 24, 27, 29]",8,0.4,0.25,0.75,537.1697053909302
2,30,300,5,0.3,1.0,401.54836054154373,ges,2.0,10,stability,173.82069955946142,0.4328761281083057,0.04101187411821277,0.999111111111111,0.6500505050505051,"[1, 2, 6, 10, 13, 14, 23, 27, 29]",9,0.8,0.4444444444444444,0.5555555555555556,618.9801757335663
2,30,300,5,0.3,1.0,401.54836054154373,bootstrap_l1,2.0,10,stability,92.76287937067207,0.23101297000831592,0.036646034072028835,0.9988888888888889,0.5596212121212121,"[4, 7, 9, 11, 12, 14, 18, 19]",8,0.2,0.125,0.875,599.2601749897003
