seed,p,n,k_star,p_edge,noise_scale,mu_scale,q_source,K_multiplier,K,criterion,mu_star,mu_star_relative,log_loss_star,auc_star,stability_star,support,k_actual,S_recall,S_precision,C_inclusion,fit_seconds
8,30,300,5,0.1,1.0,28.58064772666267,oracle,2.0,10,stability,0.5355491566685554,0.01873817422860384,0.10789595993131913,0.994,0.5578338328338328,"[5, 6, 7, 19, 20, 25, 26, 27, 29]",9,1.0,0.5555555555555556,0.3333333333333333,507.88574743270874
8,30,300,5,0.1,1.0,28.58064772666267,uniform,2.0,10,stability,0.0,0.0,0.08076210644251244,0.9953333333333333,0.5451981351981352,"[3, 5, 6, 7, 10, 15, 20, 25, 26, 27]",10,1.0,0.5,0.5,521.0888607501984
8,30,300,5,0.1,1.0,28.58064772666267,adversarial,2.0,10,stability,6.602500316097766,0.23101297000831592,0.14199252908085608,0.99,0.626911421911422,"[1, 3, 7, 9, 15, 18, 21, 22, 28]",9,0.0,0.0,1.0,541.3240985870361
8,30,300,5,0.1,1.0,28.58064772666267,pc,2.0,10,stability,285.8064772666267,10.0,0.10216786519832066,0.9942222222222222,0.6636363636363637,"[1, 3, 5, 6, 7, 10, 20, 25, 26]",9,1.0,0.5555555555555556,0.4444444444444444,566.1447083950043
8,30,300,5,0.1,1.0,28.58064772666267,ges,2.0,10,stability,23.182644535035266,0.8111308307896868,0.08264092602686814,0.9953333333333333,0.6977777777777778,"[1, 5, 6, 8, 12, 17, 19, 20, 25, 26]",10,1.0,0.5,0.5,533.860184431076
8,30,300,5,0.1,1.0,28.58064772666267,bootstrap_l1,2.0,10,stability,81.39870986866336,2.848035868435799,0.09662541028824781,0.9937777777777779,0.7012698412698413,"[1, 3, 5, 6, 20, 25, 26]",7,1.0,0.7142857142857143,0.2857142857142857,565.4917914867401
