seed,p,n,k_star,p_edge,noise_scale,mu_scale,q_source,K_multiplier,K,criterion,mu_star,mu_star_relative,log_loss_star,auc_star,stability_star,support,k_actual,S_recall,S_precision,C_inclusion,fit_seconds
8,30,300,5,0.4,1.0,514.3725564653921,oracle,2.0,10,stability,5.143725564653921,0.01,0.27331726376068544,0.9600000000000002,0.538888888888889,"[9, 12, 17, 19, 20]",5,0.2,0.2,0.8,556.0956175327301
8,30,300,5,0.4,1.0,514.3725564653921,uniform,2.0,10,stability,0.0,0.0,0.3995145617637785,0.976888888888889,0.48321428571428565,"[3, 6, 16, 19, 20]",5,0.4,0.4,0.6,611.8817031383514
8,30,300,5,0.4,1.0,514.3725564653921,adversarial,2.0,10,stability,0.0,0.0,0.3701760103914821,0.97,0.6273809523809524,"[3, 6, 16, 19, 20]",5,0.4,0.4,0.6,592.5957446098328
8,30,300,5,0.4,1.0,514.3725564653921,pc,2.0,10,stability,18.060606685683904,0.03511191734215131,0.24432497950171794,0.9904444444444443,0.7533333333333334,"[3, 6, 16, 19]",4,0.2,0.25,0.75,616.5829701423645
8,30,300,5,0.4,1.0,514.3725564653921,ges,2.0,10,stability,18.060606685683904,0.03511191734215131,0.08875516916156974,0.9855555555555556,0.6,"[6, 16, 19, 20, 24, 25, 26, 28]",8,0.8,0.5,0.5,608.9717524051666
8,30,300,5,0.4,1.0,514.3725564653921,bootstrap_l1,2.0,10,stability,9.638402581460884,0.01873817422860384,0.3715592992526244,0.9877777777777779,0.6414285714285715,"[3, 9, 17, 19, 26, 28]",6,0.2,0.16666666666666666,0.8333333333333334,542.2777726650238
