seed,p,n,k_star,p_edge,noise_scale,mu_scale,q_source,K_multiplier,K,criterion,mu_star,mu_star_relative,log_loss_star,auc_star,stability_star,support,k_actual,S_recall,S_precision,C_inclusion,fit_seconds
4,30,300,5,0.4,1.0,1870.2246301297846,oracle,2.0,10,stability,18.702246301297848,0.01,0.2697416789400676,0.9613333333333334,0.6519444444444444,"[7, 22, 23]",3,0.2,0.3333333333333333,0.6666666666666666,617.5273084640503
4,30,300,5,0.4,1.0,1870.2246301297846,uniform,2.0,10,stability,0.0,0.0,0.109597034441216,0.9935555555555556,0.31801587301587303,"[5, 12, 23]",3,0.0,0.0,1.0,651.4098491668701
4,30,300,5,0.4,1.0,1870.2246301297846,adversarial,2.0,10,stability,0.0,0.0,0.08816337179717099,0.9973333333333333,0.3576587301587301,"[5, 12, 23]",3,0.0,0.0,1.0,643.523090839386
4,30,300,5,0.4,1.0,1870.2246301297846,pc,2.0,10,stability,0.0,0.0,0.05634680483972147,0.9988888888888889,0.5066666666666666,"[5, 12, 23]",3,0.0,0.0,1.0,563.9160058498383
4,30,300,5,0.4,1.0,1870.2246301297846,ges,2.0,10,stability,35.04459496599808,0.01873817422860384,0.020975977374774836,1.0,0.5168650793650793,"[5, 7, 8, 14, 29]",5,0.6,0.6,0.4,627.7963991165161
4,30,300,5,0.4,1.0,1870.2246301297846,bootstrap_l1,2.0,10,stability,35.04459496599808,0.01873817422860384,0.16254316820380227,0.9804444444444446,0.7150000000000001,"[2, 13, 23]",3,0.0,0.0,1.0,654.8418734073639
