seed,p,n,k_star,p_edge,noise_scale,mu_scale,q_source,K_multiplier,K,criterion,mu_star,mu_star_relative,log_loss_star,auc_star,stability_star,support,k_actual,S_recall,S_precision,C_inclusion,fit_seconds
3,30,300,5,0.6,1.0,23715.206388327977,oracle,2.0,10,stability,237.15206388327977,0.01,0.17050297431841188,0.9862222222222222,0.39095238095238094,"[3, 10, 24]",3,0.2,0.3333333333333333,0.6666666666666666,618.8872177600861
3,30,300,5,0.6,1.0,23715.206388327977,uniform,2.0,10,stability,0.0,0.0,0.06863527607748764,0.9948888888888888,0.24428571428571427,"[3, 21, 24]",3,0.2,0.3333333333333333,0.6666666666666666,631.2950608730316
3,30,300,5,0.6,1.0,23715.206388327977,adversarial,2.0,10,stability,0.0,0.0,0.09935331044424003,0.992,0.36666666666666664,"[3, 21, 24]",3,0.2,0.3333333333333333,0.6666666666666666,621.5526371002197
3,30,300,5,0.6,1.0,23715.206388327977,pc,2.0,10,stability,237.15206388327977,0.01,0.3517354655820536,0.9588888888888889,0.6333333333333333,"[3, 24]",2,0.2,0.5,0.5,573.9254097938538
3,30,300,5,0.6,1.0,23715.206388327977,ges,2.0,10,stability,237.15206388327977,0.01,0.06460998808000822,0.9993333333333332,0.8,"[4, 28]",2,0.0,0.0,1.0,713.3281261920929
3,30,300,5,0.6,1.0,23715.206388327977,bootstrap_l1,2.0,10,stability,237.15206388327977,0.01,0.039230332983314395,0.9986666666666666,0.6200000000000001,"[21, 24]",2,0.0,0.0,1.0,683.9253346920013
