seed,p,n,k_star,p_edge,noise_scale,mu_scale,q_source,K_multiplier,K,criterion,mu_star,mu_star_relative,log_loss_star,auc_star,stability_star,support,k_actual,S_recall,S_precision,C_inclusion,fit_seconds
7,30,300,5,0.2,0.5,61.78622950818256,oracle,2.0,10,stability,0.6178622950818256,0.01,0.14913813160104478,0.9877777777777779,0.5043056943056943,"[6, 9, 17, 18, 19, 20, 22, 23, 26]",9,1.0,0.5555555555555556,0.4444444444444444,505.21825194358826
7,30,300,5,0.2,0.5,61.78622950818256,uniform,2.0,10,stability,0.0,0.0,0.18694517273448177,0.9862222222222222,0.43661671661671664,"[6, 9, 17, 18, 19, 20, 22, 23, 26]",9,1.0,0.5555555555555556,0.4444444444444444,516.5636627674103
7,30,300,5,0.2,0.5,61.78622950818256,adversarial,2.0,10,stability,1.1577611334528286,0.01873817422860384,0.13457356382439717,0.9906666666666666,0.5256277056277056,"[1, 3, 8, 12, 15, 16, 17, 20, 21]",9,0.2,0.1111111111111111,0.8888888888888888,549.457035779953
7,30,300,5,0.2,0.5,61.78622950818256,pc,2.0,10,stability,617.8622950818256,10.0,0.23107494774689635,0.9793333333333333,0.7477855477855477,"[5, 6, 9, 11, 20, 21, 22, 23, 26, 29]",10,0.6,0.3,0.7,604.0636456012726
7,30,300,5,0.2,0.5,61.78622950818256,ges,2.0,10,stability,175.9693978147103,2.848035868435799,0.2952237231042441,0.9713333333333333,0.8212121212121213,"[6, 9, 13, 17, 18, 19, 20, 22, 23, 26]",10,1.0,0.5,0.5,490.72052216529846
7,30,300,5,0.2,0.5,61.78622950818256,bootstrap_l1,2.0,10,stability,329.73452351545427,5.336699231206307,0.1684979980765641,0.9871111111111113,0.7704545454545455,"[3, 6, 9, 12, 15, 17, 18, 22, 23, 26]",10,1.0,0.5,0.5,525.5106019973755
