seed,p,n,k_star,p_edge,noise_scale,mu_scale,q_source,K_multiplier,K,criterion,mu_star,mu_star_relative,log_loss_star,auc_star,stability_star,support,k_actual,S_recall,S_precision,C_inclusion,fit_seconds
19,30,300,5,0.4,1.0,1127.2324149328492,oracle,2.0,10,stability,11.272324149328492,0.01,0.08644530641714623,0.9986666666666666,0.6866666666666666,"[3, 19, 20, 21, 23, 27]",6,0.6,0.5,0.5,605.4808990955353
19,30,300,5,0.4,1.0,1127.2324149328492,uniform,2.0,10,stability,0.0,0.0,0.1203135811248979,0.9944444444444445,0.5528174603174604,"[20, 21, 23, 24, 26, 27, 29]",7,0.4,0.2857142857142857,0.7142857142857143,631.9247674942017
19,30,300,5,0.4,1.0,1127.2324149328492,adversarial,2.0,10,stability,0.0,0.0,0.12582639363920198,0.9982222222222223,0.4830952380952381,"[20, 21, 23, 24, 26, 27, 29]",7,0.4,0.2857142857142857,0.7142857142857143,590.8856675624847
19,30,300,5,0.4,1.0,1127.2324149328492,pc,2.0,10,stability,11.272324149328492,0.01,0.07327789874684629,0.9988888888888889,0.5955555555555556,"[3, 19, 20, 21, 23, 26, 27, 29]",8,0.6,0.375,0.625,609.2517664432526
19,30,300,5,0.4,1.0,1127.2324149328492,ges,2.0,10,stability,21.122277387141587,0.01873817422860384,0.0289457123716785,1.0,0.6672222222222222,"[0, 3, 7, 14, 20, 23, 27]",7,0.8,0.5714285714285714,0.42857142857142855,647.4341447353363
19,30,300,5,0.4,1.0,1127.2324149328492,bootstrap_l1,2.0,10,stability,1713.2930405202371,1.5199110829529332,0.04543562943188188,0.9993333333333332,0.8416666666666666,"[3, 19, 20, 21, 23, 27, 29]",7,0.6,0.42857142857142855,0.5714285714285714,604.2589430809021
