seed,p,n,k_star,p_edge,noise_scale,mu_scale,q_source,K_multiplier,K,criterion,mu_star,mu_star_relative,log_loss_star,auc_star,stability_star,support,k_actual,S_recall,S_precision,C_inclusion,fit_seconds
11,30,300,5,0.7,1.0,74107.01299602838,oracle,2.0,10,stability,741.0701299602838,0.01,0.08641510529101572,0.9953333333333333,0.5053571428571428,"[13, 18, 25, 27, 28]",5,0.4,0.4,0.6,617.6494514942169
11,30,300,5,0.7,1.0,74107.01299602838,uniform,2.0,10,stability,0.0,0.0,0.11339926523069255,0.9957777777777779,0.30952380952380953,"[1, 12, 27]",3,0.0,0.0,1.0,681.9628102779388
11,30,300,5,0.7,1.0,74107.01299602838,adversarial,2.0,10,stability,741.0701299602838,0.01,0.1012061514138122,0.9964444444444445,0.475,[12],1,0.0,0.0,1.0,655.0771160125732
11,30,300,5,0.7,1.0,74107.01299602838,pc,2.0,10,stability,741.0701299602838,0.01,0.11922869653136589,0.9895555555555555,0.4247619047619048,"[1, 12, 13, 18]",4,0.2,0.25,0.75,650.6753602027893
11,30,300,5,0.7,1.0,74107.01299602838,ges,2.0,10,stability,741.0701299602838,0.01,0.0592231245029831,0.9986666666666666,0.9,"[18, 25, 28]",3,0.4,0.6666666666666666,0.3333333333333333,662.1184546947479
11,30,300,5,0.7,1.0,74107.01299602838,bootstrap_l1,2.0,10,stability,2602.039314790281,0.03511191734215131,0.11315880581861497,0.9951111111111111,0.7857142857142858,"[1, 13, 16, 17, 18, 23, 27]",7,0.4,0.2857142857142857,0.7142857142857143,580.0194532871246
