seed,p,n,k_star,p_edge,noise_scale,mu_scale,q_source,K_multiplier,K,criterion,mu_star,mu_star_relative,log_loss_star,auc_star,stability_star,support,k_actual,S_recall,S_precision,C_inclusion,fit_seconds
7,30,300,5,0.2,1.0,123.57245901636512,oracle,2.0,10,stability,1.235724590163651,0.01,0.14454324681866343,0.9888888888888889,0.5043056943056943,"[6, 9, 17, 18, 19, 20, 22, 23, 26]",9,1.0,0.5555555555555556,0.4444444444444444,518.6062977313995
7,30,300,5,0.2,1.0,123.57245901636512,uniform,2.0,10,stability,0.0,0.0,0.2004315392787388,0.9855555555555554,0.43661671661671664,"[6, 9, 17, 18, 19, 20, 22, 23, 26]",9,1.0,0.5555555555555556,0.4444444444444444,533.7771646976471
7,30,300,5,0.2,1.0,123.57245901636512,adversarial,2.0,10,stability,1.235724590163651,0.01,0.20248395066797203,0.981111111111111,0.5542793317793316,"[1, 3, 8, 12, 15, 16, 17, 20, 21]",9,0.2,0.1111111111111111,0.8888888888888888,574.1400208473206
7,30,300,5,0.2,1.0,123.57245901636512,pc,2.0,10,stability,659.4690470309085,5.336699231206307,0.2183194971514117,0.982,0.6822727272727274,"[5, 6, 9, 11, 20, 21, 22, 23, 26, 29]",10,0.6,0.3,0.7,596.6462812423706
7,30,300,5,0.2,1.0,123.57245901636512,ges,2.0,10,stability,2.315522266905657,0.01873817422860384,0.3405393789833315,0.969111111111111,0.8136363636363637,"[3, 6, 9, 13, 17, 18, 20, 22, 23, 26]",10,1.0,0.5,0.5,487.4834625720978
7,30,300,5,0.2,1.0,123.57245901636512,bootstrap_l1,2.0,10,stability,28.546840768601403,0.23101297000831592,0.1531089320573064,0.9871111111111113,0.8363636363636363,"[3, 6, 8, 9, 12, 15, 17, 18, 22, 23]",10,1.0,0.5,0.5,521.639274597168
