seed,p,n,k_star,p_edge,noise_scale,mu_scale,q_source,K_multiplier,K,criterion,mu_star,mu_star_relative,log_loss_star,auc_star,stability_star,support,k_actual,S_recall,S_precision,C_inclusion,fit_seconds
13,30,300,5,0.3,1.0,597.3171886477039,oracle,2.0,10,stability,5.973171886477039,0.01,0.12152220751932197,0.9942222222222222,0.4941558441558443,"[9, 10, 13, 16, 17, 19, 28]",7,0.4,0.2857142857142857,0.7142857142857143,625.6773476600647
13,30,300,5,0.3,1.0,597.3171886477039,uniform,2.0,10,stability,0.0,0.0,0.11647413516534552,0.9931111111111111,0.35339549339549337,"[6, 9, 12, 16, 19, 27, 28]",7,0.2,0.14285714285714285,0.8571428571428571,592.3764624595642
13,30,300,5,0.3,1.0,597.3171886477039,adversarial,2.0,10,stability,5.973171886477039,0.01,0.07300081920458812,0.9982222222222223,0.5156818181818181,"[0, 5, 9, 11, 15, 16, 27, 28]",8,0.0,0.0,1.0,593.2768085002899
13,30,300,5,0.3,1.0,597.3171886477039,pc,2.0,10,stability,20.972951754844377,0.03511191734215131,0.08985463384518237,0.9988888888888889,0.4702380952380952,"[9, 11, 15, 16, 28]",5,0.0,0.0,1.0,556.0466108322144
13,30,300,5,0.3,1.0,597.3171886477039,ges,2.0,10,stability,11.192633550620505,0.01873817422860384,0.06971545415735554,0.998,0.5499999999999999,"[9, 16, 17, 26]",4,0.4,0.5,0.5,648.1401619911194
13,30,300,5,0.3,1.0,597.3171886477039,bootstrap_l1,2.0,10,stability,5.973171886477039,0.01,0.22188976078267264,0.9800000000000001,0.6236904761904761,"[5, 6, 9, 11, 16, 18, 28]",7,0.2,0.14285714285714285,0.8571428571428571,602.6649005413055
