seed,p,n,k_star,p_edge,noise_scale,mu_scale,q_source,K_multiplier,K,criterion,mu_star,mu_star_relative,log_loss_star,auc_star,stability_star,support,k_actual,S_recall,S_precision,C_inclusion,fit_seconds
0,30,300,5,0.4,1.0,1192.979856572029,oracle,2.0,10,stability,11.929798565720288,0.01,0.13396776006770011,0.9948888888888888,0.5297619047619048,"[3, 10, 15, 21, 29]",5,0.4,0.4,0.6,581.8145501613617
0,30,300,5,0.4,1.0,1192.979856572029,uniform,2.0,10,stability,0.0,0.0,0.16903201482149294,0.9940000000000001,0.39190337440337436,"[0, 3, 10, 16, 21, 29]",6,0.4,0.3333333333333333,0.6666666666666666,596.9142150878906
0,30,300,5,0.4,1.0,1192.979856572029,adversarial,2.0,10,stability,11.929798565720288,0.01,0.07239279843615656,0.9962222222222221,0.39016317016317015,"[0, 3, 4, 5, 8, 21, 23, 24, 26, 29]",10,0.2,0.1,0.9,610.2352838516235
0,30,300,5,0.4,1.0,1192.979856572029,pc,2.0,10,stability,78.4901083985958,0.0657933224657568,0.01622293250283726,1.0,0.6444444444444445,"[5, 6, 10, 12, 17, 22, 26, 29]",8,0.6,0.375,0.625,524.3364417552948
0,30,300,5,0.4,1.0,1192.979856572029,ges,2.0,10,stability,11.929798565720288,0.01,0.017607577764958863,0.9997777777777778,0.652958152958153,"[2, 5, 8, 10, 16, 22, 23, 26]",8,0.6,0.375,0.625,657.833419084549
0,30,300,5,0.4,1.0,1192.979856572029,bootstrap_l1,2.0,10,stability,0.0,0.0,0.13912145796170455,0.9953333333333333,0.5271428571428571,"[0, 3, 10, 16, 21, 29]",6,0.4,0.3333333333333333,0.6666666666666666,605.483372926712
