seed,p,n,k_star,p_edge,noise_scale,mu_scale,q_source,K_multiplier,K,criterion,mu_star,mu_star_relative,log_loss_star,auc_star,stability_star,support,k_actual,S_recall,S_precision,C_inclusion,fit_seconds
6,30,300,5,0.6,1.0,2503.0466627406095,oracle,2.0,10,stability,25.030466627406096,0.01,0.21771405490617246,0.9673333333333334,0.49833333333333335,"[10, 13, 15, 29]",4,0.2,0.25,0.75,565.5043389797211
6,30,300,5,0.6,1.0,2503.0466627406095,uniform,2.0,10,stability,0.0,0.0,0.06133268800855039,0.9982222222222223,0.3987301587301587,"[12, 13, 15, 25, 29]",5,0.2,0.2,0.8,620.3085343837738
6,30,300,5,0.6,1.0,2503.0466627406095,adversarial,2.0,10,stability,25.030466627406096,0.01,0.08619088922472623,0.9942222222222222,0.45099206349206344,"[12, 13, 14, 15, 20, 25]",6,0.0,0.0,1.0,620.8564562797546
6,30,300,5,0.6,1.0,2503.0466627406095,pc,2.0,10,stability,164.68375622852932,0.0657933224657568,0.0424237441845007,0.9991111111111112,0.597420634920635,"[1, 10, 13, 14, 29]",5,0.2,0.2,0.8,603.3134233951569
6,30,300,5,0.6,1.0,2503.0466627406095,ges,2.0,10,stability,25.030466627406096,0.01,0.2234073389243362,0.9622222222222222,0.5333333333333334,"[9, 14, 15, 29]",4,0.2,0.25,0.75,660.4392533302307
6,30,300,5,0.6,1.0,2503.0466627406095,bootstrap_l1,2.0,10,stability,46.90252446875893,0.01873817422860384,0.07615546564017192,0.9982222222222223,0.5419047619047619,"[10, 12, 13, 15, 29]",5,0.2,0.2,0.8,594.0919089317322
