seed,p,n,k_star,p_edge,noise_scale,mu_scale,q_source,K_multiplier,K,criterion,mu_star,mu_star_relative,log_loss_star,auc_star,stability_star,support,k_actual,S_recall,S_precision,C_inclusion,fit_seconds
1,30,300,5,0.3,1.0,550.5462465281106,oracle,2.0,10,stability,5.505462465281106,0.01,0.06659194921888897,0.9977777777777778,0.6361616161616162,"[0, 1, 5, 7, 11, 12, 13, 15, 27, 28]",10,1.0,0.5,0.4,553.2517604827881
1,30,300,5,0.3,1.0,550.5462465281106,uniform,2.0,10,stability,0.0,0.0,0.07794577717519512,0.9973333333333333,0.5518803418803419,"[0, 1, 5, 7, 11, 12, 13, 15, 27, 28]",10,1.0,0.5,0.4,564.2994201183319
1,30,300,5,0.3,1.0,550.5462465281106,adversarial,2.0,10,stability,0.0,0.0,0.06381757276043572,0.9977777777777778,0.6552447552447553,"[0, 1, 5, 7, 11, 12, 13, 15, 27, 28]",10,1.0,0.5,0.4,612.4699382781982
1,30,300,5,0.3,1.0,550.5462465281106,pc,2.0,10,stability,127.18332353738931,0.23101297000831592,0.08661604171687431,0.9964444444444445,0.6315734265734265,"[1, 7, 8, 9, 11, 13, 15, 16, 27, 28]",10,1.0,0.5,0.5,598.261786699295
1,30,300,5,0.3,1.0,550.5462465281106,ges,2.0,10,stability,5.505462465281106,0.01,0.08957061289441845,0.9968888888888889,0.7000000000000001,"[1, 7, 13, 15, 27, 28]",6,1.0,0.8333333333333334,0.16666666666666666,677.41961145401
1,30,300,5,0.3,1.0,550.5462465281106,bootstrap_l1,2.0,10,stability,836.7813417762131,1.5199110829529332,0.09405478886150605,0.9968888888888889,0.6472727272727272,"[1, 4, 5, 7, 12, 15, 22, 27, 28]",9,0.8,0.4444444444444444,0.5555555555555556,635.874463558197
