seed,p,n,k_star,p_edge,noise_scale,mu_scale,q_source,K_multiplier,K,criterion,mu_star,mu_star_relative,log_loss_star,auc_star,stability_star,support,k_actual,S_recall,S_precision,C_inclusion,fit_seconds
18,30,300,5,0.4,1.0,699.7111336602387,oracle,2.0,10,stability,0.0,0.0,0.30126706893213206,0.9662222222222223,0.38710678210678207,"[1, 8, 19, 24]",4,0.2,0.25,0.75,588.1369092464447
18,30,300,5,0.4,1.0,699.7111336602387,uniform,2.0,10,stability,0.0,0.0,0.24197087274943088,0.9035555555555556,0.29619047619047617,"[1, 8, 19, 24]",4,0.2,0.25,0.75,609.3832347393036
18,30,300,5,0.4,1.0,699.7111336602387,adversarial,2.0,10,stability,6.997111336602387,0.01,0.14657772167992017,0.9879999999999999,0.4363095238095238,"[1, 8, 24]",3,0.2,0.3333333333333333,0.6666666666666666,651.6985898017883
18,30,300,5,0.4,1.0,699.7111336602387,pc,2.0,10,stability,46.03632024978834,0.0657933224657568,0.2957922083806299,0.8951111111111111,0.6933333333333334,"[5, 8, 10, 13, 24]",5,0.6,0.6,0.4,571.9896903038025
18,30,300,5,0.4,1.0,699.7111336602387,ges,2.0,10,stability,46.03632024978834,0.0657933224657568,0.154944551281206,0.9144444444444444,0.48999999999999994,"[4, 13, 19, 24]",4,0.6,0.75,0.25,668.5395791530609
18,30,300,5,0.4,1.0,699.7111336602387,bootstrap_l1,2.0,10,stability,0.0,0.0,0.20301633637757624,0.9588888888888889,0.3904761904761904,"[1, 8, 19, 24]",4,0.2,0.25,0.75,605.9176375865936
