seed,p,n,k_star,p_edge,noise_scale,mu_scale,q_source,K_multiplier,K,criterion,mu_star,mu_star_relative,log_loss_star,auc_star,stability_star,support,k_actual,S_recall,S_precision,C_inclusion,fit_seconds
12,30,300,5,0.4,1.0,1747.9705936851497,oracle,2.0,10,stability,17.4797059368515,0.010000000000000002,0.020586426742862218,1.0,0.6921212121212121,"[0, 2, 5, 8, 9, 11, 24, 27, 29]",9,1.0,0.5555555555555556,0.4444444444444444,569.0060813426971
12,30,300,5,0.4,1.0,1747.9705936851497,uniform,2.0,10,stability,0.0,0.0,0.018757393915968763,1.0,0.625,"[0, 2, 8, 9, 16, 27]",6,0.4,0.3333333333333333,0.6666666666666666,641.0770704746246
12,30,300,5,0.4,1.0,1747.9705936851497,adversarial,2.0,10,stability,0.0,0.0,0.031489846306467686,0.9988888888888889,0.536547619047619,"[0, 2, 8, 9, 16, 27]",6,0.4,0.3333333333333333,0.6666666666666666,598.2341601848602
12,30,300,5,0.4,1.0,1747.9705936851497,pc,2.0,10,stability,0.0,0.0,0.035386048420526776,0.9991111111111112,0.7230158730158729,"[0, 2, 8, 9, 16, 27]",6,0.4,0.3333333333333333,0.6666666666666666,594.1496510505676
12,30,300,5,0.4,1.0,1747.9705936851497,ges,2.0,10,stability,17.4797059368515,0.010000000000000002,0.026243974291061744,1.0,0.5380952380952381,"[0, 5, 8, 24, 29]",5,0.8,0.8,0.2,627.623566865921
12,30,300,5,0.4,1.0,1747.9705936851497,bootstrap_l1,2.0,10,stability,756.654742641604,0.43287612810830567,0.04589120752321009,0.9997777777777778,0.8566666666666667,"[0, 2, 9, 16, 27]",5,0.2,0.2,0.8,605.7545433044434
