seed,p,n,k_star,p_edge,noise_scale,mu_scale,q_source,K_multiplier,K,criterion,mu_star,mu_star_relative,log_loss_star,auc_star,stability_star,support,k_actual,S_recall,S_precision,C_inclusion,fit_seconds
3,30,300,5,0.3,1.0,718.6937673926648,oracle,2.0,10,stability,88.60392677873813,0.12328467394420659,0.4689348740881048,0.9633333333333333,0.6425,"[3, 7, 10, 15, 19, 24, 25]",7,0.6,0.42857142857142855,0.5714285714285714,572.5911598205566
3,30,300,5,0.3,1.0,718.6937673926648,uniform,2.0,10,stability,0.0,0.0,0.13069244918149278,0.9928888888888888,0.29704184704184705,"[7, 10, 12, 15, 20]",5,0.4,0.4,0.6,646.4608433246613
3,30,300,5,0.3,1.0,718.6937673926648,adversarial,2.0,10,stability,7.186937673926648,0.01,0.4314082100889606,0.9622222222222222,0.49898268398268397,"[4, 8, 19, 24, 28]",5,0.0,0.0,1.0,615.4170167446136
3,30,300,5,0.3,1.0,718.6937673926648,pc,2.0,10,stability,7.186937673926648,0.01,0.1642979058807631,0.992,0.4197552447552447,"[2, 8, 12, 13, 15, 19, 23, 24]",8,0.2,0.125,0.875,616.4824597835541
3,30,300,5,0.3,1.0,718.6937673926648,ges,2.0,10,stability,47.2852507921952,0.0657933224657568,0.40673577352700835,0.9602222222222222,0.7428571428571429,"[3, 7, 10, 15, 21, 24]",6,0.6,0.5,0.5,603.5914685726166
3,30,300,5,0.3,1.0,718.6937673926648,bootstrap_l1,2.0,10,stability,47.2852507921952,0.0657933224657568,0.27103779183574306,0.9717777777777779,0.7297619047619046,"[0, 3, 9, 10, 19, 20, 24]",7,0.2,0.14285714285714285,0.8571428571428571,601.0295860767365
