seed,p,n,k_star,p_edge,noise_scale,mu_scale,q_source,K_multiplier,K,criterion,mu_star,mu_star_relative,log_loss_star,auc_star,stability_star,support,k_actual,S_recall,S_precision,C_inclusion,fit_seconds
13,30,300,5,0.2,1.0,314.5963029770208,oracle,2.0,10,stability,3.145963029770208,0.01,0.19644643453690672,0.9857777777777776,0.733989898989899,"[0, 3, 5, 6, 10, 13, 17, 24, 26]",9,1.0,0.5555555555555556,0.4444444444444444,497.96770882606506
13,30,300,5,0.2,1.0,314.5963029770208,uniform,2.0,10,stability,0.0,0.0,0.1747403637591327,0.9913333333333334,0.4884615384615385,"[3, 6, 10, 13, 17, 24, 26]",7,1.0,0.7142857142857143,0.2857142857142857,559.7812840938568
13,30,300,5,0.2,1.0,314.5963029770208,adversarial,2.0,10,stability,0.0,0.0,0.23103682766919093,0.9862222222222222,0.48445609945609946,"[3, 6, 10, 13, 17, 24, 26]",7,1.0,0.7142857142857143,0.2857142857142857,577.4896376132965
13,30,300,5,0.2,1.0,314.5963029770208,pc,2.0,10,stability,38.784902636574834,0.12328467394420657,0.2414157908455897,0.9875555555555554,0.4196750471750471,"[5, 6, 10, 13, 18, 22, 24, 27]",8,0.6,0.375,0.625,517.5973963737488
13,30,300,5,0.2,1.0,314.5963029770208,ges,2.0,10,stability,38.784902636574834,0.12328467394420657,0.11461024021067141,0.9948888888888888,0.8392857142857142,"[6, 10, 17, 18, 24, 26]",6,1.0,0.8333333333333334,0.16666666666666666,568.6176681518555
13,30,300,5,0.2,1.0,314.5963029770208,bootstrap_l1,2.0,10,stability,20.698336008302054,0.0657933224657568,0.241992505796028,0.9877777777777779,0.9333333333333333,"[0, 3, 6, 10, 11, 13, 18, 22, 24]",9,0.6,0.3333333333333333,0.6666666666666666,510.05053210258484
