seed,p,n,k_star,p_edge,noise_scale,mu_scale,q_source,K_multiplier,K,criterion,mu_star,mu_star_relative,log_loss_star,auc_star,stability_star,support,k_actual,S_recall,S_precision,C_inclusion,fit_seconds
3,30,300,5,0.2,1.0,89.05840694065654,oracle,2.0,10,stability,0.8905840694065654,0.01,0.11141608608502929,0.9935555555555556,0.7174825174825175,"[1, 3, 4, 5, 6, 7, 15, 16, 23, 25]",10,1.0,0.5,0.5,500.43194246292114
3,30,300,5,0.2,1.0,89.05840694065654,uniform,2.0,10,stability,0.0,0.0,0.08397318051610789,0.9955555555555555,0.6201748251748251,"[1, 4, 5, 6, 7, 15, 16, 23, 25, 28]",10,0.8,0.4,0.6,537.6036312580109
3,30,300,5,0.2,1.0,89.05840694065654,adversarial,2.0,10,stability,5.859448486133209,0.0657933224657568,0.11715545009074164,0.9911111111111112,0.7757575757575758,"[4, 5, 6, 12, 14, 18, 21, 23, 25, 27]",10,0.0,0.0,1.0,509.833544254303
3,30,300,5,0.2,1.0,89.05840694065654,pc,2.0,10,stability,0.0,0.0,0.14117722886366962,0.9893333333333334,0.6066899766899766,"[1, 4, 5, 6, 7, 15, 16, 23, 25, 28]",10,0.8,0.4,0.6,583.3266685009003
3,30,300,5,0.2,1.0,89.05840694065654,ges,2.0,10,stability,20.573647091570283,0.23101297000831592,0.05710495541843748,0.9982222222222223,0.7544444444444445,"[1, 3, 5, 15, 16, 20, 24, 25, 28]",9,0.8,0.4444444444444444,0.5555555555555556,593.5746524333954
3,30,300,5,0.2,1.0,89.05840694065654,bootstrap_l1,2.0,10,stability,5.859448486133209,0.0657933224657568,0.10500706921023921,0.9911111111111112,0.7863636363636364,"[1, 3, 4, 7, 8, 15, 16, 20, 23]",9,1.0,0.5555555555555556,0.4444444444444444,575.1311411857605
