seed,p,n,k_star,p_edge,noise_scale,mu_scale,q_source,K_multiplier,K,criterion,mu_star,mu_star_relative,log_loss_star,auc_star,stability_star,support,k_actual,S_recall,S_precision,C_inclusion,fit_seconds
1,30,300,5,0.2,0.5,64.47632590015576,oracle,2.0,10,stability,0.0,0.0,0.1067252586485794,0.9942222222222222,0.7037518037518037,"[1, 7, 12, 13, 15, 18, 27]",7,1.0,0.7142857142857143,0.2857142857142857,538.7269690036774
1,30,300,5,0.2,0.5,64.47632590015576,uniform,2.0,10,stability,0.0,0.0,0.108347306344914,0.9951111111111113,0.5565656565656566,"[1, 7, 12, 13, 15, 18, 27]",7,1.0,0.7142857142857143,0.2857142857142857,576.038768529892
1,30,300,5,0.2,0.5,64.47632590015576,adversarial,2.0,10,stability,0.0,0.0,0.08186176990804662,0.9957777777777779,0.6807142857142856,"[1, 7, 12, 13, 15, 18, 27]",7,1.0,0.7142857142857143,0.2857142857142857,537.3664855957031
1,30,300,5,0.2,0.5,64.47632590015576,pc,2.0,10,stability,97.998282323732,1.5199110829529332,0.11224513053428369,0.9928888888888888,0.753968253968254,"[1, 7, 13, 15, 26, 27]",6,1.0,0.8333333333333334,0.16666666666666666,601.109132528305
1,30,300,5,0.2,0.5,64.47632590015576,ges,2.0,10,stability,1.208168628337361,0.01873817422860384,0.08843421050360856,0.9966666666666667,0.6435858585858585,"[1, 7, 8, 11, 13, 15, 18, 26, 27]",9,1.0,0.5555555555555556,0.4444444444444444,591.6824045181274
1,30,300,5,0.2,0.5,64.47632590015576,bootstrap_l1,2.0,10,stability,4.242111701356174,0.0657933224657568,0.07095951202067283,0.9982222222222223,0.7378968253968253,"[1, 7, 13, 15, 26, 27]",6,1.0,0.8333333333333334,0.16666666666666666,580.0171718597412
