seed,p,n,k_star,p_edge,noise_scale,mu_scale,q_source,K_multiplier,K,criterion,mu_star,mu_star_relative,log_loss_star,auc_star,stability_star,support,k_actual,S_recall,S_precision,C_inclusion,fit_seconds
13,30,300,5,0.6,1.0,5852.540070828083,oracle,2.0,10,stability,58.525400708280834,0.01,0.22872482047298553,0.9784444444444444,0.3373015873015873,"[6, 10, 11, 17, 24, 27]",6,0.8,0.6666666666666666,0.3333333333333333,651.1026101112366
13,30,300,5,0.6,1.0,5852.540070828083,uniform,2.0,10,stability,0.0,0.0,0.12853296129057562,0.9944444444444445,0.21785714285714283,"[2, 11, 27]",3,0.0,0.0,1.0,661.8393898010254
13,30,300,5,0.6,1.0,5852.540070828083,adversarial,2.0,10,stability,58.525400708280834,0.01,0.04191297565929038,0.9997777777777778,0.28476190476190477,"[4, 11, 12, 27]",4,0.0,0.0,1.0,637.119087934494
13,30,300,5,0.6,1.0,5852.540070828083,pc,2.0,10,stability,58.525400708280834,0.01,0.047054173701863,0.9997777777777778,0.35,"[4, 16, 20, 24]",4,0.2,0.25,0.75,608.1526484489441
13,30,300,5,0.6,1.0,5852.540070828083,ges,2.0,10,stability,58.525400708280834,0.01,0.046781529306933495,0.9986666666666666,0.4542857142857143,"[4, 17, 24, 28]",4,0.4,0.5,0.5,693.2468316555023
13,30,300,5,0.6,1.0,5852.540070828083,bootstrap_l1,2.0,10,stability,205.493903208544,0.03511191734215131,0.08861430563039749,0.9984444444444446,0.40166666666666667,"[2, 6, 11, 27]",4,0.2,0.25,0.75,652.6968603134155
