seed,p,n,k_star,p_edge,noise_scale,mu_scale,q_source,K_multiplier,K,criterion,mu_star,mu_star_relative,log_loss_star,auc_star,stability_star,support,k_actual,S_recall,S_precision,C_inclusion,fit_seconds
4,30,300,5,0.7,1.0,7260.809554832656,oracle,2.0,10,stability,0.0,0.0,0.10552702905505291,0.992,0.36714285714285716,"[5, 13, 14, 23]",4,0.0,0.0,1.0,597.4416036605835
4,30,300,5,0.7,1.0,7260.809554832656,uniform,2.0,10,stability,0.0,0.0,0.10202351338743279,0.9957777777777779,0.35404761904761906,"[5, 13, 14, 23]",4,0.0,0.0,1.0,661.5068471431732
4,30,300,5,0.7,1.0,7260.809554832656,adversarial,2.0,10,stability,72.60809554832656,0.01,0.09657930234082748,0.9957777777777779,0.5152380952380952,"[4, 5, 13, 14, 23]",5,0.0,0.0,1.0,650.6203362941742
4,30,300,5,0.7,1.0,7260.809554832656,pc,2.0,10,stability,72.60809554832656,0.01,0.09645102866740106,0.9991111111111112,0.40166666666666667,"[5, 13, 22, 26]",4,0.0,0.0,1.0,624.4093844890594
4,30,300,5,0.7,1.0,7260.809554832656,ges,2.0,10,stability,0.0,0.0,0.07723761126419657,0.9977777777777778,0.42214285714285715,"[5, 13, 14, 23]",4,0.0,0.0,1.0,613.2661306858063
4,30,300,5,0.7,1.0,7260.809554832656,bootstrap_l1,2.0,10,stability,72.60809554832656,0.01,0.05669416898316051,0.9986666666666666,0.5933333333333333,"[1, 5, 13, 14, 26]",5,0.0,0.0,1.0,627.8787117004395
