seed,p,n,k_star,p_edge,noise_scale,mu_scale,q_source,K_multiplier,K,criterion,mu_star,mu_star_relative,log_loss_star,auc_star,stability_star,support,k_actual,S_recall,S_precision,C_inclusion,fit_seconds
17,30,300,5,0.5,1.0,3650.7073670150035,oracle,2.0,10,stability,36.507073670150035,0.01,0.1455502448559809,0.9953333333333333,0.37857142857142856,"[4, 6]",2,0.4,1.0,0.0,618.70410323143
17,30,300,5,0.5,1.0,3650.7073670150035,uniform,2.0,10,stability,0.0,0.0,0.12586443551849344,0.9931111111111111,0.23500000000000001,"[6, 7, 8]",3,0.2,0.3333333333333333,0.6666666666666666,663.480250120163
17,30,300,5,0.5,1.0,3650.7073670150035,adversarial,2.0,10,stability,0.0,0.0,0.12609141448797118,0.9913333333333334,0.28067460317460313,"[6, 7, 8]",3,0.2,0.3333333333333333,0.6666666666666666,663.5795774459839
17,30,300,5,0.5,1.0,3650.7073670150035,pc,2.0,10,stability,68.40759070077472,0.01873817422860384,0.04181015866308667,1.0,0.35202380952380946,"[1, 3, 8, 17, 28, 29]",6,0.0,0.0,1.0,535.6034779548645
17,30,300,5,0.5,1.0,3650.7073670150035,ges,2.0,10,stability,5548.750587744025,1.5199110829529332,0.0610271978302739,0.9991111111111112,0.6091666666666666,"[4, 6, 10, 22, 26, 27, 28]",7,1.0,0.7142857142857143,0.2857142857142857,678.8214061260223
17,30,300,5,0.5,1.0,3650.7073670150035,bootstrap_l1,2.0,10,stability,36.507073670150035,0.01,0.033147852447927575,0.9995555555555555,0.8285714285714285,"[1, 3, 5, 10, 27]",5,0.2,0.2,0.8,691.8401067256927
