seed,p,n,k_star,p_edge,noise_scale,mu_scale,q_source,K_multiplier,K,criterion,mu_star,mu_star_relative,log_loss_star,auc_star,stability_star,support,k_actual,S_recall,S_precision,C_inclusion,fit_seconds
3,30,300,5,0.7,1.0,17493.418158347613,oracle,2.0,10,stability,174.93418158347615,0.01,0.09733203720623178,0.9953333333333333,0.39166666666666666,"[0, 18, 24, 27]",4,0.0,0.0,1.0,659.9173262119293
3,30,300,5,0.7,1.0,17493.418158347613,uniform,2.0,10,stability,0.0,0.0,0.0523709499092207,0.9982222222222223,0.44333333333333336,"[0, 5, 6, 23, 24, 27, 29]",7,0.0,0.0,1.0,669.777994632721
3,30,300,5,0.7,1.0,17493.418158347613,adversarial,2.0,10,stability,0.0,0.0,0.08569962594408582,0.9991111111111112,0.33166666666666667,"[0, 5, 6, 23, 24, 27, 29]",7,0.0,0.0,1.0,662.749764919281
3,30,300,5,0.7,1.0,17493.418158347613,pc,2.0,10,stability,174.93418158347615,0.01,0.04439678129499246,0.9988888888888889,0.43999999999999995,"[0, 10, 13, 25, 27]",5,0.0,0.0,1.0,617.8471896648407
3,30,300,5,0.7,1.0,17493.418158347613,ges,2.0,10,stability,174.93418158347615,0.01,0.0715330399742391,0.9957777777777779,0.4083333333333334,[0],1,0.0,0.0,1.0,639.3318974971771
3,30,300,5,0.7,1.0,17493.418158347613,bootstrap_l1,2.0,10,stability,174.93418158347615,0.01,0.09721260759790769,0.9944444444444445,0.6616666666666666,"[0, 10, 25, 29]",4,0.0,0.0,1.0,580.0161752700806
