seed,p,n,k_star,p_edge,noise_scale,mu_scale,q_source,K_multiplier,K,criterion,mu_star,mu_star_relative,log_loss_star,auc_star,stability_star,support,k_actual,S_recall,S_precision,C_inclusion,fit_seconds
5,30,300,5,0.4,1.0,500.49327816584224,oracle,2.0,10,stability,5.004932781658423,0.01,0.02164935861463248,1.0,0.6944444444444444,"[2, 3, 4, 15, 20, 21, 22]",7,0.8,0.5714285714285714,0.42857142857142855,563.2156162261963
5,30,300,5,0.4,1.0,500.49327816584224,uniform,2.0,10,stability,0.0,0.0,0.02160953498376622,1.0,0.5123015873015874,"[1, 2, 3, 14, 15, 21, 22]",7,0.4,0.2857142857142857,0.7142857142857143,615.4086003303528
5,30,300,5,0.4,1.0,500.49327816584224,adversarial,2.0,10,stability,0.0,0.0,0.1919116020085659,0.9857777777777776,0.4425,"[1, 2, 3, 14, 15, 21, 22]",7,0.4,0.2857142857142857,0.7142857142857143,599.6321623325348
5,30,300,5,0.4,1.0,500.49327816584224,pc,2.0,10,stability,0.0,0.0,0.023844228059544146,1.0,0.606547619047619,"[1, 2, 3, 14, 15, 21, 22]",7,0.4,0.2857142857142857,0.7142857142857143,581.3425290584564
5,30,300,5,0.4,1.0,500.49327816584224,ges,2.0,10,stability,9.378330246516638,0.01873817422860384,0.0305253520815646,0.9995555555555555,0.7404761904761905,"[2, 4, 14, 20, 21, 22, 24]",7,0.8,0.5714285714285714,0.42857142857142855,629.7916896343231
5,30,300,5,0.4,1.0,500.49327816584224,bootstrap_l1,2.0,10,stability,17.573278613261394,0.03511191734215131,0.02460807536084974,1.0,0.7208333333333334,"[1, 2, 3, 14, 15, 20, 21]",7,0.4,0.2857142857142857,0.7142857142857143,639.6591742038727
