seed,p,n,k_star,p_edge,noise_scale,mu_scale,q_source,K_multiplier,K,criterion,mu_star,mu_star_relative,log_loss_star,auc_star,stability_star,support,k_actual,S_recall,S_precision,C_inclusion,fit_seconds
12,30,300,5,0.3,1.0,399.3702155393772,oracle,2.0,10,stability,3.9937021553937724,0.01,0.035103555745973,1.0,0.48747863247863255,"[0, 5, 8, 11, 15, 25, 26, 29]",8,1.0,0.625,0.375,554.0375113487244
12,30,300,5,0.3,1.0,399.3702155393772,uniform,2.0,10,stability,0.0,0.0,0.08102979728300509,0.9966666666666667,0.4936652236652237,"[0, 5, 8, 11, 15, 25, 26, 29]",8,1.0,0.625,0.375,571.2571437358856
12,30,300,5,0.3,1.0,399.3702155393772,adversarial,2.0,10,stability,3.9937021553937724,0.01,0.1345813884310077,0.9911111111111112,0.77,"[11, 15, 25, 26]",4,0.2,0.25,0.75,576.4622483253479
12,30,300,5,0.3,1.0,399.3702155393772,pc,2.0,10,stability,49.236226805799625,0.12328467394420657,0.07589434698159034,0.9973333333333333,0.7258333333333333,"[0, 5, 8, 11, 13, 18, 25, 26, 27, 29]",10,1.0,0.5,0.5,514.9789271354675
12,30,300,5,0.3,1.0,399.3702155393772,ges,2.0,10,stability,2131.3187222356914,5.336699231206307,0.030174475704119064,1.0,0.9200000000000002,"[0, 5, 8, 11, 13, 19, 25, 29]",8,1.0,0.625,0.375,548.2730429172516
12,30,300,5,0.3,1.0,399.3702155393772,bootstrap_l1,2.0,10,stability,26.27589337420104,0.0657933224657568,0.09701481327835762,0.9962222222222221,0.768452380952381,"[8, 11, 15, 25, 29]",5,0.6,0.6,0.4,565.8272440433502
