seed,p,n,k_star,p_edge,noise_scale,mu_scale,q_source,K_multiplier,K,criterion,mu_star,mu_star_relative,log_loss_star,auc_star,stability_star,support,k_actual,S_recall,S_precision,C_inclusion,fit_seconds
1,30,300,5,0.6,1.0,1079.1363082214955,oracle,2.0,10,stability,10.791363082214955,0.01,0.22697414877679697,0.986,0.4834271284271285,"[1, 5, 7, 13, 15, 16, 27]",7,1.0,0.7142857142857143,0.2857142857142857,608.7963862419128
1,30,300,5,0.6,1.0,1079.1363082214955,uniform,2.0,10,stability,0.0,0.0,0.1525674080371618,0.9899999999999999,0.42547619047619045,"[1, 5, 7, 13, 16, 27]",6,0.8,0.6666666666666666,0.3333333333333333,608.6091151237488
1,30,300,5,0.6,1.0,1079.1363082214955,adversarial,2.0,10,stability,10.791363082214955,0.01,2.049416506819076,0.7166666666666666,0.5199999999999999,"[5, 8, 12, 29]",4,0.0,0.0,1.0,626.5191829204559
1,30,300,5,0.6,1.0,1079.1363082214955,pc,2.0,10,stability,20.221044159866718,0.01873817422860384,0.16418344773609136,0.9895555555555555,0.6628571428571428,"[5, 13, 15, 16, 27]",5,0.6,0.6,0.4,618.8123717308044
1,30,300,5,0.6,1.0,1079.1363082214955,ges,2.0,10,stability,37.890544855187464,0.03511191734215131,0.08436859082695998,0.9959999999999999,0.7351190476190477,"[1, 7, 13, 15, 27]",5,1.0,1.0,0.0,612.3072688579559
1,30,300,5,0.6,1.0,1079.1363082214955,bootstrap_l1,2.0,10,stability,37.890544855187464,0.03511191734215131,0.19582121009983372,0.9817777777777776,0.6799999999999999,"[5, 13, 15, 16]",4,0.4,0.5,0.5,647.7323966026306
