seed,p,n,k_star,p_edge,noise_scale,mu_scale,q_source,K_multiplier,K,criterion,mu_star,mu_star_relative,log_loss_star,auc_star,stability_star,support,k_actual,S_recall,S_precision,C_inclusion,fit_seconds
6,30,300,5,0.3,1.0,265.2154104250701,oracle,2.0,10,stability,4.969652568655639,0.01873817422860384,0.03831840520959369,0.9993333333333332,0.5402380952380953,"[2, 7, 9, 19, 23, 25]",6,0.6,0.5,0.5,592.4377686977386
6,30,300,5,0.3,1.0,265.2154104250701,uniform,2.0,10,stability,0.0,0.0,0.05140442241118683,0.9975555555555555,0.3823196248196248,"[2, 7, 9, 12, 24]",5,0.2,0.2,0.8,622.3987462520599
6,30,300,5,0.3,1.0,265.2154104250701,adversarial,2.0,10,stability,0.0,0.0,0.04717472193991064,0.9982222222222221,0.34675324675324676,"[2, 7, 9, 12, 24]",5,0.2,0.2,0.8,625.2689561843872
6,30,300,5,0.3,1.0,265.2154104250701,pc,2.0,10,stability,32.69699539923369,0.12328467394420657,0.04753157007483589,0.9988888888888889,0.5032142857142857,"[2, 7, 9, 12, 24]",5,0.2,0.2,0.8,634.6702311038971
6,30,300,5,0.3,1.0,265.2154104250701,ges,2.0,10,stability,17.449403020984676,0.0657933224657568,0.04363454431875793,0.9995555555555555,0.5723809523809524,"[3, 7, 13, 19, 21]",5,0.6,0.6,0.4,662.2616052627563
6,30,300,5,0.3,1.0,265.2154104250701,bootstrap_l1,2.0,10,stability,32.69699539923369,0.12328467394420657,0.03836686963697328,0.9986666666666666,0.7388888888888889,"[2, 3, 7, 9, 10, 19, 20, 23]",8,0.6,0.375,0.625,608.9368531703949
