seed,p,n,k_star,p_edge,noise_scale,mu_scale,q_source,K_multiplier,K,criterion,mu_star,mu_star_relative,log_loss_star,auc_star,stability_star,support,k_actual,S_recall,S_precision,C_inclusion,fit_seconds
16,30,300,5,0.2,1.0,877.1761601025967,oracle,2.0,10,stability,8.771761601025966,0.01,0.07109143723580842,0.9975555555555555,0.4988492063492063,"[1, 4, 9, 18, 24]",5,0.8,0.8,0.2,640.3934533596039
16,30,300,5,0.2,1.0,877.1761601025967,uniform,2.0,10,stability,0.0,0.0,0.08076849967991251,0.9975555555555555,0.3736868686868687,"[1, 4, 9, 18, 24]",5,0.8,0.8,0.2,625.7322251796722
16,30,300,5,0.2,1.0,877.1761601025967,adversarial,2.0,10,stability,8.771761601025966,0.01,0.09141638858692243,0.9962222222222221,0.37084415584415586,"[0, 5, 8, 20, 21, 25]",6,0.0,0.0,1.0,633.1486737728119
16,30,300,5,0.2,1.0,877.1761601025967,pc,2.0,10,stability,0.0,0.0,0.0628286003502089,0.9984444444444444,0.40714285714285714,"[1, 4, 9, 18, 24]",5,0.8,0.8,0.2,595.1916136741638
16,30,300,5,0.2,1.0,877.1761601025967,ges,2.0,10,stability,16.43667971718015,0.018738174228603837,0.07406733282282754,0.9964444444444445,0.6500000000000001,"[4, 9, 14, 15, 18, 24, 26]",7,1.0,0.7142857142857143,0.14285714285714285,692.0466678142548
16,30,300,5,0.2,1.0,877.1761601025967,bootstrap_l1,2.0,10,stability,57.71233396090445,0.0657933224657568,0.06449835373339984,0.998,0.7535714285714286,"[0, 2, 3, 4, 5, 9, 24, 25]",8,0.6,0.375,0.5,656.2320125102997
