seed,p,n,k_star,p_edge,noise_scale,mu_scale,q_source,K_multiplier,K,criterion,mu_star,mu_star_relative,log_loss_star,auc_star,stability_star,support,k_actual,S_recall,S_precision,C_inclusion,fit_seconds
1,30,300,5,0.4,1.0,487.4230310417024,oracle,2.0,10,stability,0.0,0.0,0.2593817112414113,0.9802222222222221,0.7632828282828283,"[0, 1, 7, 9, 13, 15, 27]",7,1.0,0.7142857142857143,0.2857142857142857,544.237473487854
1,30,300,5,0.4,1.0,487.4230310417024,uniform,2.0,10,stability,0.0,0.0,0.2015692066016653,0.9808888888888889,0.7872222222222222,"[0, 1, 7, 9, 13, 15, 27]",7,1.0,0.7142857142857143,0.2857142857142857,556.6202552318573
1,30,300,5,0.4,1.0,487.4230310417024,adversarial,2.0,10,stability,0.0,0.0,0.1785114233572986,0.9846666666666666,0.6691919191919191,"[0, 1, 7, 9, 13, 15, 27]",7,1.0,0.7142857142857143,0.2857142857142857,584.6148991584778
1,30,300,5,0.4,1.0,487.4230310417024,pc,2.0,10,stability,112.60104205139923,0.23101297000831592,0.22453574972355012,0.9762222222222222,1.0,"[1, 5, 7, 9, 13, 15, 27, 29]",8,1.0,0.625,0.375,537.0555288791656
1,30,300,5,0.4,1.0,487.4230310417024,ges,2.0,10,stability,32.06918065856331,0.0657933224657568,0.07336244586694682,0.9966666666666667,0.85,"[1, 7, 11, 13, 15, 27, 29]",7,1.0,0.7142857142857143,0.2857142857142857,566.3393397331238
1,30,300,5,0.4,1.0,487.4230310417024,bootstrap_l1,2.0,10,stability,32.06918065856331,0.0657933224657568,0.106704887598926,0.9931111111111111,0.8625252525252526,"[1, 5, 7, 8, 9, 12, 13, 15, 18, 27]",10,1.0,0.5,0.5,552.7348680496216
