seed,p,n,k_star,p_edge,noise_scale,mu_scale,q_source,K_multiplier,K,criterion,mu_star,mu_star_relative,log_loss_star,auc_star,stability_star,support,k_actual,S_recall,S_precision,C_inclusion,fit_seconds
15,30,300,5,0.4,1.0,3555.8872139605205,oracle,2.0,10,stability,35.55887213960521,0.01,0.06422029666660414,0.9975555555555555,0.43999999999999995,"[0, 6, 10, 11, 17, 25, 28]",7,1.0,0.7142857142857143,0.2857142857142857,650.1235365867615
15,30,300,5,0.4,1.0,3555.8872139605205,uniform,2.0,10,stability,0.0,0.0,0.20458885092743978,0.9891111111111112,0.5067857142857143,"[8, 10, 12]",3,0.2,0.3333333333333333,0.6666666666666666,630.8438494205475
15,30,300,5,0.4,1.0,3555.8872139605205,adversarial,2.0,10,stability,0.0,0.0,0.36306710122765806,0.9848888888888888,0.45999999999999996,"[8, 10, 12]",3,0.2,0.3333333333333333,0.6666666666666666,665.9875557422638
15,30,300,5,0.4,1.0,3555.8872139605205,pc,2.0,10,stability,0.0,0.0,0.22759479324484602,0.9917777777777778,0.3457142857142857,"[8, 10, 12]",3,0.2,0.3333333333333333,0.6666666666666666,580.6752536296844
15,30,300,5,0.4,1.0,3555.8872139605205,ges,2.0,10,stability,35.55887213960521,0.01,0.02543434905703379,1.0,0.43285714285714294,"[4, 5, 6, 17]",4,0.4,0.5,0.5,671.1046249866486
15,30,300,5,0.4,1.0,3555.8872139605205,bootstrap_l1,2.0,10,stability,35.55887213960521,0.01,0.9795991528516884,0.9297777777777776,0.5766666666666667,"[8, 11, 12]",3,0.0,0.0,1.0,658.3337640762329
