seed,p,n,k_star,p_edge,noise_scale,mu_scale,q_source,K_multiplier,K,criterion,mu_star,mu_star_relative,log_loss_star,auc_star,stability_star,support,k_actual,S_recall,S_precision,C_inclusion,fit_seconds
6,30,300,5,0.4,1.0,2442.23862855307,oracle,2.0,10,stability,24.422386285530703,0.01,0.20007060614155764,0.9728888888888889,0.5392857142857143,"[3, 21, 24, 29]",4,0.4,0.5,0.5,630.7667117118835
6,30,300,5,0.4,1.0,2442.23862855307,uniform,2.0,10,stability,0.0,0.0,0.11667420357296387,0.9897777777777778,0.41261904761904766,"[2, 3, 24, 29]",4,0.2,0.25,0.75,649.912074804306
6,30,300,5,0.4,1.0,2442.23862855307,adversarial,2.0,10,stability,24.422386285530703,0.01,0.05770126357380543,0.998,0.4916666666666666,"[2, 3, 10, 16, 24]",5,0.0,0.0,1.0,666.480405330658
6,30,300,5,0.4,1.0,2442.23862855307,pc,2.0,10,stability,45.76309292965393,0.01873817422860384,0.10068163196170916,0.9975555555555555,0.4913095238095238,"[1, 3, 8, 29]",4,0.2,0.25,0.75,626.3533704280853
6,30,300,5,0.4,1.0,2442.23862855307,ges,2.0,10,stability,24.422386285530703,0.01,0.02819987721067028,0.9993333333333332,0.46416666666666667,"[3, 7, 16, 23, 29]",5,0.6,0.6,0.4,626.2089021205902
6,30,300,5,0.4,1.0,2442.23862855307,bootstrap_l1,2.0,10,stability,85.75168085556437,0.03511191734215131,0.04958537402851451,0.9986666666666668,0.7023809523809523,"[7, 9, 10, 15, 16, 29]",6,0.4,0.3333333333333333,0.6666666666666666,649.7563230991364
