seed,p,n,k_star,p_edge,noise_scale,mu_scale,q_source,K_multiplier,K,criterion,mu_star,mu_star_relative,log_loss_star,auc_star,stability_star,support,k_actual,S_recall,S_precision,C_inclusion,fit_seconds
8,30,300,5,0.3,1.0,904.1605950246252,oracle,2.0,10,stability,16.942318760209545,0.01873817422860384,0.05861622893474115,0.9982222222222223,0.4147619047619048,"[5, 6, 9, 17, 19, 23]",6,0.4,0.3333333333333333,0.6666666666666666,594.1683831214905
8,30,300,5,0.3,1.0,904.1605950246252,uniform,2.0,10,stability,0.0,0.0,0.014337484764857583,0.9997777777777778,0.5634920634920635,"[3, 5, 6, 9, 15, 17, 23]",7,0.4,0.2857142857142857,0.7142857142857143,627.9287877082825
8,30,300,5,0.3,1.0,904.1605950246252,adversarial,2.0,10,stability,9.041605950246252,0.01,0.0779791307013467,0.9966666666666667,0.39469336219336215,"[3, 9, 10, 15, 17, 23]",6,0.0,0.0,1.0,601.5067229270935
8,30,300,5,0.3,1.0,904.1605950246252,pc,2.0,10,stability,0.0,0.0,0.048661506408495224,0.9986666666666666,0.531962481962482,"[3, 5, 6, 9, 15, 17, 23]",7,0.4,0.2857142857142857,0.7142857142857143,565.8053548336029
8,30,300,5,0.3,1.0,904.1605950246252,ges,2.0,10,stability,9.041605950246252,0.01,0.03861991527602863,0.9977777777777778,0.5815476190476191,"[2, 3, 5, 6, 23, 25, 27]",7,0.6,0.42857142857142855,0.5714285714285714,656.5304458141327
8,30,300,5,0.3,1.0,904.1605950246252,bootstrap_l1,2.0,10,stability,16.942318760209545,0.01873817422860384,0.04679999027206416,0.9986666666666666,0.7124999999999999,"[3, 6, 9, 15, 16, 17, 23]",7,0.2,0.14285714285714285,0.8571428571428571,525.1502902507782
