seed,p,n,k_star,p_edge,noise_scale,mu_scale,q_source,K_multiplier,K,criterion,mu_star,mu_star_relative,log_loss_star,auc_star,stability_star,support,k_actual,S_recall,S_precision,C_inclusion,fit_seconds
6,30,300,5,0.5,1.0,5131.745399054464,oracle,2.0,10,stability,0.0,0.0,0.01612234429594061,0.9997777777777778,0.5392857142857143,"[2, 3, 9, 11, 16, 23]",6,0.2,0.16666666666666666,0.8333333333333334,661.5662457942963
6,30,300,5,0.5,1.0,5131.745399054464,uniform,2.0,10,stability,0.0,0.0,0.015722867255902474,0.9995555555555555,0.5157142857142857,"[2, 3, 9, 11, 16, 23]",6,0.2,0.16666666666666666,0.8333333333333334,655.3641278743744
6,30,300,5,0.5,1.0,5131.745399054464,adversarial,2.0,10,stability,51.317453990544635,0.01,0.023899705033392733,0.9997777777777778,0.5904761904761905,"[1, 2, 3, 9, 11, 16]",6,0.0,0.0,1.0,670.3745353221893
6,30,300,5,0.5,1.0,5131.745399054464,pc,2.0,10,stability,51.317453990544635,0.01,0.026110141174386696,1.0,0.5983333333333334,"[2, 9, 11, 12, 23]",5,0.2,0.2,0.8,643.3290803432465
6,30,300,5,0.5,1.0,5131.745399054464,ges,2.0,10,stability,51.317453990544635,0.01,0.6121999008098651,0.7304444444444445,0.6,"[3, 19]",2,0.2,0.5,0.5,632.9794344902039
6,30,300,5,0.5,1.0,5131.745399054464,bootstrap_l1,2.0,10,stability,96.15953938431868,0.01873817422860384,0.0366721695119482,0.9988888888888889,0.5083333333333333,"[9, 23]",2,0.2,0.5,0.5,673.8887732028961
