seed,p,n,k_star,p_edge,noise_scale,mu_scale,q_source,K_multiplier,K,criterion,mu_star,mu_star_relative,log_loss_star,auc_star,stability_star,support,k_actual,S_recall,S_precision,C_inclusion,fit_seconds
0,30,300,5,0.2,0.5,132.46054399366363,oracle,2.0,10,stability,2.4820687517689133,0.01873817422860384,0.08954917702972855,0.9960000000000001,0.5679215229215229,"[2, 5, 7, 8, 9, 10, 11, 12, 17, 21]",10,0.8,0.4,0.6,594.9355638027191
0,30,300,5,0.2,0.5,132.46054399366363,uniform,2.0,10,stability,0.0,0.0,0.09293774429679244,0.9962222222222221,0.5255594405594406,"[2, 5, 7, 8, 9, 10, 11, 12, 17, 18]",10,0.6,0.3,0.7,578.5590476989746
0,30,300,5,0.2,0.5,132.46054399366363,adversarial,2.0,10,stability,0.0,0.0,0.1045293808684383,0.9966666666666667,0.6577272727272728,"[2, 5, 7, 8, 9, 10, 11, 12, 17, 18]",10,0.6,0.3,0.7,544.8355624675751
0,30,300,5,0.2,0.5,132.46054399366363,pc,2.0,10,stability,377.25238044647216,2.848035868435799,0.11768775622091485,0.9951111111111111,0.5906643356643355,"[2, 7, 8, 10, 17, 18, 20, 22, 27, 28]",10,0.8,0.4,0.6,576.1651899814606
0,30,300,5,0.2,0.5,132.46054399366363,ges,2.0,10,stability,107.44283109643425,0.8111308307896868,0.05174275858703246,0.9986666666666666,0.6583333333333333,"[2, 8, 9, 10, 17, 18, 19, 22]",8,0.8,0.5,0.5,596.9052629470825
0,30,300,5,0.2,0.5,132.46054399366363,bootstrap_l1,2.0,10,stability,30.60010367689343,0.23101297000831592,0.06510279421016357,0.9973333333333333,0.7708333333333333,"[2, 7, 8, 10, 11, 17, 25]",7,0.6,0.42857142857142855,0.5714285714285714,551.1560580730438
