seed,p,n,k_star,p_edge,noise_scale,mu_scale,q_source,K_multiplier,K,criterion,mu_star,mu_star_relative,log_loss_star,auc_star,stability_star,support,k_actual,S_recall,S_precision,C_inclusion,fit_seconds
0,30,300,5,0.7,1.0,5340.510515648499,oracle,2.0,10,stability,0.0,0.0,0.21595670823677326,0.9866666666666667,0.7699999999999999,"[0, 15, 18, 21]",4,0.2,0.25,0.75,627.0070750713348
0,30,300,5,0.7,1.0,5340.510515648499,uniform,2.0,10,stability,0.0,0.0,0.19840596297019938,0.9842222222222222,0.7166666666666667,"[0, 15, 18, 21]",4,0.2,0.25,0.75,639.9460687637329
0,30,300,5,0.7,1.0,5340.510515648499,adversarial,2.0,10,stability,53.405105156484986,0.01,0.1767991343426642,0.9891111111111112,0.8099999999999999,"[0, 15, 18]",3,0.0,0.0,1.0,657.1586558818817
0,30,300,5,0.7,1.0,5340.510515648499,pc,2.0,10,stability,187.51556379033994,0.03511191734215131,0.23887139677895983,0.9800000000000001,0.9,"[0, 15, 18, 21]",4,0.2,0.25,0.75,652.4185976982117
0,30,300,5,0.7,1.0,5340.510515648499,ges,2.0,10,stability,53.405105156484986,0.01,1.7270231147189314,0.3084444444444444,1.0,"[15, 21]",2,0.2,0.5,0.5,593.0538082122803
0,30,300,5,0.7,1.0,5340.510515648499,bootstrap_l1,2.0,10,stability,187.51556379033994,0.03511191734215131,0.14083907911354646,0.9917777777777778,0.78,"[0, 15, 18, 21]",4,0.2,0.25,0.75,652.4177992343903
