seed,p,n,k_star,p_edge,noise_scale,mu_scale,q_source,K_multiplier,K,criterion,mu_star,mu_star_relative,log_loss_star,auc_star,stability_star,support,k_actual,S_recall,S_precision,C_inclusion,fit_seconds
10,30,300,5,0.4,1.0,254.75682969960008,oracle,2.0,10,stability,2.5475682969960007,0.01,0.05786904302991214,0.9986666666666666,0.4856327006327006,"[3, 8, 11, 12, 16, 17, 28]",7,0.6,0.42857142857142855,0.5714285714285714,559.0409321784973
10,30,300,5,0.4,1.0,254.75682969960008,uniform,2.0,10,stability,0.0,0.0,0.07891299332329801,0.9962222222222223,0.4444733044733045,"[1, 11, 15, 16, 17, 23]",6,0.0,0.0,1.0,597.2785241603851
10,30,300,5,0.4,1.0,254.75682969960008,adversarial,2.0,10,stability,2.5475682969960007,0.01,0.07346377156109174,0.9966666666666667,0.6266666666666667,"[1, 8, 11, 15, 16, 17]",6,0.0,0.0,1.0,596.4439256191254
10,30,300,5,0.4,1.0,254.75682969960008,pc,2.0,10,stability,110.2781500495099,0.4328761281083057,0.22109087176898812,0.9922222222222222,0.5732142857142857,"[1, 8, 11, 16, 17]",5,0.0,0.0,1.0,572.0452966690063
10,30,300,5,0.4,1.0,254.75682969960008,ges,2.0,10,stability,16.761298246779674,0.0657933224657568,0.060750051438872646,0.9986666666666666,0.8266666666666668,"[1, 8, 16, 17, 23, 28]",6,0.2,0.16666666666666666,0.8333333333333334,660.0456993579865
10,30,300,5,0.4,1.0,254.75682969960008,bootstrap_l1,2.0,10,stability,58.852131858807354,0.23101297000831592,0.2430112618072716,0.9913333333333334,0.5447619047619047,"[8, 16, 17, 28]",4,0.2,0.25,0.75,601.4685769081116
