seed,p,n,k_star,p_edge,noise_scale,mu_scale,q_source,K_multiplier,K,criterion,mu_star,mu_star_relative,log_loss_star,auc_star,stability_star,support,k_actual,S_recall,S_precision,C_inclusion,fit_seconds
13,30,300,5,0.1,1.0,46.23969914320284,oracle,2.0,10,stability,0.0,0.0,0.08648868661064003,0.9948888888888888,0.6713286713286714,"[4, 6, 9, 10, 16, 17, 18, 24, 26]",9,1.0,0.5555555555555556,0.3333333333333333,477.95690059661865
13,30,300,5,0.1,1.0,46.23969914320284,uniform,2.0,10,stability,0.0,0.0,0.12647395563308747,0.992,0.629055944055944,"[4, 6, 9, 10, 16, 17, 18, 24, 26]",9,1.0,0.5555555555555556,0.3333333333333333,487.3782699108124
13,30,300,5,0.1,1.0,46.23969914320284,adversarial,2.0,10,stability,5.700646232147971,0.12328467394420659,0.2057767181722901,0.9806666666666667,0.7272727272727273,"[0, 4, 9, 10, 11, 14, 21, 24, 27, 28]",10,0.4,0.2,0.8,534.8130218982697
13,30,300,5,0.1,1.0,46.23969914320284,pc,2.0,10,stability,462.3969914320284,10.0,0.12358915393307328,0.9935555555555556,0.8133333333333332,"[4, 6, 9, 10, 16, 17, 18, 23, 24, 26]",10,1.0,0.5,0.4,464.3375926017761
13,30,300,5,0.1,1.0,46.23969914320284,ges,2.0,10,stability,131.69232170552178,2.848035868435799,0.09559720742684095,0.9955555555555555,0.725,"[6, 9, 10, 17, 24, 26]",6,1.0,0.8333333333333334,0.16666666666666666,520.940192937851
13,30,300,5,0.1,1.0,46.23969914320284,bootstrap_l1,2.0,10,stability,5.700646232147971,0.12328467394420659,0.08246689742544144,0.9960000000000001,0.8215151515151515,"[4, 6, 9, 10, 16, 17, 18, 24, 26]",9,1.0,0.5555555555555556,0.3333333333333333,533.1230239868164
