seed,p,n,k_star,p_edge,noise_scale,mu_scale,q_source,K_multiplier,K,criterion,mu_star,mu_star_relative,log_loss_star,auc_star,stability_star,support,k_actual,S_recall,S_precision,C_inclusion,fit_seconds
2,30,300,5,0.1,1.0,16.970189960507216,oracle,2.0,10,stability,1.1165251803768,0.0657933224657568,0.26849858814673827,0.9640000000000001,0.5654001554001555,"[2, 7, 8, 10, 14, 26, 28, 29]",8,1.0,0.625,0.125,458.5037319660187
2,30,300,5,0.1,1.0,16.970189960507216,uniform,2.0,10,stability,0.0,0.0,0.31916870909683653,0.9640000000000001,0.5828535353535353,"[2, 7, 8, 10, 14, 26, 28, 29]",8,1.0,0.625,0.125,460.83346009254456
2,30,300,5,0.1,1.0,16.970189960507216,adversarial,2.0,10,stability,13.765044281325022,0.8111308307896868,0.3013264593196044,0.9555555555555555,0.7877777777777777,"[2, 4, 6, 7, 9, 14, 17, 27, 29]",9,0.6,0.3333333333333333,0.6666666666666666,485.2898952960968
2,30,300,5,0.1,1.0,16.970189960507216,pc,2.0,10,stability,0.0,0.0,0.3221728569482969,0.9608888888888888,0.6205988455988456,"[2, 7, 8, 10, 14, 26, 28, 29]",8,1.0,0.625,0.125,444.2986035346985
2,30,300,5,0.1,1.0,16.970189960507216,ges,2.0,10,stability,48.33170970169365,2.848035868435799,0.24809268422587238,0.969111111111111,0.7306060606060605,"[0, 2, 7, 8, 10, 13, 14, 26, 29]",9,1.0,0.5555555555555556,0.1111111111111111,469.38078117370605
2,30,300,5,0.1,1.0,16.970189960507216,bootstrap_l1,2.0,10,stability,13.765044281325022,0.8111308307896868,0.24092495357606497,0.971111111111111,0.6792929292929294,"[0, 2, 7, 8, 10, 13, 14, 26, 29]",9,1.0,0.5555555555555556,0.1111111111111111,487.69185638427734
