seed,p,n,k_star,p_edge,noise_scale,mu_scale,q_source,K_multiplier,K,criterion,mu_star,mu_star_relative,log_loss_star,auc_star,stability_star,support,k_actual,S_recall,S_precision,C_inclusion,fit_seconds
14,30,300,5,0.6,1.0,35465.396444025784,oracle,2.0,10,stability,354.6539644402578,0.01,0.08655405522667733,0.9955555555555555,0.4647619047619047,"[4, 7, 10, 11, 12, 16]",6,0.6,0.5,0.5,599.7511441707611
14,30,300,5,0.6,1.0,35465.396444025784,uniform,2.0,10,stability,0.0,0.0,0.09733627215767882,0.9957777777777779,0.2702813852813853,"[7, 10, 11, 13, 16]",5,0.2,0.2,0.8,665.7290642261505
14,30,300,5,0.6,1.0,35465.396444025784,adversarial,2.0,10,stability,354.6539644402578,0.01,0.07374443483181954,0.9960000000000001,0.49948412698412703,"[7, 10, 11, 13, 19]",5,0.0,0.0,1.0,646.496000289917
14,30,300,5,0.6,1.0,35465.396444025784,pc,2.0,10,stability,0.0,0.0,0.05023219012311447,0.9993333333333332,0.6516666666666666,"[7, 10, 11, 13, 16]",5,0.2,0.2,0.8,646.3929352760315
14,30,300,5,0.6,1.0,35465.396444025784,ges,2.0,10,stability,354.6539644402578,0.01,0.19555773030271542,0.982,0.5595238095238095,"[7, 10, 11, 12, 22]",5,0.2,0.2,0.8,637.9555764198303
14,30,300,5,0.6,1.0,35465.396444025784,bootstrap_l1,2.0,10,stability,4372.339836903742,0.12328467394420659,0.03388326548452496,0.9991111111111112,0.8666666666666668,"[7, 10, 11, 12, 19, 22]",6,0.2,0.16666666666666666,0.8333333333333334,686.074898481369
