seed,p,n,k_star,p_edge,noise_scale,mu_scale,q_source,K_multiplier,K,criterion,mu_star,mu_star_relative,log_loss_star,auc_star,stability_star,support,k_actual,S_recall,S_precision,C_inclusion,fit_seconds
4,30,300,5,0.2,0.5,51.67564690252266,oracle,2.0,10,stability,0.5167564690252265,0.009999999999999998,0.1005659322583817,0.9960000000000001,0.5872727272727273,"[5, 7, 8, 9, 13, 20, 27, 29]",8,1.0,0.625,0.25,509.68062019348145
4,30,300,5,0.2,0.5,51.67564690252266,uniform,2.0,10,stability,0.0,0.0,0.080566684483238,0.9966666666666667,0.5167249417249417,"[5, 7, 8, 9, 13, 20, 27, 29]",8,1.0,0.625,0.25,562.7368886470795
4,30,300,5,0.2,0.5,51.67564690252266,adversarial,2.0,10,stability,6.3708152792334545,0.12328467394420657,0.2584581204292412,0.966,0.6398484848484849,"[1, 3, 5, 12, 13, 14, 23, 24]",8,0.0,0.0,1.0,514.5936679840088
4,30,300,5,0.2,0.5,51.67564690252266,pc,2.0,10,stability,147.17409590300784,2.848035868435799,0.09610271740455804,0.9948888888888889,0.621919191919192,"[5, 7, 8, 20, 22, 27, 29]",7,1.0,0.7142857142857143,0.2857142857142857,544.562492609024
4,30,300,5,0.2,0.5,51.67564690252266,ges,2.0,10,stability,22.36915394865597,0.4328761281083057,0.09563793865710522,0.9937777777777779,0.701060606060606,"[5, 7, 8, 13, 20, 23, 27, 29]",8,1.0,0.625,0.375,515.2578496932983
4,30,300,5,0.2,0.5,51.67564690252266,bootstrap_l1,2.0,10,stability,0.9683072750352819,0.01873817422860384,0.11967925739498333,0.9931111111111111,0.678088578088578,"[5, 7, 8, 9, 13, 14, 16, 20, 29]",9,0.8,0.4444444444444444,0.4444444444444444,579.5534021854401
