seed,p,n,k_star,p_edge,noise_scale,mu_scale,q_source,K_multiplier,K,criterion,mu_star,mu_star_relative,log_loss_star,auc_star,stability_star,support,k_actual,S_recall,S_precision,C_inclusion,fit_seconds
0,30,300,5,0.2,2.0,529.8421759746545,oracle,2.0,10,stability,5.298421759746545,0.01,0.09066972447005313,0.9966666666666667,0.6036363636363637,"[2, 5, 7, 8, 10, 12, 17, 18]",8,0.6,0.375,0.625,582.5830886363983
0,30,300,5,0.2,2.0,529.8421759746545,uniform,2.0,10,stability,0.0,0.0,0.10101829863449982,0.9964444444444445,0.4835447885447886,"[2, 5, 7, 8, 9, 10, 11, 17, 18]",9,0.6,0.3333333333333333,0.6666666666666666,586.3386623859406
0,30,300,5,0.2,2.0,529.8421759746545,adversarial,2.0,10,stability,0.0,0.0,0.07392058319691122,0.9975555555555555,0.6640909090909092,"[2, 5, 7, 8, 9, 10, 11, 17, 18]",9,0.6,0.3333333333333333,0.6666666666666666,543.1925122737885
0,30,300,5,0.2,2.0,529.8421759746545,pc,2.0,10,stability,429.771324385737,0.8111308307896868,0.09824739696398233,0.9948888888888889,0.5998989898989899,"[2, 7, 8, 10, 17, 18, 20, 22, 27, 28]",10,0.8,0.4,0.6,570.1877710819244
0,30,300,5,0.2,2.0,529.8421759746545,ges,2.0,10,stability,34.8600771398587,0.0657933224657568,0.061270301425755236,0.9966666666666667,0.6375,"[1, 2, 10, 17, 18, 22]",6,0.8,0.6666666666666666,0.3333333333333333,585.0051820278168
0,30,300,5,0.2,2.0,529.8421759746545,bootstrap_l1,2.0,10,stability,1509.0095217858886,2.848035868435799,0.06994321597680495,0.9973333333333333,0.7766666666666666,"[2, 7, 8, 10, 11, 12, 17, 25]",8,0.6,0.375,0.625,552.6007981300354
