rep,arm,mu_rel,auc_source,auc_target,gap
0,vanilla,0.0,0.7989921612541994,0.5780839551653043,0.22090820608889505
0,causal,1.0,0.7985473726072988,0.5747506567173551,0.22379671588994365
0,causal,4.0,0.7866950633693002,0.5580109051710603,0.22868415819823984
0,causal,16.0,0.7877520905066404,0.544876558068466,0.2428755324381744
1,vanilla,0.0,0.7788255910657005,0.5751009860995604,0.2037246049661401
1,causal,1.0,0.7829293889350917,0.5793087402479109,0.20362064868718077
1,causal,4.0,0.8049186170844719,0.6227129618628965,0.1822056552215754
1,causal,16.0,0.7725931646271436,0.580813631143321,0.1917795334838226
