rep,arm,mu_rel,auc_source,auc_target,gap
0,vanilla,0.0,0.8075268704670804,0.5597429644901676,0.2477839059769128
0,causal,1.0,0.8086990193718538,0.5617314313821938,0.24696758798966
0,causal,4.0,0.792890707580245,0.5417525719249406,0.2511381356553044
0,causal,16.0,0.7897719542443302,0.5314020784711828,0.2583698757731474
1,vanilla,0.0,0.7947952556334403,0.5349986139162806,0.25979664171715977
1,causal,1.0,0.7706625480179004,0.4852580095837789,0.28540453843412145
1,causal,4.0,0.7751425686111442,0.48775791057779894,0.28738465803334523
1,causal,16.0,0.7609005583937271,0.48833214526157376,0.2725684131321533
