source,target,count,n_eligible,frequency
fgd1_Lys270Met,pepq_Ala87Gly,1,1,1.0
mmpl5_Asp767Asn,fgd1_Lys270Met,1,1,1.0
mmpl5_Thr794Ile,fgd1_Phe320Phe,78,100,0.78
rv1979c_C*135G,fgd1_G*357C,57,95,0.6
mmpl5_Asp767Asn,mmpl5_Thr794Ile,59,100,0.59
rv1979c_C*135G,dlm_mic,52,95,0.5473684210526316
rv0678_G*128C,fgd1_G*357C,50,100,0.5
fgd1_G*357C,rv0678_G*128C,47,100,0.47
mmpl5_Asp767Asn,rv0678_G*128C,46,100,0.46
fgd1_G*357C,mmpl5_Thr794Ile,40,100,0.4
mmpl5_Asp767Asn,dlm_mic,38,100,0.38
fgd1_G*357C,rv1979c_C*135G,29,95,0.30526315789473685
rv0678_G*128C,dlm_mic,30,100,0.3
mmpl5_Thr794Ile,mmpl5_Asp767Asn,29,100,0.29
rv0678_G*128C,rv1979c_C*135G,27,95,0.28421052631578947
rv0678_G*128C,mmpl5_Asp767Asn,28,100,0.28
pepq_Ala87Gly,dlm_mic,27,100,0.27
mmpl5_Thr794Ile,fgd1_G*357C,25,100,0.25
mmpl5_Asp767Asn,fgd1_Phe320Phe,25,100,0.25
mmpl5_Thr794Ile,rv1979c_C*135G,19,95,0.2
mmpl5_Asp767Asn,fgd1_G*357C,19,100,0.19
fgd1_G*357C,pepq_Ala87Gly,19,100,0.19
rv1979c_C*135G,mmpl5_Thr794Ile,18,95,0.18947368421052632
fgd1_G*357C,fgd1_Phe320Phe,18,100,0.18
fgd1_G*357C,dlm_mic,17,100,0.17
mmpl5_Thr794Ile,rv0678_G*128C,17,100,0.17
rv1979c_C*135G,rv0678_G*128C,15,95,0.15789473684210525
mmpl5_Thr794Ile,dlm_mic,14,100,0.14
fgd1_Phe320Phe,mmpl5_Thr794Ile,12,100,0.12
fgd1_G*357C,mmpl5_Asp767Asn,12,100,0.12
fgd1_Phe320Phe,mmpl5_Asp767Asn,12,100,0.12
fgd1_Phe320Phe,rv1979c_C*135G,9,95,0.09473684210526316
fgd1_Phe320Phe,fgd1_G*357C,9,100,0.09
mmpl5_Asp767Asn,rv1979c_C*135G,7,95,0.07368421052631578
rv0678_G*128C,pepq_Ala87Gly,7,100,0.07
rv1979c_C*135G,mmpl5_Asp767Asn,6,95,0.06315789473684211
fgd1_Phe320Phe,dlm_mic,6,100,0.06
fgd1_Phe320Phe,rv0678_G*128C,5,100,0.05
rv1979c_C*135G,pepq_Ala87Gly,4,95,0.042105263157894736
mmpl5_Thr794Ile,pepq_Ala87Gly,4,100,0.04
rv1979c_C*135G,fgd1_Phe320Phe,3,95,0.031578947368421054
mmpl5_Asp767Asn,pepq_Ala87Gly,3,100,0.03
pepq_Ala87Gly,mmpl5_Thr794Ile,3,100,0.03
pepq_Ala87Gly,rv0678_G*128C,1,100,0.01
fgd1_Phe320Phe,pepq_Ala87Gly,1,100,0.01
rv0678_G*128C,mmpl5_Thr794Ile,1,100,0.01
rv0678_G*128C,fgd1_Phe320Phe,1,100,0.01
pepq_Ala87Gly,fgd1_G*357C,1,100,0.01
