,auc,auc,brier,brier,ece,ece,nfeat,nfeat
,mean,std,mean,std,mean,std,mean,std
arm,,,,,,,,
vanilla,0.7754636752136752,0.005580829160233342,0.192351038036329,0.002421198623615576,0.020221665956882295,0.006306415364116484,10.0,0.0
causal,0.7755771062271062,0.005456538813866,0.19220909897570768,0.002427052649695806,0.01940257787491306,0.005542884138355711,10.0,0.0
