n,mu_nonzero_frac,auc_vanilla,stab_vanilla,nog_vanilla,auc_causal,stab_causal,nog_causal,auc_cfs_iamb,stab_cfs_iamb,nog_cfs_iamb,auc_cfs_hiton_mb,stab_cfs_hiton_mb,nog_cfs_hiton_mb,auc_cfs_cg,stab_cfs_cg,nog_cfs_cg,auc_delta,stab_delta
150,0.95,0.6883667580435724,0.2368529727654707,0.21698923554971827,0.7019186905849726,0.44946091919776127,0.5223617756512495,0.7311874669359881,0.3587907268170426,0.4502397573084793,0.7314048958784205,0.3372556390977443,0.42664886875160535,0.5702111447762868,0.23728070175438595,0.3180947355858317,0.013551932541400191,0.21260794643229056
300,1.0,0.7269251831545874,0.27104480443876733,0.2781807892164432,0.7348471761329936,0.5416981118296909,0.6193938490954918,0.7468137193606823,0.4573517126148705,0.5516776412075157,0.7475090334888344,0.3792898913951545,0.4890169454694646,0.5883558569390339,0.24842105263157888,0.2848101000824831,0.007921992978406123,0.2706533073909235
600,1.0,0.7499666394139053,0.38908232118758435,0.43998259241581783,0.7508414209910386,0.5504747299484142,0.6075679394564845,0.7589390820628737,0.5160359231411863,0.6211624395674785,0.7585959377354559,0.4533521303258145,0.5575896262395117,0.6107342855768768,0.3076315789473684,0.41226860254083464,0.0008747815771332768,0.16139240876082983
1200,0.85,0.7626753715192612,0.44670381519065716,0.5118845500848898,0.7598133025537439,0.4298694945405472,0.48749178095894596,0.7647315282386702,0.5838220551378446,0.6908115710603049,0.7636870260824956,0.5188011695906432,0.6169399618338652,0.6404781096202247,0.41008771929824556,0.5206239455707056,-0.002862068965517328,-0.01683432065010998
