dataset,n,p_orig,p_bin,t_discovery,t_cfs_select,t_fit,t_mu_cv,mu_star_rel,t_vanilla,t_ours,t_ours_notune,t_cfs_hard,auc_vanilla,auc_ours,auc_cfs_hard
fico,10459,46,100,4.182099500001641,0.0927170000213664,16.53489129198715,540.5189656669972,0.03727593720314941,12.470250749989646,561.235956458986,20.716990791988792,16.627608292008517,0.7845838420838421,0.7845838420838421,0.6186727716727717
heart,270,22,38,0.13876941698254086,0.004048000002512708,1.952746083989041,65.79046004099655,100.0,1.1818775410065427,67.88197554196813,2.091515500971582,1.9567940839915536,0.8956790123456789,0.8959876543209876,0.8552469135802468
mammographic,831,11,14,0.11564995799562894,0.0042243750067427754,1.031442582985619,42.09189416700974,0.517947467923121,0.9601157500001136,43.23898670799099,1.147092540981248,1.0356669579923619,0.8458901915561535,0.8460183227625088,0.8025498110064706
ilpd,583,11,37,0.12652025002171285,0.004825834010262042,1.939029874978587,83.55880429100944,0.0372759372031494,1.5511887920147274,85.62435441600974,2.0655501250003,1.943855708988849,0.67232,0.6771999999999999,0.7135199999999999
german,1000,61,74,0.5484356670058332,0.021927791996859014,1.691672999993898,77.64564037500531,7.196856730011514,1.8245281660056207,79.88574904200505,2.240108666999731,1.713600791990757,0.7423809523809524,0.7370105820105819,0.7204761904761905
