dataset,n,p_orig,p_bin,t_discovery,t_cfs_select,t_fit,t_mu_cv,mu_star_rel,t_vanilla,t_ours_fast,t_ours_full,t_cfs_hard,auc_vanilla,auc_ours_fast,auc_ours_full,auc_cfs_hard
fico,10459,46,100,10.79244687499886,0.15858324999862816,30.143386000003375,1158.4510764590013,0.02682695795279726,28.53859879099764,40.935832875002234,1199.3869093340036,30.301969250002003,0.7845838420838421,0.7813738298738298,0.7845838420838421,0.6186727716727717
heart,270,22,38,0.2691699589995551,0.00839412499772152,3.493252416999894,133.40392375000374,10.0,2.6575831660011318,3.7624223759994493,137.1663461260032,3.5016465419976157,0.8956790123456789,0.9089506172839507,0.9111111111111111,0.8552469135802468
mammographic,831,11,14,0.2396939999962342,0.008680207996803802,2.3191837500053225,92.12498729199433,0.01,2.1446802920036134,2.5588777500015567,94.68386504199589,2.3278639580021263,0.8458901915561535,0.8460183227625088,0.84598628996092,0.8025498110064706
ilpd,583,11,37,0.25425229200482136,0.007155874998716172,4.212570499999856,180.44590116699692,0.01,3.3938410420014407,4.4668227920046775,184.9127239590016,4.219726374998572,0.67232,0.7135199999999999,0.67232,0.7135199999999999
german,1000,61,74,1.0537490829956369,0.03386558300553588,3.915898750004999,169.49854383300408,3.727593720314938,3.9778178750057123,4.969647833000636,174.4681916660047,3.9497643330105348,0.7423809523809524,0.7274338624338625,0.7370105820105819,0.7204761904761905
