corruption,S_precision,S_prec_sem,recall,auc,auc_sem,mu_rel
0.0,0.5125,0.11250000000000002,0.9,0.9941333333333333,0.001066666666666688,0.01
0.25,0.625,0.0,1.0,0.9970666666666665,0.000666666666666621,1.7783
0.5,0.5902777777777778,0.03472222222222221,1.0,0.9968666666666667,0.0018000000000000238,5.1581
0.75,0.5625,0.0625,0.9,0.9959333333333333,0.0019333333333332314,5.005
1.0,0.4857142857142857,0.08571428571428569,0.8,0.9933333333333334,0.0009333333333334248,0.005
