source,target,count,n_eligible,frequency
lineage_2,mmpl5_Asp767Asn,100,100,1.0
lineage_2,fgd1_Lys270Met,1,1,1.0
lineage_2,rv0678_G*128C,94,100,0.94
lineage_4,fgd1_Phe320Phe,92,100,0.92
lineage_4,mmpl5_Thr794Ile,91,100,0.91
rv0678_G*128C,fgd1_G*357C,81,100,0.81
lineage_2,dlm_mic,55,100,0.55
rv1979c_C*135G,fgd1_G*357C,48,95,0.5052631578947369
type_beyond_MDR,pepq_Ala87Gly,24,52,0.46153846153846156
rv1979c_C*135G,dlm_mic,42,95,0.4421052631578947
lineage_4,rv1979c_C*135G,39,95,0.4105263157894737
lineage_4,fgd1_G*357C,38,100,0.38
rv0678_G*128C,rv1979c_C*135G,36,95,0.37894736842105264
pepq_Ala87Gly,dlm_mic,36,100,0.36
lineage_2,rv1979c_C*135G,28,95,0.29473684210526313
fgd1_G*357C,rv1979c_C*135G,20,95,0.21052631578947367
rv1979c_C*135G,rv0678_G*128C,19,95,0.2
fgd1_G*357C,rv0678_G*128C,19,100,0.19
fgd1_G*357C,mmpl5_Thr794Ile,19,100,0.19
fgd1_G*357C,fgd1_Phe320Phe,19,100,0.19
lineage_2,pepq_Ala87Gly,18,100,0.18
rv0678_G*128C,dlm_mic,16,100,0.16
lineage_2,fgd1_G*357C,11,100,0.11
lineage_2,mmpl5_Thr794Ile,10,100,0.1
mmpl5_Asp767Asn,dlm_mic,8,100,0.08
lineage_4,dlm_mic,7,100,0.07
lineage_2,fgd1_Phe320Phe,7,100,0.07
fgd1_G*357C,dlm_mic,6,100,0.06
fgd1_G*357C,pepq_Ala87Gly,6,100,0.06
rv1979c_C*135G,fgd1_Phe320Phe,3,95,0.031578947368421054
rv1979c_C*135G,mmpl5_Thr794Ile,3,95,0.031578947368421054
lineage_4,rv0678_G*128C,3,100,0.03
mmpl5_Asp767Asn,fgd1_G*357C,2,100,0.02
mmpl5_Thr794Ile,fgd1_Phe320Phe,2,100,0.02
lineage_4,mmpl5_Asp767Asn,2,100,0.02
lineage_2,mmpl5_Ile948Val,2,100,0.02
type_beyond_MDR,fgd1_G*357C,1,52,0.019230769230769232
mmpl5_Thr794Ile,rv1979c_C*135G,1,95,0.010526315789473684
mmpl5_Asp767Asn,rv0678_G*128C,1,100,0.01
mmpl5_Thr794Ile,dlm_mic,1,100,0.01
mmpl5_Thr794Ile,fgd1_G*357C,1,100,0.01
rv0678_G*128C,pepq_Ala87Gly,1,100,0.01
