n,auc_van,auc_cau,stab_van,stab_cau,mu_nonzero_frac,auc_delta,stab_delta
150,0.6897275258233273,0.7040530947915165,0.23849963062147936,0.4080671973529116,0.9333333333333333,0.01432556896818915,0.16956756673143222
300,0.7302379326375863,0.7335151680319765,0.25575258852569777,0.4991338819910248,1.0,0.0032772353943901766,0.24338129346532705
600,0.7524473727803695,0.7514024484735783,0.4084792984792985,0.5235695785695785,1.0,-0.0010449243067912617,0.11509028009028005
1200,0.7630108423240728,0.7593089127216959,0.44051682444539586,0.43286664393807256,0.8666666666666667,-0.003701929602376919,-0.007650180507323301
