mu_rel,r_l,mean_eta,map_stable,S_star_recov,violations
0.0,0.01167954366498869,13.412594241952272,0.65,0.0,0
0.05,8.776832163870726,13.412594241952272,1.0,1.0,0
0.5,89.42770158320076,13.412594241952272,1.0,1.0,0
5.0,895.9363957765006,13.412594241952272,1.0,1.0,0
