seed,p,n,k_star,p_edge,K,q_name,mu_rel,mu,k_exact,k_beam,beam_match,jaccard,obj_gap,exact_is_Sstar,beam_recovers_Sstar,S_exact,S_beam
0,12,300,5,0.2,3,vanilla,0.0,0.0,3,3,1,1.0,0.0,0,0,"[1, 6, 9]","[1, 6, 9]"
0,12,300,5,0.2,3,oracle@0.5,0.5,39.19297585120323,3,3,1,1.0,0.0,0,0,"[1, 6, 9]","[1, 6, 9]"
0,12,300,5,0.2,3,ges@0.5,0.5,39.19297585120323,3,3,1,1.0,0.0,0,0,"[1, 6, 9]","[1, 6, 9]"
0,12,300,5,0.2,3,oracle@2.0,2.0,156.77190340481292,3,3,1,1.0,0.0,0,0,"[1, 6, 9]","[1, 6, 9]"
0,12,300,5,0.2,3,ges@2.0,2.0,156.77190340481292,3,3,0,0.5,0.6901942264919398,0,0,"[2, 6, 9]","[1, 6, 9]"
