auc_vanilla,auc_causal,auc_iamb_soft,auc_cfs_iamb,auc_cfs_hiton_mb,auc_cfs_cg
0.7192289071642699,0.7290790169768672,0.729360521970535,0.7356030074223697,0.7380714663588707,0.5454643389602271
0.6991744016415781,0.7000907356642461,0.7456573526347008,0.7384289584635855,0.7328501579057054,0.7217060228602574
0.7446547716378911,0.7512573141602141,0.7554119174722264,0.7509405408871576,0.7440600201991054,0.6043594799531894
0.75053207008769,0.7540037512624441,0.7540563330608058,0.7429394507767036,0.7528283556966286,0.5189525321021496
0.7552185831770308,0.7550771894387533,0.7667019349460555,0.7671213068500617,0.7636723897465493,0.7445505699033329
0.7587909392584042,0.7630574392022957,0.7611369210792093,0.7492784430657753,0.7538219593132304,0.622478718799596
0.7585607335802114,0.7608894018820437,0.76530434922009,0.7604578463906123,0.756847977684798,0.6085586495455201
0.7671184212635663,0.7462860898699883,0.7702944901328973,0.76983568188012,0.76983568188012,0.7541060292726719
