n,mu_nonzero_frac,auc_vanilla,stab_vanilla,nog_vanilla,auc_causal,stab_causal,nog_causal,auc_cfs_iamb,stab_cfs_iamb,nog_cfs_iamb,auc_cfs_hiton_mb,stab_cfs_hiton_mb,nog_cfs_hiton_mb,auc_cfs_cg,stab_cfs_cg,nog_cfs_cg,auc_delta,stab_delta
150,0.95,0.6883667580435724,0.2368529727654707,0.21698923554971794,0.7019186905849726,0.44946091919776127,0.5223617756512495,0.7311874669359881,0.3587907268170426,0.4502397573084793,0.7314048958784205,0.3372556390977443,0.42664886875160535,0.5702111447762868,0.23728070175438595,0.3180947355858317,0.013551932541400191,0.21260794643229056
300,1.0,0.7269251831545874,0.27104480443876733,0.27818078921644296,0.7348471761329936,0.5416981118296909,0.619393849095492,0.7468137193606823,0.4573517126148705,0.5516776412075157,0.7475090334888344,0.3792898913951545,0.4890169454694646,0.5883558569390339,0.24842105263157888,0.2848101000824831,0.007921992978406123,0.2706533073909235
